Script started on 2026-08-25 20:32:07+08:00 [COMMAND="env CROSS_CC=/home/huhu/tgoskits-very_special/.deps/task123/aarch64-linux-musl-cross/bin/aarch64-linux-musl-gcc CROSS_CXX=/home/huhu/tgoskits-very_special/.deps/task123/aarch64-linux-musl-cross/bin/aarch64-linux-musl-g++ CROSS_AR=/home/huhu/tgoskits-very_special/.deps/task123/aarch64-linux-musl-cross/bin/aarch64-linux-musl-ar timeout 220 cargo xtask axvisor qemu --config /home/huhu/tgoskits-very_special/results/task1/qemu-20260825/native-vs-virtual-rerun-6000-01/board-qemu-aarch64-rr.toml --qemu-config /home/huhu/tgoskits-very_special/results/task1/qemu-20260825/native-vs-virtual-rerun-6000-01/virtual-qemu.toml --vmconfigs /home/huhu/tgoskits-very_special/results/task1/qemu-20260825/native-vs-virtual-rerun-6000-01/virtual-zephyr.toml" <not executed on terminal>]
    Finished `dev` profile [unoptimized + debuginfo] target(s) in 0.21s
     Running `target/debug/tg-xtask axvisor qemu --config /home/huhu/tgoskits-very_special/results/task1/qemu-20260825/native-vs-virtual-rerun-6000-01/board-qemu-aarch64-rr.toml --qemu-config /home/huhu/tgoskits-very_special/results/task1/qemu-20260825/native-vs-virtual-rerun-6000-01/virtual-qemu.toml --vmconfigs /home/huhu/tgoskits-very_special/results/task1/qemu-20260825/native-vs-virtual-rerun-6000-01/virtual-zephyr.toml`
[2026-08-25T12:32:07Z INFO  axbuild::context] Workspace root: /home/huhu/tgoskits-very_special
[2026-08-25T12:32:08Z INFO  axbuild::context] Workspace member dir for axvisor: /home/huhu/tgoskits-very_special/os/axvisor
Using build config: /home/huhu/tgoskits-very_special/results/task1/qemu-20260825/native-vs-virtual-rerun-6000-01/board-qemu-aarch64-rr.toml
syncing image registry from https://raw.githubusercontent.com/rcore-os/tgosimages/refs/heads/main/registry/default.toml...
file already exists and passed checksum verification
image archive verified at /tmp/tgosimages/rootfs-aarch64-alpine.img.tar.xz
image archive is unchanged; keeping rootfs at /home/huhu/tgoskits-very_special/tmp/axbuild/rootfs/rootfs-aarch64-alpine.img
[2026-08-25T12:32:11Z INFO  ostool::run::qemu] Using QEMU config file: /home/huhu/tgoskits-very_special/results/task1/qemu-20260825/native-vs-virtual-rerun-6000-01/virtual-qemu.toml
[axbuild] qemu build+run package=axvisor target=scripts/targets/std/pie/aarch64-unknown-linux-musl.json config=/home/huhu/tgoskits-very_special/results/task1/qemu-20260825/native-vs-virtual-rerun-6000-01/board-qemu-aarch64-rr.toml ...
sh -c /home/huhu/tgoskits-very_special/tmp/axbuild/std/prebuild/prebuild-aarch64-unknown-linux-musl-deb0b7d687cbc974.sh
AR_aarch64_unknown_linux_musl=aarch64-linux-musl-ar
AXVISOR_VM_CONFIGS=/home/huhu/tgoskits-very_special/results/task1/qemu-20260825/native-vs-virtual-rerun-6000-01/virtual-zephyr.toml
AX_ARCH=aarch64
AX_LOG=info
AX_TARGET=aarch64-unknown-none-softfloat
CARGO_UNSTABLE_JSON_TARGET_SPEC=true
CC_aarch64_unknown_linux_musl=aarch64-linux-musl-cc
CFLAGS_aarch64_unknown_linux_musl=-mgeneral-regs-only -fno-stack-protector
CXXFLAGS_aarch64_unknown_linux_musl=-mgeneral-regs-only -fno-stack-protector
cargo build --config /home/huhu/tgoskits-very_special/tmp/axbuild/std/config-aarch64-unknown-linux-musl-dynamic.toml -p axvisor --target scripts/targets/std/pie/aarch64-unknown-linux-musl.json -Z unstable-options --target-dir /home/huhu/tgoskits-very_special/target --features rr-scheduler,timer-latency-stats,log/release_max_level_info -Z json-target-spec --bin axvisor --release --message-format json-render-diagnostics
   Compiling axvisor v0.6.0 (/home/huhu/tgoskits-very_special/os/axvisor)
   Compiling ax-task v0.6.8 (/home/huhu/tgoskits-very_special/os/arceos/modules/axtask)
warning: unused import: `crate::sync::RawState`
  --> os/arceos/modules/axtask/src/run_queue.rs:17:5
   |
17 | use crate::sync::RawState;
   |     ^^^^^^^^^^^^^^^^^^^^^
   |
   = note: `#[warn(unused_imports)]` (part of `#[warn(unused)]`) on by default

   Compiling ax-runtime v0.11.0 (/home/huhu/tgoskits-very_special/os/arceos/modules/axruntime)
warning: `ax-task` (lib) generated 1 warning (run `cargo fix --lib -p ax-task` to apply 1 suggestion)
   Compiling ax-api v0.7.8 (/home/huhu/tgoskits-very_special/os/arceos/api/arceos_api)
   Compiling ax-posix-api v0.5.33 (/home/huhu/tgoskits-very_special/os/arceos/api/arceos_posix_api)
   Compiling ax-std v0.5.32 (/home/huhu/tgoskits-very_special/os/arceos/ulib/axstd)
   Compiling axvm v0.6.0 (/home/huhu/tgoskits-very_special/virtualization/axvm)
warning: function `lr_blocked` is never used
  --> virtualization/axvm/src/irq/model.rs:50:15
   |
50 | pub(crate) fn lr_blocked(slots: &[(u64, u64)], vector: usize) -> bool {
   |               ^^^^^^^^^^
   |
   = note: `#[warn(dead_code)]` (part of `#[warn(unused)]`) on by default

warning: function `lr_slot_occupied` is never used
  --> virtualization/axvm/src/irq/model.rs:66:15
   |
66 | pub(crate) fn lr_slot_occupied(state: u32) -> bool {
   |               ^^^^^^^^^^^^^^^^

warning: function `with_vm` is never used
  --> virtualization/axvm/src/manager.rs:73:15
   |
73 | pub(crate) fn with_vm<F, R>(vm_id: VMId, f: F) -> Option<R>
   |               ^^^^^^^

warning: function `active_vcpu_mask` is never used
  --> virtualization/axvm/src/manager.rs:82:15
   |
82 | pub(crate) fn active_vcpu_mask(vm_id: VMId) -> Option<usize> {
   |               ^^^^^^^^^^^^^^^^

warning: function `inject_interrupt` is never used
  --> virtualization/axvm/src/manager.rs:94:15
   |
94 | pub(crate) fn inject_interrupt(vm_id: VMId, vcpu_id: usize, vector: usize) -> AxVmResult {
   |               ^^^^^^^^^^^^^^^^

warning: variant `Generic` is never constructed
  --> virtualization/axvm/src/runtime/hvc.rs:26:5
   |
25 | pub(crate) enum HyperCallAbi {
   |                 ------------ variant in this enum
26 |     Generic,
   |     ^^^^^^^
   |
   = note: `HyperCallAbi` has derived impls for the traits `Debug` and `Clone`, but these are intentionally ignored during dead code analysis

warning: function `cancel_timer` is never used
   --> virtualization/axvm/src/timer.rs:413:15
    |
413 | pub(crate) fn cancel_timer(token: usize) {
    |               ^^^^^^^^^^^^

warning: function `timer_token_owner` is never used
   --> virtualization/axvm/src/timer.rs:552:10
    |
552 | const fn timer_token_owner(token: usize) -> usize {
    |          ^^^^^^^^^^^^^^^^^

warning: associated items `with_planned_device_graph`, `handle_nested_page_fault`, and `debug_nested_page_fault` are never used
    --> virtualization/axvm/src/vm/mod.rs:1714:19
     |
1459 | impl AxVM {
     | --------- associated items in this implementation
...
1714 |     pub(crate) fn with_planned_device_graph<F, R>(&self, f: F) -> AxVmResult<R>
     |                   ^^^^^^^^^^^^^^^^^^^^^^^^^
...
2033 |     pub(crate) fn handle_nested_page_fault(
     |                   ^^^^^^^^^^^^^^^^^^^^^^^^
...
2048 |     fn debug_nested_page_fault(
     |        ^^^^^^^^^^^^^^^^^^^^^^^

warning: struct `SimpleVmPlan` is never constructed
  --> virtualization/axvm/src/vm/prepare/device_plan/mod.rs:65:19
   |
65 | pub(crate) struct SimpleVmPlan(VmDevicePlan);
   |                   ^^^^^^^^^^^^

warning: associated function `new` is never used
  --> virtualization/axvm/src/vm/prepare/device_plan/mod.rs:68:25
   |
67 | impl SimpleVmPlan {
   | ----------------- associated function in this implementation
68 |     pub(crate) const fn new(devices: VmDevicePlan) -> Self {
   |                         ^^^

warning: `axvm` (lib) generated 11 warnings
warning: function `submit_host_transaction` is never used
   --> os/axvisor/src/guest_console/host.rs:157:15
    |
157 | pub(crate) fn submit_host_transaction(transaction: impl FnOnce(&mut dyn FnMut(&[u8]))) {
    |               ^^^^^^^^^^^^^^^^^^^^^^^
    |
    = note: `#[warn(dead_code)]` (part of `#[warn(unused)]`) on by default

warning: associated functions `create_vm_from_toml`, `start_vm`, and `pause_vm` are never used
  --> os/axvisor/src/manager.rs:64:12
   |
24 | impl AxvmManager {
   | ---------------- associated functions in this implementation
...
64 |     pub fn create_vm_from_toml(raw_cfg: &str) -> Result<VMId> {
   |            ^^^^^^^^^^^^^^^^^^^
...
69 |     pub fn start_vm(vm_id: VMId) -> Result<()> {
   |            ^^^^^^^^
...
79 |     pub fn pause_vm(vm_id: VMId) -> Result<()> {
   |            ^^^^^^^^

warning: function `can_start_vm` is never used
  --> os/axvisor/src/shell/command/vm.rs:31:4
   |
31 | fn can_start_vm(status: VmStatus) -> Result<(), &'static str> {
   |    ^^^^^^^^^^^^

warning: function `start_single_vm` is never used
   --> os/axvisor/src/shell/command/vm.rs:242:4
    |
242 | fn start_single_vm(vm: axvm::AxVMRef) -> anyhow::Result<()> {
    |    ^^^^^^^^^^^^^^^

warning: function `start_vm_by_id` is never used
   --> os/axvisor/src/shell/command/vm.rs:253:4
    |
253 | fn start_vm_by_id(vm_id: usize, attach_console: bool) {
    |    ^^^^^^^^^^^^^^

warning: `axvisor` (bin "axvisor") generated 5 warnings
    Finished `release` profile [optimized] target(s) in 7.84s
warning: the following packages contain code that will be rejected by a future version of Rust: core v0.0.0 (/home/huhu/.rustup/toolchains/nightly-2026-07-15-x86_64-unknown-linux-gnu/lib/rustlib/src/rust/library/core), memchr v2.8.3
note: to see what the problems were, use the option `--future-incompat-report`, or run `cargo report future-incompatibilities --id 1`
Converting ELF to BIN format...
  elf: /home/huhu/tgoskits-very_special/target/aarch64-unknown-linux-musl/release/axvisor
  bin: /home/huhu/tgoskits-very_special/target/aarch64-unknown-linux-musl/release/axvisor.bin
/home/huhu/.rustup/toolchains/nightly-2026-07-15-x86_64-unknown-linux-gnu/lib/rustlib/x86_64-unknown-linux-gnu/bin/llvm-objcopy --strip-all -O binary /home/huhu/tgoskits-very_special/target/aarch64-unknown-linux-musl/release/axvisor /home/huhu/tgoskits-very_special/target/aarch64-unknown-linux-musl/release/axvisor.bin
qemu-system-aarch64 -nographic -cpu cortex-a72 -machine virt,virtualization=on,gic-version=3 -smp 2 -m 2g -append dedicated_cpus=1 -kernel /home/huhu/tgoskits-very_special/target/aarch64-unknown-linux-musl/release/axvisor.bin
[?1000h[?1002h[?1003h[?1015h[?1006hBoot entropy source: FDT /chosen/rng-seed
dedicated_cpus=1
VM Load @PA:0x40200000
VM Load Offset: 0xffff0000c0200000
Memory Map:
  Free   0x00000040000000 - 0x00000040200000 (2 MiB)
  KImg   0x00000040200000 - 0x00000040800000 (6 MiB)
  Free   0x00000040800000 - 0x000000c0000000 (1.99 GiB)
Initialize RAM allocator: 0x40800000..0xc0000000
Reserving CPU-local areas
CPU-local area stride: 0x45000 bytes
Total CPU-local allocation: 0x8a000 bytes (2 CPUs)
Flushed RAM used range to memory map: 0x40800000..0x40900000, current: 0x40900000
Flushed RAM used range to memory map: 0x40900000..0x4098a000, current: 0x4098a000
CPU-local areas allocated at 0x40900000 - 0x4098a000
EL: 2
Mapping early memory regions...
Ram                 : [0x0000000040000000, 0x00000000c0000000) -> [0x0000000040000000, 0x00000000c0000000) (2 GiB)
KImage              : [0x0000ffff80000000, 0x0000ffff80600000) -> [0x0000000040200000, 0x0000000040800000) (6 MiB)
PerCpu              : [0x0000ff0040900000, 0x0000ff004098a000) -> [0x0000000040900000, 0x000000004098a000) (552 KiB)
Debug serial        : [0x0000000009000000, 0x0000000009001000) -> [0x0000000009000000, 0x0000000009001000) (4 KiB)
Boot page table at physical address: PA:0x4098a000
Setting up table registers...
MMU Entry point at physical address: 0x403fb270
Trap vector at 0xffff801fc800
Memory Map:
  MMIO   0x00000009000000 - 0x00000009001000 (4 KiB)
  Free   0x00000040000000 - 0x00000040200000 (2 MiB)
  KImg   0x00000040200000 - 0x00000040800000 (6 MiB)
  Rsv    0x00000040800000 - 0x00000040900000 (1 MiB)
  PerCPU 0x00000040900000 - 0x0000004098a000 (552 KiB)
  Rsv    0x0000004098a000 - 0x00000040993000 (36 KiB)
  Free   0x00000040993000 - 0x000000c0000000 (1.99 GiB)
Jumping to main entry point at 0xffff801dd030 with SP 0x0000ff0040945000

       d8888                            .d88888b.   .d8888b.
      d88888                           d88P" "Y88b d88P  Y88b
     d88P888                           888     888 Y88b.
    d88P 888 888d888  .d8888b  .d88b.  888     888  "Y888b.
   d88P  888 888P"   d88P"    d8P  Y8b 888     888     "Y88b.
  d88P   888 888     888      88888888 888     888       "888
 d8888888888 888     Y88b.    Y8b.     Y88b. .d88P Y88b  d88P
d88P     888 888      "Y8888P  "Y8888   "Y88888P"   "Y8888P"

arch = aarch64
platform = linux,dummy-virt
target = aarch64-unknown-none-softfloat
build_mode = 
log_level = info
backtrace = false
smp = 2

[37max_runtime:254] [32mLogging is enabled.[m
[m[37max_runtime:255] [32mPrimary CPU 0 started, arg = 0x40800000.[m
[m[37max_runtime:257] [32mFound physcial memory regions:[m
[m[37max_runtime:259] [32m  [PA:0x9000000, PA:0x9001000) mmio (READ | WRITE | DEVICE | RESERVED)[m
[m[37max_runtime:259] [32m  [PA:0x40000000, PA:0x40200000) free memory (READ | WRITE | FREE)[m
[m[37max_runtime:259] [32m  [PA:0x40200000, PA:0x40800000) reserved (READ | WRITE | EXECUTE | RESERVED)[m
[m[37max_runtime:259] [32m  [PA:0x40800000, PA:0x40900000) reserved (READ | WRITE | EXECUTE | RESERVED)[m
[m[37max_runtime:259] [32m  [PA:0x40900000, PA:0x4098a000) reserved (READ | WRITE | EXECUTE | RESERVED)[m
[m[37max_runtime:259] [32m  [PA:0x4098a000, PA:0x40993000) reserved (READ | WRITE | EXECUTE | RESERVED)[m
[m[37max_runtime:259] [32m  [PA:0x40993000, PA:0xc0000000) free memory (READ | WRITE | FREE)[m
[m[37max_runtime:419] [32mInitialize global memory allocator...[m
[m[37max_runtime:420] [32m  use buddy-slab-allocator allocator.[m
[m[37max_alloc::buddy_slab:158] [32mInitialize global memory allocator, start_vaddr: 0x40993000, size: 0x7f66d000[m
[m[37max_alloc::buddy_slab:424] [32mglobal allocator initialized[m
[m[37max_alloc::buddy_slab:168] [32mAdd memory region, start_vaddr: 0x40000000, size: 0x200000[m
[m[37mbuddy_slab_allocator::global:151] [32mGlobalAllocator: skip region 0x40000000+0x200000, no allocator-visible memory after 2097152 alignment[m
[m[37max_runtime:294] [32mkernel aspace: [VA:0x0, VA:0xffffffffffffffff)[m
[m[37max_mm:107] [32mInitialize virtual memory management...[m
[m[37max_runtime:306] [32mInitialize platform devices...[m
[m[37msomeboot::arch::power:23] [32mPower management method : SMC[m
[m[37msomehal::driver:5] [32mInitializing rdrive with FDT at 0x40800000[m
[m[37msomehal::arch::gic::v3:274] [32mGICv3 CPU 0 EOI mode: two_step=true[m
[m[37max_runtime:602] [32mDedicated (no-tick) host CPUs: 0b10[m
[m[37max_task::api:249] [32mInitialize scheduling...[m
[m[37max_task::api:257] [32m  use Round-robin scheduler.[m
[m[37max_runtime:337] [32mInitialize interrupt handlers...[m
[m[37max_runtime::devices:2] [32mProbe platform devices...[m
[m[37max_driver::serial::pl011:22] [32mProbing PL011 serial device: pl011@9000000[m
[m[37max_driver::serial::pl011:38] [32mPL011 serial@0x9000000 registered successfully[m
[m[37max_runtime::serial:895] [32mserial runtime PL011 UART ready: cpu=0, irq=Some(Source(FdtInterrupt(FdtIrqSpec { controller: 44, cells: [0, 1, 4] }))), polling=false[m
[m
       d8888            888     888  d8b
      d88888            888     888  Y8P
     d88P888            888     888
    d88P 888  888  888  Y88b   d88P  888  .d8888b    .d88b.   888d888
   d88P  888  `Y8bd8P'   Y88b d88P   888  88K       d88""88b  888P"
  d88P   888    X88K      Y88o88P    888  "Y8888b.  888  888  888
 d8888888888  .d8""8b.     Y888P     888       X88  Y88..88P  888
d88P     888  888  888      Y8P      888   88888P'   "Y88P"   888

by AxVisor Team

[  0.149332 0:2 [37max_runtime:359] [32mruntime console active: serial0, ttyS0[m
[m
[  0.152351 1 [37msomehal::arch::gic::v3:274] [32mGICv3 CPU 1 EOI mode: two_step=true[m
[m
[  0.152734 0:2 [37max_runtime:399] [32mPrimary CPU 0 init OK.[m
[m
[  0.152716 1 [37max_runtime::mp:84] [32mSecondary CPU 1 started.[m
[m
[  0.158255 0:2 [37maxvisor:127] [32mRT partition host CPU mask established: 0b10[m
[m
[  0.154395 1:5 [37max_runtime::mp:123] [32mSecondary CPU 1 init OK.[m
[m
[  0.158295 0:2 [37maxvisor:130] [32mStarting virtualization...[m
[m
[  0.170984 1:10 [37maxvm::host::arceos:348] [32mCore 1 is initializing hardware virtualization support...[m
[m
[  0.158376 0:2 [37maxvm::host::arceos:330] [32mEnabling hardware virtualization support on all cores...[m
[m
[  0.171027 1:10 [37maxvm::timer:519] [32mInitializing AxVM timer wheel...[m
[m
[  0.158451 0:2 [37maxvm::host::arceos:336] [32mCore 0 is initializing hardware virtualization support...[m
[m
[  0.158512 0:2 [37maxvm::timer:519] [32mInitializing AxVM timer wheel...[m
[m
[  0.171311 1:10 [37maxvm::host::arceos:352] [32mHardware virtualization support enabled on core 1 (2/2)[m
[m
[  0.169595 0:2 [37maxvm::host::arceos:338] [32mHardware virtualization support enabled on core 0[m
[m
[  0.170269 0:2 [37maxvm::host::arceos:365] [32mWaiting for all cores to enable hardware virtualization...[m
[m
[  0.173347 0:2 [37maxvm::host::arceos:376] [32mAll cores have enabled hardware virtualization support.[m
[m
[  0.173473 0:2 [37maxvisor::config:91] [32mUsing static VM configs.[m
[m
[  0.192316 0:2 [37maxvm::boot::fdt::core:79] [32mVM[1] virtual GIC follows host firmware resources: GuestGicProfile { compatible: "arm,gic-v3", node_path: "/intc@8000000", node_phandle: Some(32771), distributor: GuestMmioRegion { base: 134217728, length: 65536 }, cpu_region: Redistributors(GuestGicRedistributorProfile { regions: [GuestMmioRegion { base: 134873088, length: 16121856 }], stride: 131072 }), its: [GuestItsProfile { id: ItsId(0), node_path: "/intc@8000000/its@8080000", node_phandle: Some(32772), registers: GuestMmioRegion { base: 134742016, length: 131072 } }] }[m
[m
[  0.194645 0:2 [37maxvm::boot::fdt::core:93] [32mVM[1] architectural timer follows host firmware PPIs[m
[m
[  0.205355 0:2 [37maxvm::boot::fdt::core::parser:597] [32mCPU node: /cpus/cpu@0, node_id: 0x0, hardware_cpu_id: 0x0[m
[m
[  0.205476 0:2 [37maxvm::boot::fdt::core::parser:597] [32mCPU node: /cpus/cpu@1, node_id: 0x1, hardware_cpu_id: 0x1[m
[m
[  0.205715 0:2 [37maxvm::boot::fdt::core::parser:604] [32mFound 2 host CPU nodes[m
[m
[  0.205960 0:2 [37maxvm::boot::fdt::core:144] [32mVM[1] DTB not found, generating from the VM configuration[m
[m
[  0.231349 0:2 [37maxvm::boot::fdt::core::device:107] [32mFound excluded devices: ["/intc@8000000", "/pl011@9000000", "/timer", "/intc@8000000/its@8080000"][m
[m
[  0.232540 0:2 [37maxvm::boot::fdt::core::parser:58] [32mVM[1] generated-FDT passthrough paths: [][m
[m
[  0.234073 0:2 [37maxvm::boot::fdt::core::parser:90] [32mVM[1] host-FDT PCI node path=/pcie@10000000 name=pcie@10000000 compatible=["pci-host-ecam-generic"] reg=[(275146342400, Some(268435456))] properties=[("compatible", 22), ("reg", 16), ("ranges", 84), ("interrupt-map", 640), ("interrupt-map-mask", 16), ("msi-map", 16), ("bus-range", 8)][m
[m
[  0.244964 0:2 [37maxvm::boot::fdt::core::parser:102] [32mVM[1] generated guest-FDT bytes=1100[m
[m
[  0.246237 0:2 [37maxvm::boot::fdt::core::parser:113] [32mVM[1] generated guest-FDT PCI paths: [][m
[m
[  0.255825 0:2 [37maxvm::boot::fdt::core::device:107] [32mFound excluded devices: ["/intc@8000000", "/pl011@9000000", "/timer", "/intc@8000000/its@8080000"][m
[m
[  0.257076 0:2 [37maxvisor::config:309] [32mCreating VM[1] "task1-virtual-zephyr-only"[m
[m
[  0.280481 0:2 [37maxvm::vm:1484] [32mVM created: id=1[m
[m
[  1.441162 1:12 [37maxvm::runtime::vcpus:1121] [32mVM[1] VCpu[0] waiting for running[m
[m
[  1.411723 0:2 [37maxvisor::config:321] [32mVM[1] created success, loading images...[m
[m
[  1.441760 1:12 [37maxvm::runtime::vcpus:1159] [32mVM[1] VCpu[0] running on CPU1...[m
[m
[  1.429954 0:2 [37maxdevice::device:993] [32mDeviceRuntime: registered device id=0[m
[m
[  1.430257 0:2 [37maxdevice::device:993] [32mDeviceRuntime: registered device id=1[m
[m
[  1.430361 0:2 [37maxdevice::device:993] [32mDeviceRuntime: registered device id=2[m
[m
[  1.432257 0:2 [37maxdevice::device:993] [32mDeviceRuntime: registered device id=3[m
[m
[  1.435624 0:2 [37maxvm::vm::prepare:86] [32mVM setup: id=1[m
[m
[  1.436204 0:2 [37maxvm::runtime:73] [32mInitializing VMM...[m
[m
[  1.436333 0:2 [37maxvm::runtime:84] [32mVMM starting, booting VMs...[m
[m
[  1.436654 0:2 [37maxvm::vm:1777] [32mStarting VM[1][m
[m
[  1.436890 0:2 [37maxvm::runtime::vcpus:1047] [32mSpawning task for VM[1] VCpu[0][m
[m
[  1.437404 0:2 [37maxvm::runtime::vcpus:1066] [32mVCpu task Task(12, "VM[1]-VCpu[0]") created priority=90 cpumask: [1, ][m
[m
[  1.441206 0:2 [37maxvm::runtime:92] [32mVM[1] boot success[m
[m
[  1.442195 0:2 [37maxvisor:172] [32m[OK] Default guest initialized[m
[m
[  1.442243 0:2 [37maxvisor:177] [32mshell task on CPU0[m
[m
*** Booting Zephyr OS build dccb09599635bdff17633fa7e9dab014b91dce90 ***
sequence,timestamp_ns,deadline_ns,actual_ns,jitter_ns
0,11995616,98008336,100003952,1995616
1,20878224,108008336,108886560,878224
2,31059056,118008336,119067392,1059056
3,40831248,128008336,128839584,831248
4,50823008,138008336,138831344,823008
5,60879008,148008336,148887344,879008
6,70943392,158008336,158951728,943392
7,80946432,168008336,168954768,946432
8,91006464,178008336,179014800,1006464
9,100981888,188008336,188990224,981888
10,110946112,198008336,198954448,946112
11,120978880,208008336,208987216,978880
12,130957520,218008336,218965856,957520
13,140994176,228008336,229002512,994176
14,150976080,238008336,238984416,976080
15,160980736,248008336,248989072,980736
16,171001680,258008336,259010016,1001680
17,181009920,268008336,269018256,1009920
18,191088992,278008336,279097328,1088992
19,201059072,288008336,289067408,1059072
20,211015072,298008336,299023408,1015072
21,221279216,308008336,309287552,1279216
22,231271344,318008336,319279680,1271344
23,241377792,328008336,329386128,1377792
24,251782304,338008336,339790640,1782304
25,262821408,348008336,350829744,2821408
26,273267488,358008336,361275824,3267488
27,282914080,368008336,370922416,2914080
28,292942656,378008336,380950992,2942656
29,302937008,388008336,390945344,2937008
30,312279488,398008336,400287824,2279488
31,322807840,408008336,410816176,2807840
32,332983552,418008336,420991888,2983552
33,343075520,428008336,431083856,3075520
34,352692208,438008336,440700544,2692208
35,362828080,448008336,450836416,2828080
36,372886576,458008336,460894912,2886576
37,382694624,468008336,470702960,2694624
38,392575008,478008336,480583344,2575008
39,402843632,488008336,490851968,2843632
40,412983744,498008336,500992080,2983744
41,422867728,508008336,510876064,2867728
42,432846496,518008336,520854832,2846496
43,443107536,528008336,531115872,3107536
44,452264096,538008336,540272432,2264096
45,462316064,548008336,550324400,2316064
46,472634080,558008336,560642416,2634080
47,483028432,568008336,571036768,3028432
48,492975264,578008336,580983600,2975264
49,503299024,588008336,591307360,3299024
50,512809952,598008336,600818288,2809952
51,523006112,608008336,611014448,3006112
52,532732128,618008336,620740464,2732128
53,542999952,628008336,631008288,2999952
54,552793024,638008336,640801360,2793024
55,562607456,648008336,650615792,2607456
56,572785312,658008336,660793648,2785312
57,582862240,668008336,670870576,2862240
58,592849248,678008336,680857584,2849248
59,602853664,688008336,690862000,2853664
60,612864912,698008336,700873248,2864912
61,622251296,708008336,710259632,2251296
62,632675536,718008336,720683872,2675536
63,642962864,728008336,730971200,2962864
64,652841536,738008336,740849872,2841536
65,662786816,748008336,750795152,2786816
66,672939552,758008336,760947888,2939552
67,682780448,768008336,770788784,2780448
68,692926000,778008336,780934336,2926000
69,702499760,788008336,790508096,2499760
70,712767360,798008336,800775696,2767360
71,722849376,808008336,810857712,2849376
72,732404288,818008336,820412624,2404288
73,742873104,828008336,830881440,2873104
74,753241472,838008336,841249808,3241472
75,763196448,848008336,851204784,3196448
76,773170448,858008336,861178784,3170448
77,783109808,868008336,871118144,3109808
78,793262432,878008336,881270768,3262432
79,803312592,888008336,891320928,3312592
80,812728928,898008336,900737264,2728928
81,822383456,908008336,910391792,2383456
82,832990976,918008336,920999312,2990976
83,843061792,928008336,931070128,3061792
84,852827824,938008336,940836160,2827824
85,863276480,948008336,951284816,3276480
86,872765952,958008336,960774288,2765952
87,882909552,968008336,970917888,2909552
88,892686880,978008336,980695216,2686880
89,902364304,988008336,990372640,2364304
90,912808016,998008336,1000816352,2808016
91,923306176,1008008336,1011314512,3306176
92,932943024,1018008336,1020951360,2943024
93,942675664,1028008336,1030684000,2675664
94,953115616,1038008336,1041123952,3115616
95,962491984,1048008336,1050500320,2491984
96,972992592,1058008336,1061000928,2992592
97,983101968,1068008336,1071110304,3101968
98,992835712,1078008336,1080844048,2835712
99,1003553216,1088008336,1091561552,3553216
100,1012622352,1098008336,1100630688,2622352
101,1022495456,1108008336,1110503792,2495456
102,1033334896,1118008336,1121343232,3334896
103,1042670640,1128008336,1130678976,2670640
104,1052960688,1138008336,1140969024,2960688
105,1062695552,1148008336,1150703888,2695552
106,1072892064,1158008336,1160900400,2892064
107,1082918224,1168008336,1170926560,2918224
108,1092884304,1178008336,1180892640,2884304
109,1103370416,1188008336,1191378752,3370416
110,1112735056,1198008336,1200743392,2735056
111,1123042400,1208008336,1211050736,3042400
112,1133038048,1218008336,1221046384,3038048
113,1142924752,1228008336,1230933088,2924752
114,1153132000,1238008336,1241140336,3132000
115,1162859888,1248008336,1250868224,2859888
116,1172916496,1258008336,1260924832,2916496
117,1182228256,1268008336,1270236592,2228256
118,1193460480,1278008336,1281468816,3460480
119,1202673904,1288008336,1290682240,2673904
120,1212732368,1298008336,1300740704,2732368
121,1223021008,1308008336,1311029344,3021008
122,1232750944,1318008336,1320759280,2750944
123,1242945440,1328008336,1330953776,2945440
124,1252913872,1338008336,1340922208,2913872
125,1262841408,1348008336,1350849744,2841408
126,1272919264,1358008336,1360927600,2919264
127,1283087856,1368008336,1371096192,3087856
128,1292882736,1378008336,1380891072,2882736
129,1303435488,1388008336,1391443824,3435488
130,1312311408,1398008336,1400319744,2311408
131,1323037264,1408008336,1411045600,3037264
132,1333104448,1418008336,1421112784,3104448
133,1342939952,1428008336,1430948288,2939952
134,1352923904,1438008336,1440932240,2923904
135,1363016576,1448008336,1451024912,3016576
136,1372913008,1458008336,1460921344,2913008
137,1383073504,1468008336,1471081840,3073504
138,1392454464,1478008336,1480462800,2454464
139,1402978416,1488008336,1490986752,2978416
140,1412761024,1498008336,1500769360,2761024
141,1422937232,1508008336,1510945568,2937232
142,1432851488,1518008336,1520859824,2851488
143,1442846944,1528008336,1530855280,2846944
144,1452289440,1538008336,1540297776,2289440
145,1461254320,1548008336,1549262656,1254320
146,1471726336,1558008336,1559734672,1726336
147,1482247952,1568008336,1570256288,2247952
148,1492712080,1578008336,1580720416,2712080
149,1502794080,1588008336,1590802416,2794080
150,1512840480,1598008336,1600848816,2840480
151,1522728192,1608008336,1610736528,2728192
152,1532875264,1618008336,1620883600,2875264
153,1542903760,1628008336,1630912096,2903760
154,1552488112,1638008336,1640496448,2488112
155,1562861712,1648008336,1650870048,2861712
156,1572930816,1658008336,1660939152,2930816
157,1582623216,1668008336,1670631552,2623216
158,1592811072,1678008336,1680819408,2811072
159,1602919344,1688008336,1690927680,2919344
160,1612891680,1698008336,1700900016,2891680
161,1622278912,1708008336,1710287248,2278912
162,1632863232,1718008336,1720871568,2863232
163,1643115584,1728008336,1731123920,3115584
164,1652945488,1738008336,1740953824,2945488
165,1662825552,1748008336,1750833888,2825552
166,1672732672,1758008336,1760741008,2732672
167,1682916640,1768008336,1770924976,2916640
168,1692767296,1778008336,1780775632,2767296
169,1702798608,1788008336,1790806944,2798608
170,1712812544,1798008336,1800820880,2812544
171,1722828128,1808008336,1810836464,2828128
172,1732550272,1818008336,1820558608,2550272
173,1742680160,1828008336,1830688496,2680160
174,1752709616,1838008336,1840717952,2709616
175,1762765040,1848008336,1850773376,2765040
176,1772623248,1858008336,1860631584,2623248
177,1783521424,1868008336,1871529760,3521424
178,1792401840,1878008336,1880410176,2401840
179,1802698688,1888008336,1890707024,2698688
180,1812730400,1898008336,1900738736,2730400
181,1821680656,1908008336,1909688992,1680656
182,1832368880,1918008336,1920377216,2368880
183,1842791200,1928008336,1930799536,2791200
184,1852363168,1938008336,1940371504,2363168
185,1862663648,1948008336,1950671984,2663648
186,1872783376,1958008336,1960791712,2783376
187,1883334816,1968008336,1971343152,3334816
188,1892581056,1978008336,1980589392,2581056
189,1901386992,1988008336,1989395328,1386992
190,1911201744,1998008336,1999210080,1201744
191,1922128464,2008008336,2010136800,2128464
192,1932758176,2018008336,2020766512,2758176
193,1942768272,2028008336,2030776608,2768272
194,1952872544,2038008336,2040880880,2872544
195,1962294096,2048008336,2050302432,2294096
196,1972784256,2058008336,2060792592,2784256
197,1982880608,2068008336,2070888944,2880608
198,1992820944,2078008336,2080829280,2820944
199,2003175968,2088008336,2091184304,3175968
200,2012765088,2098008336,2100773424,2765088
201,2022866960,2108008336,2110875296,2866960
202,2033156048,2118008336,2121164384,3156048
203,2042946768,2128008336,2130955104,2946768
204,2053022336,2138008336,2141030672,3022336
205,2062949376,2148008336,2150957712,2949376
206,2072668400,2158008336,2160676736,2668400
207,2082816128,2168008336,2170824464,2816128
208,2092665008,2178008336,2180673344,2665008
209,2102701920,2188008336,2190710256,2701920
210,2112820704,2198008336,2200829040,2820704
211,2122716832,2208008336,2210725168,2716832
212,2132793280,2218008336,2220801616,2793280
213,2142856688,2228008336,2230865024,2856688
214,2152814464,2238008336,2240822800,2814464
215,2162942608,2248008336,2250950944,2942608
216,2172854912,2258008336,2260863248,2854912
217,2182768016,2268008336,2270776352,2768016
218,2192557776,2278008336,2280566112,2557776
219,2202722048,2288008336,2290730384,2722048
220,2212644960,2298008336,2300653296,2644960
221,2222976224,2308008336,2310984560,2976224
222,2232685584,2318008336,2320693920,2685584
223,2242475872,2328008336,2330484208,2475872
224,2252559184,2338008336,2340567520,2559184
225,2262760560,2348008336,2350768896,2760560
226,2272699424,2358008336,2360707760,2699424
227,2282986560,2368008336,2370994896,2986560
228,2292822160,2378008336,2380830496,2822160
229,2302909616,2388008336,2390917952,2909616
230,2312269744,2398008336,2400278080,2269744
231,2322371664,2408008336,2410380000,2371664
232,2332688240,2418008336,2420696576,2688240
233,2342849888,2428008336,2430858224,2849888
234,2352516896,2438008336,2440525232,2516896
235,2362681264,2448008336,2450689600,2681264
236,2372691424,2458008336,2460699760,2691424
237,2382842464,2468008336,2470850800,2842464
238,2392812480,2478008336,2480820816,2812480
239,2402632880,2488008336,2490641216,2632880
240,2411285904,2498008336,2499294240,1285904
241,2421546064,2508008336,2509554400,1546064
242,2431108688,2518008336,2519117024,1108688
243,2441092560,2528008336,2529100896,1092560
244,2451085184,2538008336,2539093520,1085184
245,2461335056,2548008336,2549343392,1335056
246,2471209696,2558008336,2559218032,1209696
247,2481175424,2568008336,2569183760,1175424
248,2491597056,2578008336,2579605392,1597056
249,2502037296,2588008336,2590045632,2037296
250,2512559568,2598008336,2600567904,2559568
251,2522681376,2608008336,2610689712,2681376
252,2532554576,2618008336,2620562912,2554576
253,2542568160,2628008336,2630576496,2568160
254,2552655488,2638008336,2640663824,2655488
255,2562671424,2648008336,2650679760,2671424
PERIODIC LATENCY CHUNK end=256
256,2572488960,2658008336,2660497296,2488960
257,2582569360,2668008336,2670577696,2569360
258,2592423872,2678008336,2680432208,2423872
259,2602556656,2688008336,2690564992,2556656
260,2612621120,2698008336,2700629456,2621120
261,2622362272,2708008336,2710370608,2362272
262,2632427536,2718008336,2720435872,2427536
263,2642639920,2728008336,2730648256,2639920
264,2652736144,2738008336,2740744480,2736144
265,2662534512,2748008336,2750542848,2534512
266,2672725328,2758008336,2760733664,2725328
267,2682875296,2768008336,2770883632,2875296
268,2692681168,2778008336,2780689504,2681168
269,2702782672,2788008336,2790791008,2782672
270,2712753040,2798008336,2800761376,2753040
271,2722721136,2808008336,2810729472,2721136
272,2731675840,2818008336,2819684176,1675840
273,2742244000,2828008336,2830252336,2244000
274,2752628384,2838008336,2840636720,2628384
275,2762738768,2848008336,2850747104,2738768
276,2772779136,2858008336,2860787472,2779136
277,2782649840,2868008336,2870658176,2649840
278,2792646864,2878008336,2880655200,2646864
279,2802775568,2888008336,2890783904,2775568
280,2812622576,2898008336,2900630912,2622576
281,2822042000,2908008336,2910050336,2042000
282,2832250160,2918008336,2920258496,2250160
283,2842661712,2928008336,2930670048,2661712
284,2851597120,2938008336,2939605456,1597120
285,2862250928,2948008336,2950259264,2250928
286,2872803248,2958008336,2960811584,2803248
287,2882712496,2968008336,2970720832,2712496
288,2892900128,2978008336,2980908464,2900128
289,2902478944,2988008336,2990487280,2478944
290,2911864160,2998008336,2999872496,1864160
291,2922399488,3008008336,3010407824,2399488
292,2932829504,3018008336,3020837840,2829504
293,2942995040,3028008336,3031003376,2995040
294,2952968624,3038008336,3040976960,2968624
295,2962273040,3048008336,3050281376,2273040
296,2972917216,3058008336,3060925552,2917216
297,2982569712,3068008336,3070578048,2569712
298,2992997168,3078008336,3081005504,2997168
299,3003012896,3088008336,3091021232,3012896
300,3012227472,3098008336,3100235808,2227472
301,3022729728,3108008336,3110738064,2729728
302,3032720768,3118008336,3120729104,2720768
303,3042771776,3128008336,3130780112,2771776
304,3052898560,3138008336,3140906896,2898560
305,3062474864,3148008336,3150483200,2474864
306,3072898912,3158008336,3160907248,2898912
307,3082418704,3168008336,3170427040,2418704
308,3092706416,3178008336,3180714752,2706416
309,3102922944,3188008336,3190931280,2922944
310,3112909056,3198008336,3200917392,2909056
311,3122899280,3208008336,3210907616,2899280
312,3133083376,3218008336,3221091712,3083376
313,3142483424,3228008336,3230491760,2483424
314,3152802464,3238008336,3240810800,2802464
315,3162936016,3248008336,3250944352,2936016
316,3172737232,3258008336,3260745568,2737232
317,3182566992,3268008336,3270575328,2566992
318,3192792144,3278008336,3280800480,2792144
319,3202878816,3288008336,3290887152,2878816
320,3212957248,3298008336,3300965584,2957248
321,3222317264,3308008336,3310325600,2317264
322,3232848448,3318008336,3320856784,2848448
323,3242838672,3328008336,3330847008,2838672
324,3252946768,3338008336,3340955104,2946768
325,3263036304,3348008336,3351044640,3036304
326,3272842912,3358008336,3360851248,2842912
327,3282416192,3368008336,3370424528,2416192
328,3292653504,3378008336,3380661840,2653504
329,3302876592,3388008336,3390884928,2876592
330,3312445968,3398008336,3400454304,2445968
331,3322531104,3408008336,3410539440,2531104
332,3332895776,3418008336,3420904112,2895776
333,3342756000,3428008336,3430764336,2756000
334,3352719872,3438008336,3440728208,2719872
335,3362705600,3448008336,3450713936,2705600
336,3372620224,3458008336,3460628560,2620224
337,3382474928,3468008336,3470483264,2474928
338,3392708992,3478008336,3480717328,2708992
339,3402544608,3488008336,3490552944,2544608
340,3412832448,3498008336,3500840784,2832448
341,3422723632,3508008336,3510731968,2723632
342,3432661568,3518008336,3520669904,2661568
343,3442753824,3528008336,3530762160,2753824
344,3452437584,3538008336,3540445920,2437584
345,3462235952,3548008336,3550244288,2235952
346,3471967024,3558008336,3559975360,1967024
347,3481851744,3568008336,3569860080,1851744
348,3492339088,3578008336,3580347424,2339088
349,3502787376,3588008336,3590795712,2787376
350,3512978896,3598008336,3600987232,2978896
351,3522952800,3608008336,3610961136,2952800
352,3532931792,3618008336,3620940128,2931792
353,3543024512,3628008336,3631032848,3024512
354,3552845504,3638008336,3640853840,2845504
355,3562576448,3648008336,3650584784,2576448
356,3572848640,3658008336,3660856976,2848640
357,3582449840,3668008336,3670458176,2449840
358,3593040112,3678008336,3681048448,3040112
359,3602965840,3688008336,3690974176,2965840
360,3612999904,3698008336,3701008240,2999904
361,3622631232,3708008336,3710639568,2631232
362,3632940736,3718008336,3720949072,2940736
363,3642244176,3728008336,3730252512,2244176
364,3652733728,3738008336,3740742064,2733728
365,3662942128,3748008336,3750950464,2942128
366,3672950656,3758008336,3760958992,2950656
367,3682511968,3768008336,3770520304,2511968
368,3692934640,3778008336,3780942976,2934640
369,3702372944,3788008336,3790381280,2372944
370,3712788240,3798008336,3800796576,2788240
371,3722761648,3808008336,3810769984,2761648
372,3731761280,3818008336,3819769616,1761280
373,3742407056,3828008336,3830415392,2407056
374,3752722016,3838008336,3840730352,2722016
375,3762849472,3848008336,3850857808,2849472
376,3772882976,3858008336,3860891312,2882976
377,3782551232,3868008336,3870559568,2551232
378,3792929392,3878008336,3880937728,2929392
379,3802549232,3888008336,3890557568,2549232
380,3813032752,3898008336,3901041088,3032752
381,3822682752,3908008336,3910691088,2682752
382,3832121328,3918008336,3920129664,2121328
383,3842731536,3928008336,3930739872,2731536
384,3852293840,3938008336,3940302176,2293840
385,3862806720,3948008336,3950815056,2806720
386,3872886880,3958008336,3960895216,2886880
387,3882465648,3968008336,3970473984,2465648
388,3892827968,3978008336,3980836304,2827968
389,3902656896,3988008336,3990665232,2656896
390,3912062784,3998008336,4000071120,2062784
391,3922540960,4008008336,4010549296,2540960
392,3932790992,4018008336,4020799328,2790992
393,3942925648,4028008336,4030933984,2925648
394,3952786880,4038008336,4040795216,2786880
395,3962332336,4048008336,4050340672,2332336
396,3972790320,4058008336,4060798656,2790320
397,3982538752,4068008336,4070547088,2538752
398,3992849936,4078008336,4080858272,2849936
399,4002864864,4088008336,4090873200,2864864
400,4013030128,4098008336,4101038464,3030128
401,4023247520,4108008336,4111255856,3247520
402,4032916032,4118008336,4120924368,2916032
403,4042663312,4128008336,4130671648,2663312
404,4052764912,4138008336,4140773248,2764912
405,4062836480,4148008336,4150844816,2836480
406,4072914752,4158008336,4160923088,2914752
407,4082367760,4168008336,4170376096,2367760
408,4092771312,4178008336,4180779648,2771312
409,4102304848,4188008336,4190313184,2304848
410,4112955456,4198008336,4200963792,2955456
411,4122627424,4208008336,4210635760,2627424
412,4132791808,4218008336,4220800144,2791808
413,4142792832,4228008336,4230801168,2792832
414,4152760192,4238008336,4240768528,2760192
415,4162671264,4248008336,4250679600,2671264
416,4172656816,4258008336,4260665152,2656816
417,4182517984,4268008336,4270526320,2517984
418,4192505936,4278008336,4280514272,2505936
419,4202672496,4288008336,4290680832,2672496
420,4212654480,4298008336,4300662816,2654480
421,4222643104,4308008336,4310651440,2643104
422,4232673520,4318008336,4320681856,2673520
423,4242624976,4328008336,4330633312,2624976
424,4252419312,4338008336,4340427648,2419312
425,4262578208,4348008336,4350586544,2578208
426,4272733536,4358008336,4360741872,2733536
427,4282415792,4368008336,4370424128,2415792
428,4292585072,4378008336,4380593408,2585072
429,4302579088,4388008336,4390587424,2579088
430,4312376640,4398008336,4400384976,2376640
431,4322607536,4408008336,4410615872,2607536
432,4332409264,4418008336,4420417600,2409264
433,4342646832,4428008336,4430655168,2646832
434,4352572752,4438008336,4440581088,2572752
435,4362668240,4448008336,4450676576,2668240
436,4372633904,4458008336,4460642240,2633904
437,4382487872,4468008336,4470496208,2487872
438,4392585600,4478008336,4480593936,2585600
439,4402593600,4488008336,4490601936,2593600
440,4412625424,4498008336,4500633760,2625424
441,4422620928,4508008336,4510629264,2620928
442,4432566528,4518008336,4520574864,2566528
443,4442749504,4528008336,4530757840,2749504
444,4452315520,4538008336,4540323856,2315520
445,4462567152,4548008336,4550575488,2567152
446,4472605056,4558008336,4560613392,2605056
447,4482488432,4568008336,4570496768,2488432
448,4492597904,4578008336,4580606240,2597904
449,4503213568,4588008336,4591221904,3213568
450,4512878656,4598008336,4600886992,2878656
451,4522813792,4608008336,4610822128,2813792
452,4533015856,4618008336,4621024192,3015856
453,4542712624,4628008336,4630720960,2712624
454,4552888192,4638008336,4640896528,2888192
455,4562977872,4648008336,4650986208,2977872
456,4572722528,4658008336,4660730864,2722528
457,4582145216,4668008336,4670153552,2145216
458,4592662448,4678008336,4680670784,2662448
459,4602901616,4688008336,4690909952,2901616
460,4613002304,4698008336,4701010640,3002304
461,4622534784,4708008336,4710543120,2534784
462,4632882144,4718008336,4720890480,2882144
463,4642752384,4728008336,4730760720,2752384
464,4652643152,4738008336,4740651488,2643152
465,4662690608,4748008336,4750698944,2690608
466,4672883808,4758008336,4760892144,2883808
467,4681909136,4768008336,4769917472,1909136
468,4692390000,4778008336,4780398336,2390000
469,4702799872,4788008336,4790808208,2799872
470,4713026032,4798008336,4801034368,3026032
471,4722798496,4808008336,4810806832,2798496
472,4732549360,4818008336,4820557696,2549360
473,4742842368,4828008336,4830850704,2842368
474,4752725616,4838008336,4840733952,2725616
475,4762624272,4848008336,4850632608,2624272
476,4772768496,4858008336,4860776832,2768496
477,4781854960,4868008336,4869863296,1854960
478,4792426080,4878008336,4880434416,2426080
479,4802713952,4888008336,4890722288,2713952
480,4812937504,4898008336,4900945840,2937504
481,4822608704,4908008336,4910617040,2608704
482,4832759056,4918008336,4920767392,2759056
483,4842623664,4928008336,4930632000,2623664
484,4852225888,4938008336,4940234224,2225888
485,4862735248,4948008336,4950743584,2735248
486,4872783552,4958008336,4960791888,2783552
487,4882260432,4968008336,4970268768,2260432
488,4892543952,4978008336,4980552288,2543952
489,4902616528,4988008336,4990624864,2616528
490,4912859456,4998008336,5000867792,2859456
491,4923096128,5008008336,5011104464,3096128
492,4932889264,5018008336,5020897600,2889264
493,4942921584,5028008336,5030929920,2921584
494,4952872928,5038008336,5040881264,2872928
495,4962347360,5048008336,5050355696,2347360
496,4972672624,5058008336,5060680960,2672624
497,4981695968,5068008336,5069704304,1695968
498,4993098384,5078008336,5081106720,3098384
499,5003275376,5088008336,5091283712,3275376
500,5013139504,5098008336,5101147840,3139504
501,5022856400,5108008336,5110864736,2856400
502,5032823840,5118008336,5120832176,2823840
503,5042697120,5128008336,5130705456,2697120
504,5052707344,5138008336,5140715680,2707344
505,5062696672,5148008336,5150705008,2696672
506,5072766464,5158008336,5160774800,2766464
507,5082066896,5168008336,5170075232,2066896
508,5092500960,5178008336,5180509296,2500960
509,5102772320,5188008336,5190780656,2772320
510,5112845520,5198008336,5200853856,2845520
511,5122888048,5208008336,5210896384,2888048
PERIODIC LATENCY CHUNK end=512
512,5132820512,5218008336,5220828848,2820512
513,5143034688,5228008336,5231043024,3034688
514,5152949808,5238008336,5240958144,2949808
515,5162981792,5248008336,5250990128,2981792
516,5172838688,5258008336,5260847024,2838688
517,5182193872,5268008336,5270202208,2193872
518,5192601808,5278008336,5280610144,2601808
519,5202891888,5288008336,5290900224,2891888
520,5213099504,5298008336,5301107840,3099504
521,5222781056,5308008336,5310789392,2781056
522,5232871904,5318008336,5320880240,2871904
523,5242925520,5328008336,5330933856,2925520
524,5252750256,5338008336,5340758592,2750256
525,5262826144,5348008336,5350834480,2826144
526,5273060080,5358008336,5361068416,3060080
527,5282169056,5368008336,5370177392,2169056
528,5292647440,5378008336,5380655776,2647440
529,5302810448,5388008336,5390818784,2810448
530,5312257088,5398008336,5400265424,2257088
531,5322645680,5408008336,5410654016,2645680
532,5332586992,5418008336,5420595328,2586992
533,5342866832,5428008336,5430875168,2866832
534,5352868976,5438008336,5440877312,2868976
535,5362923648,5448008336,5450931984,2923648
536,5372809824,5458008336,5460818160,2809824
537,5382100880,5468008336,5470109216,2100880
538,5392539920,5478008336,5480548256,2539920
539,5402774448,5488008336,5490782784,2774448
540,5412675600,5498008336,5500683936,2675600
541,5422930352,5508008336,5510938688,2930352
542,5432972272,5518008336,5520980608,2972272
543,5442795168,5528008336,5530803504,2795168
544,5451624752,5538008336,5539633088,1624752
545,5462899936,5548008336,5550908272,2899936
546,5471253664,5558008336,5559262000,1253664
547,5481073392,5568008336,5569081728,1073392
548,5491165168,5578008336,5579173504,1165168
549,5501044544,5588008336,5589052880,1044544
550,5510956368,5598008336,5598964704,956368
551,5521302128,5608008336,5609310464,1302128
552,5531277632,5618008336,5619285968,1277632
553,5540925904,5628008336,5628934240,925904
554,5552303296,5638008336,5640311632,2303296
555,5562888480,5648008336,5650896816,2888480
556,5572421392,5658008336,5660429728,2421392
557,5582660368,5668008336,5670668704,2660368
558,5592720944,5678008336,5680729280,2720944
559,5602624512,5688008336,5690632848,2624512
560,5612675920,5698008336,5700684256,2675920
561,5621698368,5708008336,5709706704,1698368
562,5632225680,5718008336,5720234016,2225680
563,5642551760,5728008336,5730560096,2551760
564,5652519568,5738008336,5740527904,2519568
565,5662476880,5748008336,5750485216,2476880
566,5672654912,5758008336,5760663248,2654912
567,5682603280,5768008336,5770611616,2603280
568,5692263024,5778008336,5780271360,2263024
569,5702386304,5788008336,5790394640,2386304
570,5712680976,5798008336,5800689312,2680976
571,5722688064,5808008336,5810696400,2688064
572,5732280256,5818008336,5820288592,2280256
573,5742580336,5828008336,5830588672,2580336
574,5752652624,5838008336,5840660960,2652624
575,5762961696,5848008336,5850970032,2961696
576,5772697440,5858008336,5860705776,2697440
577,5782510416,5868008336,5870518752,2510416
578,5792701840,5878008336,5880710176,2701840
579,5802625600,5888008336,5890633936,2625600
580,5812535680,5898008336,5900544016,2535680
581,5822752928,5908008336,5910761264,2752928
582,5832837328,5918008336,5920845664,2837328
583,5842841680,5928008336,5930850016,2841680
584,5852310128,5938008336,5940318464,2310128
585,5862833840,5948008336,5950842176,2833840
586,5872872000,5958008336,5960880336,2872000
587,5882149888,5968008336,5970158224,2149888
588,5892447280,5978008336,5980455616,2447280
589,5902469680,5988008336,5990478016,2469680
590,5912534656,5998008336,6000542992,2534656
591,5922786816,6008008336,6010795152,2786816
592,5932932496,6018008336,6020940832,2932496
593,5942898304,6028008336,6030906640,2898304
594,5952934928,6038008336,6040943264,2934928
595,5962283712,6048008336,6050292048,2283712
596,5972604512,6058008336,6060612848,2604512
597,5982246496,6068008336,6070254832,2246496
598,5992574064,6078008336,6080582400,2574064
599,6002667664,6088008336,6090676000,2667664
600,6012596368,6098008336,6100604704,2596368
601,6022651792,6108008336,6110660128,2651792
602,6032649904,6118008336,6120658240,2649904
603,6043007232,6128008336,6131015568,3007232
604,6052782624,6138008336,6140790960,2782624
605,6062887392,6148008336,6150895728,2887392
606,6072815520,6158008336,6160823856,2815520
607,6082113952,6168008336,6170122288,2113952
608,6092509712,6178008336,6180518048,2509712
609,6102741408,6188008336,6190749744,2741408
610,6112541616,6198008336,6200549952,2541616
611,6122755296,6208008336,6210763632,2755296
612,6132874240,6218008336,6220882576,2874240
613,6142901888,6228008336,6230910224,2901888
614,6153076400,6238008336,6241084736,3076400
615,6162921200,6248008336,6250929536,2921200
616,6173015136,6258008336,6261023472,3015136
617,6182102992,6268008336,6270111328,2102992
618,6192650944,6278008336,6280659280,2650944
619,6202872176,6288008336,6290880512,2872176
620,6212720608,6298008336,6300728944,2720608
621,6222855968,6308008336,6310864304,2855968
622,6232849968,6318008336,6320858304,2849968
623,6242975136,6328008336,6330983472,2975136
624,6252858912,6338008336,6340867248,2858912
625,6262916928,6348008336,6350925264,2916928
626,6272929456,6358008336,6360937792,2929456
627,6282190560,6368008336,6370198896,2190560
628,6292647744,6378008336,6380656080,2647744
629,6302876912,6388008336,6390885248,2876912
630,6312376144,6398008336,6400384480,2376144
631,6322602320,6408008336,6410610656,2602320
632,6332706128,6418008336,6420714464,2706128
633,6343074656,6428008336,6431082992,3074656
634,6352711984,6438008336,6440720320,2711984
635,6362815328,6448008336,6450823664,2815328
636,6372950672,6458008336,6460959008,2950672
637,6382304896,6468008336,6470313232,2304896
638,6392736784,6478008336,6480745120,2736784
639,6402809200,6488008336,6490817536,2809200
640,6412601264,6498008336,6500609600,2601264
641,6422775200,6508008336,6510783536,2775200
642,6432824912,6518008336,6520833248,2824912
643,6442757168,6528008336,6530765504,2757168
644,6451760064,6538008336,6539768400,1760064
645,6461987520,6548008336,6549995856,1987520
646,6472421808,6558008336,6560430144,2421808
647,6482258800,6568008336,6570267136,2258800
648,6492506800,6578008336,6580515136,2506800
649,6502756464,6588008336,6590764800,2756464
650,6512735120,6598008336,6600743456,2735120
651,6522844352,6608008336,6610852688,2844352
652,6533547168,6618008336,6621555504,3547168
653,6542602816,6628008336,6630611152,2602816
654,6552779248,6638008336,6640787584,2779248
655,6562830160,6648008336,6650838496,2830160
656,6573026768,6658008336,6661035104,3026768
657,6582413952,6668008336,6670422288,2413952
658,6592742064,6678008336,6680750400,2742064
659,6602829472,6688008336,6690837808,2829472
660,6612725664,6698008336,6700734000,2725664
661,6622340928,6708008336,6710349264,2340928
662,6632761088,6718008336,6720769424,2761088
663,6642738288,6728008336,6730746624,2738288
664,6652408656,6738008336,6740416992,2408656
665,6662702960,6748008336,6750711296,2702960
666,6672892448,6758008336,6760900784,2892448
667,6682439168,6768008336,6770447504,2439168
668,6692725216,6778008336,6780733552,2725216
669,6702694816,6788008336,6790703152,2694816
670,6712567888,6798008336,6800576224,2567888
671,6722738352,6808008336,6810746688,2738352
672,6731657392,6818008336,6819665728,1657392
673,6742176448,6828008336,6830184784,2176448
674,6752646832,6838008336,6840655168,2646832
675,6762808288,6848008336,6850816624,2808288
676,6773125008,6858008336,6861133344,3125008
677,6782426416,6868008336,6870434752,2426416
678,6792734256,6878008336,6880742592,2734256
679,6802835808,6888008336,6890844144,2835808
680,6812549632,6898008336,6900557968,2549632
681,6822653808,6908008336,6910662144,2653808
682,6832887984,6918008336,6920896320,2887984
683,6842844208,6928008336,6930852544,2844208
684,6852343664,6938008336,6940352000,2343664
685,6862767552,6948008336,6950775888,2767552
686,6872841344,6958008336,6960849680,2841344
687,6882393408,6968008336,6970401744,2393408
688,6892416800,6978008336,6980425136,2416800
689,6902620304,6988008336,6990628640,2620304
690,6912592640,6998008336,7000600976,2592640
691,6922859984,7008008336,7010868320,2859984
692,6932837488,7018008336,7020845824,2837488
693,6942764576,7028008336,7030772912,2764576
694,6952897280,7038008336,7040905616,2897280
695,6962350816,7048008336,7050359152,2350816
696,6972374944,7058008336,7060383280,2374944
697,6982521792,7068008336,7070530128,2521792
698,6992738544,7078008336,7080746880,2738544
699,7002821920,7088008336,7090830256,2821920
700,7012608576,7098008336,7100616912,2608576
701,7022851152,7108008336,7110859488,2851152
702,7032917168,7118008336,7120925504,2917168
703,7042768688,7128008336,7130777024,2768688
704,7052469968,7138008336,7140478304,2469968
705,7062718864,7148008336,7150727200,2718864
706,7073291888,7158008336,7161300224,3291888
707,7082499568,7168008336,7170507904,2499568
708,7092745392,7178008336,7180753728,2745392
709,7102788448,7188008336,7190796784,2788448
710,7112566448,7198008336,7200574784,2566448
711,7122832912,7208008336,7210841248,2832912
712,7132483984,7218008336,7220492320,2483984
713,7142785360,7228008336,7230793696,2785360
714,7152887584,7238008336,7240895920,2887584
715,7162938096,7248008336,7250946432,2938096
716,7173344736,7258008336,7261353072,3344736
717,7183214640,7268008336,7271222976,3214640
718,7192922112,7278008336,7280930448,2922112
719,7202596016,7288008336,7290604352,2596016
720,7212470208,7298008336,7300478544,2470208
721,7222864912,7308008336,7310873248,2864912
722,7232760944,7318008336,7320769280,2760944
723,7242761680,7328008336,7330770016,2761680
724,7252842832,7338008336,7340851168,2842832
725,7262132416,7348008336,7350140752,2132416
726,7272639248,7358008336,7360647584,2639248
727,7282672064,7368008336,7370680400,2672064
728,7292657424,7378008336,7380665760,2657424
729,7302855568,7388008336,7390863904,2855568
730,7312374192,7398008336,7400382528,2374192
731,7322569360,7408008336,7410577696,2569360
732,7332564768,7418008336,7420573104,2564768
733,7341870512,7428008336,7429878848,1870512
734,7352420960,7438008336,7440429296,2420960
735,7362469104,7448008336,7450477440,2469104
736,7372542768,7458008336,7460551104,2542768
737,7382454320,7468008336,7470462656,2454320
738,7392596880,7478008336,7480605216,2596880
739,7402510592,7488008336,7490518928,2510592
740,7412587440,7498008336,7500595776,2587440
741,7422508672,7508008336,7510517008,2508672
742,7432554112,7518008336,7520562448,2554112
743,7442597392,7528008336,7530605728,2597392
744,7452432528,7538008336,7540440864,2432528
745,7462477104,7548008336,7550485440,2477104
746,7472693888,7558008336,7560702224,2693888
747,7482645808,7568008336,7570654144,2645808
748,7492684752,7578008336,7580693088,2684752
749,7502601408,7588008336,7590609744,2601408
750,7512548512,7598008336,7600556848,2548512
751,7522800000,7608008336,7610808336,2800000
752,7532751328,7618008336,7620759664,2751328
753,7542688768,7628008336,7630697104,2688768
754,7552862944,7638008336,7640871280,2862944
755,7563026464,7648008336,7651034800,3026464
756,7573327040,7658008336,7661335376,3327040
757,7582323888,7668008336,7670332224,2323888
758,7592823248,7678008336,7680831584,2823248
759,7602720880,7688008336,7690729216,2720880
760,7612923840,7698008336,7700932176,2923840
761,7622589616,7708008336,7710597952,2589616
762,7632914704,7718008336,7720923040,2914704
763,7642934256,7728008336,7730942592,2934256
764,7652861936,7738008336,7740870272,2861936
765,7662605712,7748008336,7750614048,2605712
766,7672860048,7758008336,7760868384,2860048
767,7682749520,7768008336,7770757856,2749520
PERIODIC LATENCY CHUNK end=768
768,7692299776,7778008336,7780308112,2299776
769,7702786160,7788008336,7790794496,2786160
770,7712685456,7798008336,7800693792,2685456
771,7722996096,7808008336,7811004432,2996096
772,7732310240,7818008336,7820318576,2310240
773,7742514736,7828008336,7830523072,2514736
774,7752961728,7838008336,7840970064,2961728
775,7762695792,7848008336,7850704128,2695792
776,7772892736,7858008336,7860901072,2892736
777,7782763280,7868008336,7870771616,2763280
778,7792754960,7878008336,7880763296,2754960
779,7802859952,7888008336,7890868288,2859952
780,7812814672,7898008336,7900823008,2814672
781,7822498192,7908008336,7910506528,2498192
782,7832834208,7918008336,7920842544,2834208
783,7842868496,7928008336,7930876832,2868496
784,7851981520,7938008336,7939989856,1981520
785,7862848736,7948008336,7950857072,2848736
786,7872898736,7958008336,7960907072,2898736
787,7882700624,7968008336,7970708960,2700624
788,7893010320,7978008336,7981018656,3010320
789,7902433808,7988008336,7990442144,2433808
790,7912752096,7998008336,8000760432,2752096
791,7922908032,8008008336,8010916368,2908032
792,7932957472,8018008336,8020965808,2957472
793,7942825888,8028008336,8030834224,2825888
794,7953040400,8038008336,8041048736,3040400
795,7962241296,8048008336,8050249632,2241296
796,7972728336,8058008336,8060736672,2728336
797,7982943600,8068008336,8070951936,2943600
798,7992826816,8078008336,8080835152,2826816
799,8002922464,8088008336,8090930800,2922464
800,8012819040,8098008336,8100827376,2819040
801,8022834896,8108008336,8110843232,2834896
802,8033026832,8118008336,8121035168,3026832
803,8042703840,8128008336,8130712176,2703840
804,8052858608,8138008336,8140866944,2858608
805,8062976448,8148008336,8150984784,2976448
806,8072698416,8158008336,8160706752,2698416
807,8082798512,8168008336,8170806848,2798512
808,8093066144,8178008336,8181074480,3066144
809,8102984912,8188008336,8190993248,2984912
810,8112736512,8198008336,8200744848,2736512
811,8122999648,8208008336,8211007984,2999648
812,8132787120,8218008336,8220795456,2787120
813,8142841536,8228008336,8230849872,2841536
814,8152715744,8238008336,8240724080,2715744
815,8162796704,8248008336,8250805040,2796704
816,8172832880,8258008336,8260841216,2832880
817,8182594224,8268008336,8270602560,2594224
818,8192867088,8278008336,8280875424,2867088
819,8203097408,8288008336,8291105744,3097408
820,8212824224,8298008336,8300832560,2824224
821,8222888976,8308008336,8310897312,2888976
822,8232724448,8318008336,8320732784,2724448
823,8242818160,8328008336,8330826496,2818160
824,8252892816,8338008336,8340901152,2892816
825,8262644512,8348008336,8350652848,2644512
826,8272908336,8358008336,8360916672,2908336
827,8282725056,8368008336,8370733392,2725056
828,8292993536,8378008336,8381001872,2993536
829,8302795616,8388008336,8390803952,2795616
830,8312282480,8398008336,8400290816,2282480
831,8322702080,8408008336,8410710416,2702080
832,8332832752,8418008336,8420841088,2832752
833,8342608288,8428008336,8430616624,2608288
834,8352850752,8438008336,8440859088,2850752
835,8362850992,8448008336,8450859328,2850992
836,8372885376,8458008336,8460893712,2885376
837,8382627360,8468008336,8470635696,2627360
838,8392828704,8478008336,8480837040,2828704
839,8402795840,8488008336,8490804176,2795840
840,8412676720,8498008336,8500685056,2676720
841,8422559280,8508008336,8510567616,2559280
842,8432792128,8518008336,8520800464,2792128
843,8442843248,8528008336,8530851584,2843248
844,8452295104,8538008336,8540303440,2295104
845,8461858736,8548008336,8549867072,1858736
846,8472774832,8558008336,8560783168,2774832
847,8482701616,8568008336,8570709952,2701616
848,8492975136,8578008336,8580983472,2975136
849,8502505312,8588008336,8590513648,2505312
850,8512703168,8598008336,8600711504,2703168
851,8523057696,8608008336,8611066032,3057696
852,8531325728,8618008336,8619334064,1325728
853,8541350144,8628008336,8629358480,1350144
854,8551524208,8638008336,8639532544,1524208
855,8561457712,8648008336,8649466048,1457712
856,8571443936,8658008336,8659452272,1443936
857,8581431808,8668008336,8669440144,1431808
858,8591409520,8678008336,8679417856,1409520
859,8602003696,8688008336,8690012032,2003696
860,8612553504,8698008336,8700561840,2553504
861,8621897520,8708008336,8709905856,1897520
862,8632630496,8718008336,8720638832,2630496
863,8642868688,8728008336,8730877024,2868688
864,8652870880,8738008336,8740879216,2870880
865,8662598656,8748008336,8750606992,2598656
866,8672460112,8758008336,8760468448,2460112
867,8682649264,8768008336,8770657600,2649264
868,8692701792,8778008336,8780710128,2701792
869,8702672784,8788008336,8790681120,2672784
870,8712423456,8798008336,8800431792,2423456
871,8722923120,8808008336,8810931456,2923120
872,8732181632,8818008336,8820189968,2181632
873,8742597072,8828008336,8830605408,2597072
874,8752903600,8838008336,8840911936,2903600
875,8763025072,8848008336,8851033408,3025072
876,8772424672,8858008336,8860433008,2424672
877,8782882832,8868008336,8870891168,2882832
878,8793011872,8878008336,8881020208,3011872
879,8802491328,8888008336,8890499664,2491328
880,8812921696,8898008336,8900930032,2921696
881,8821690400,8908008336,8909698736,1690400
882,8832175792,8918008336,8920184128,2175792
883,8842496960,8928008336,8930505296,2496960
884,8852266272,8938008336,8940274608,2266272
885,8862745392,8948008336,8950753728,2745392
886,8873012560,8958008336,8961020896,3012560
887,8882780864,8968008336,8970789200,2780864
888,8893001744,8978008336,8981010080,3001744
889,8902434480,8988008336,8990442816,2434480
890,8912713920,8998008336,9000722256,2713920
891,8922899008,9008008336,9010907344,2899008
892,8932985200,9018008336,9020993536,2985200
893,8942769680,9028008336,9030778016,2769680
894,8952760736,9038008336,9040769072,2760736
895,8962285888,9048008336,9050294224,2285888
896,8972787408,9058008336,9060795744,2787408
897,8982565520,9068008336,9070573856,2565520
898,8992980112,9078008336,9080988448,2980112
899,9001696848,9088008336,9089705184,1696848
900,9011479552,9098008336,9099487888,1479552
901,9022393536,9108008336,9110401872,2393536
902,9033053856,9118008336,9121062192,3053856
903,9042837168,9128008336,9130845504,2837168
904,9052749136,9138008336,9140757472,2749136
905,9062999520,9148008336,9151007856,2999520
906,9072574976,9158008336,9160583312,2574976
907,9082996896,9168008336,9171005232,2996896
908,9092805936,9178008336,9180814272,2805936
909,9103050144,9188008336,9191058480,3050144
910,9112926672,9198008336,9200935008,2926672
911,9122628256,9208008336,9210636592,2628256
912,9132885536,9218008336,9220893872,2885536
913,9142755952,9228008336,9230764288,2755952
914,9152915056,9238008336,9240923392,2915056
915,9162708576,9248008336,9250716912,2708576
916,9172913104,9258008336,9260921440,2913104
917,9182994576,9268008336,9271002912,2994576
918,9192939440,9278008336,9280947776,2939440
919,9202944016,9288008336,9290952352,2944016
920,9212585440,9298008336,9300593776,2585440
921,9222805728,9308008336,9310814064,2805728
922,9232806784,9318008336,9320815120,2806784
923,9242665632,9328008336,9330673968,2665632
924,9252885072,9338008336,9340893408,2885072
925,9262703904,9348008336,9350712240,2703904
926,9272564144,9358008336,9360572480,2564144
927,9282779344,9368008336,9370787680,2779344
928,9292839968,9378008336,9380848304,2839968
929,9302885472,9388008336,9390893808,2885472
930,9312273648,9398008336,9400281984,2273648
931,9322718848,9408008336,9410727184,2718848
932,9332864688,9418008336,9420873024,2864688
933,9343058256,9428008336,9431066592,3058256
934,9352831776,9438008336,9440840112,2831776
935,9362904464,9448008336,9450912800,2904464
936,9372310880,9458008336,9460319216,2310880
937,9382834224,9468008336,9470842560,2834224
938,9392947072,9478008336,9480955408,2947072
939,9402817440,9488008336,9490825776,2817440
940,9412745408,9498008336,9500753744,2745408
941,9422873136,9508008336,9510881472,2873136
942,9433008960,9518008336,9521017296,3008960
943,9442737984,9528008336,9530746320,2737984
944,9452929696,9538008336,9540938032,2929696
945,9462302112,9548008336,9550310448,2302112
946,9472578608,9558008336,9560586944,2578608
947,9483037648,9568008336,9571045984,3037648
948,9493014768,9578008336,9581023104,3014768
949,9503010208,9588008336,9591018544,3010208
950,9513040896,9598008336,9601049232,3040896
951,9522803168,9608008336,9610811504,2803168
952,9532906544,9618008336,9620914880,2906544
953,9543572464,9628008336,9631580800,3572464
954,9552834704,9638008336,9640843040,2834704
955,9563063648,9648008336,9651071984,3063648
956,9572383216,9658008336,9660391552,2383216
957,9582760992,9668008336,9670769328,2760992
958,9592763600,9678008336,9680771936,2763600
959,9602663856,9688008336,9690672192,2663856
960,9612731024,9698008336,9700739360,2731024
961,9622614736,9708008336,9710623072,2614736
962,9633010432,9718008336,9721018768,3010432
963,9642947472,9728008336,9730955808,2947472
964,9652711616,9738008336,9740719952,2711616
965,9662984976,9748008336,9750993312,2984976
966,9672441568,9758008336,9760449904,2441568
967,9682456688,9768008336,9770465024,2456688
968,9692630096,9778008336,9780638432,2630096
969,9702822176,9788008336,9790830512,2822176
970,9712981648,9798008336,9800989984,2981648
971,9722978720,9808008336,9810987056,2978720
972,9732276432,9818008336,9820284768,2276432
973,9742929728,9828008336,9830938064,2929728
974,9752872928,9838008336,9840881264,2872928
975,9762691376,9848008336,9850699712,2691376
976,9772417328,9858008336,9860425664,2417328
977,9782857264,9868008336,9870865600,2857264
978,9792933040,9878008336,9880941376,2933040
979,9802877232,9888008336,9890885568,2877232
980,9813091312,9898008336,9901099648,3091312
981,9822319664,9908008336,9910328000,2319664
982,9832779024,9918008336,9920787360,2779024
983,9842904640,9928008336,9930912976,2904640
984,9852328896,9938008336,9940337232,2328896
985,9862845376,9948008336,9950853712,2845376
986,9872527248,9958008336,9960535584,2527248
987,9882818368,9968008336,9970826704,2818368
988,9892803248,9978008336,9980811584,2803248
989,9902234144,9988008336,9990242480,2234144
990,9912537936,9998008336,10000546272,2537936
991,9922593360,10008008336,10010601696,2593360
992,9932773856,10018008336,10020782192,2773856
993,9943073600,10028008336,10031081936,3073600
994,9952365472,10038008336,10040373808,2365472
995,9962319856,10048008336,10050328192,2319856
996,9972476528,10058008336,10060484864,2476528
997,9981963136,10068008336,10069971472,1963136
998,9992716512,10078008336,10080724848,2716512
999,10002722608,10088008336,10090730944,2722608
1000,10013328400,10098008336,10101336736,3328400
1001,10022940016,10108008336,10110948352,2940016
1002,10033049600,10118008336,10121057936,3049600
1003,10042896688,10128008336,10130905024,2896688
1004,10052776416,10138008336,10140784752,2776416
1005,10062973888,10148008336,10150982224,2973888
1006,10072620800,10158008336,10160629136,2620800
1007,10082658992,10168008336,10170667328,2658992
1008,10092972672,10178008336,10180981008,2972672
1009,10102814560,10188008336,10190822896,2814560
1010,10112724288,10198008336,10200732624,2724288
1011,10122973952,10208008336,10210982288,2973952
1012,10132856320,10218008336,10220864656,2856320
1013,10142924784,10228008336,10230933120,2924784
1014,10152935904,10238008336,10240944240,2935904
1015,10162698400,10248008336,10250706736,2698400
1016,10172542768,10258008336,10260551104,2542768
1017,10182942016,10268008336,10270950352,2942016
1018,10192829488,10278008336,10280837824,2829488
1019,10203035952,10288008336,10291044288,3035952
1020,10212708160,10298008336,10300716496,2708160
1021,10222911696,10308008336,10310920032,2911696
1022,10232727616,10318008336,10320735952,2727616
1023,10243295584,10328008336,10331303920,3295584
PERIODIC LATENCY CHUNK end=1024
1024,10253329872,10338008336,10341338208,3329872
1025,10262821072,10348008336,10350829408,2821072
1026,10272455392,10358008336,10360463728,2455392
1027,10282745760,10368008336,10370754096,2745760
1028,10292710848,10378008336,10380719184,2710848
1029,10302997888,10388008336,10391006224,2997888
1030,10312196160,10398008336,10400204496,2196160
1031,10322603184,10408008336,10410611520,2603184
1032,10332747328,10418008336,10420755664,2747328
1033,10342718160,10428008336,10430726496,2718160
1034,10352782512,10438008336,10440790848,2782512
1035,10362996272,10448008336,10451004608,2996272
1036,10372502512,10458008336,10460510848,2502512
1037,10382827968,10468008336,10470836304,2827968
1038,10393003856,10478008336,10481012192,3003856
1039,10402787632,10488008336,10490795968,2787632
1040,10412718544,10498008336,10500726880,2718544
1041,10422848352,10508008336,10510856688,2848352
1042,10433006304,10518008336,10521014640,3006304
1043,10442762048,10528008336,10530770384,2762048
1044,10451644448,10538008336,10539652784,1644448
1045,10461090800,10548008336,10549099136,1090800
1046,10471944400,10558008336,10559952736,1944400
1047,10482316368,10568008336,10570324704,2316368
1048,10492737184,10578008336,10580745520,2737184
1049,10502750896,10588008336,10590759232,2750896
1050,10512711264,10598008336,10600719600,2711264
1051,10523003088,10608008336,10611011424,3003088
1052,10532790192,10618008336,10620798528,2790192
1053,10543016448,10628008336,10631024784,3016448
1054,10552796320,10638008336,10640804656,2796320
1055,10563591504,10648008336,10651599840,3591504
1056,10572427664,10658008336,10660436000,2427664
1057,10582679440,10668008336,10670687776,2679440
1058,10593024176,10678008336,10681032512,3024176
1059,10602817104,10688008336,10690825440,2817104
1060,10612731456,10698008336,10700739792,2731456
1061,10622697120,10708008336,10710705456,2697120
1062,10632937440,10718008336,10720945776,2937440
1063,10643003616,10728008336,10731011952,3003616
1064,10652842656,10738008336,10740850992,2842656
1065,10662989616,10748008336,10750997952,2989616
1066,10672452320,10758008336,10760460656,2452320
1067,10682817072,10768008336,10770825408,2817072
1068,10692936368,10778008336,10780944704,2936368
1069,10703168864,10788008336,10791177200,3168864
1070,10712960976,10798008336,10800969312,2960976
1071,10722858768,10808008336,10810867104,2858768
1072,10732394464,10818008336,10820402800,2394464
1073,10742906736,10828008336,10830915072,2906736
1074,10753145920,10838008336,10841154256,3145920
1075,10762903008,10848008336,10850911344,2903008
1076,10772457168,10858008336,10860465504,2457168
1077,10782930416,10868008336,10870938752,2930416
1078,10792986656,10878008336,10880994992,2986656
1079,10802828096,10888008336,10890836432,2828096
1080,10812681456,10898008336,10900689792,2681456
1081,10822376880,10908008336,10910385216,2376880
1082,10832827568,10918008336,10920835904,2827568
1083,10842896928,10928008336,10930905264,2896928
1084,10852104720,10938008336,10940113056,2104720
1085,10862554816,10948008336,10950563152,2554816
1086,10872563936,10958008336,10960572272,2563936
1087,10882987488,10968008336,10970995824,2987488
1088,10892629008,10978008336,10980637344,2629008
1089,10902330272,10988008336,10990338608,2330272
1090,10912805856,10998008336,11000814192,2805856
1091,10922720160,11008008336,11010728496,2720160
1092,10932855840,11018008336,11020864176,2855840
1093,10942734736,11028008336,11030743072,2734736
1094,10952414560,11038008336,11040422896,2414560
1095,10961334416,11048008336,11049342752,1334416
1096,10971216928,11058008336,11059225264,1216928
1097,10981155792,11068008336,11069164128,1155792
1098,10991182624,11078008336,11079190960,1182624
1099,11001215248,11088008336,11089223584,1215248
1100,11011174400,11098008336,11099182736,1174400
1101,11021157600,11108008336,11109165936,1157600
1102,11031278560,11118008336,11119286896,1278560
1103,11041440464,11128008336,11129448800,1440464
1104,11051334992,11138008336,11139343328,1334992
1105,11061237456,11148008336,11149245792,1237456
1106,11070992720,11158008336,11159001056,992720
1107,11081310272,11168008336,11169318608,1310272
1108,11091156080,11178008336,11179164416,1156080
1109,11101089008,11188008336,11189097344,1089008
1110,11111300352,11198008336,11199308688,1300352
1111,11120901104,11208008336,11208909440,901104
1112,11131042752,11218008336,11219051088,1042752
1113,11140960432,11228008336,11228968768,960432
1114,11151056512,11238008336,11239064848,1056512
1115,11161192624,11248008336,11249200960,1192624
1116,11171237056,11258008336,11259245392,1237056
1117,11181131136,11268008336,11269139472,1131136
1118,11191233360,11278008336,11279241696,1233360
1119,11201252768,11288008336,11289261104,1252768
1120,11211193792,11298008336,11299202128,1193792
1121,11221075392,11308008336,11309083728,1075392
1122,11231086080,11318008336,11319094416,1086080
1123,11241159536,11328008336,11329167872,1159536
1124,11251152384,11338008336,11339160720,1152384
1125,11261345888,11348008336,11349354224,1345888
1126,11271419664,11358008336,11359428000,1419664
1127,11281437264,11368008336,11369445600,1437264
1128,11291230512,11378008336,11379238848,1230512
1129,11301214720,11388008336,11389223056,1214720
1130,11311296272,11398008336,11399304608,1296272
1131,11321230928,11408008336,11409239264,1230928
1132,11331256144,11418008336,11419264480,1256144
1133,11341565264,11428008336,11429573600,1565264
1134,11351374192,11438008336,11439382528,1374192
1135,11361397280,11448008336,11449405616,1397280
1136,11371292576,11458008336,11459300912,1292576
1137,11381323664,11468008336,11469332000,1323664
1138,11391230976,11478008336,11479239312,1230976
1139,11401121152,11488008336,11489129488,1121152
1140,11411203936,11498008336,11499212272,1203936
1141,11421092800,11508008336,11509101136,1092800
1142,11430978960,11518008336,11518987296,978960
1143,11441030400,11528008336,11529038736,1030400
1144,11450930736,11538008336,11538939072,930736
1145,11461487232,11548008336,11549495568,1487232
1146,11471577632,11558008336,11559585968,1577632
1147,11481444016,11568008336,11569452352,1444016
1148,11491022032,11578008336,11579030368,1022032
1149,11500999472,11588008336,11589007808,999472
1150,11511032048,11598008336,11599040384,1032048
1151,11520976272,11608008336,11608984608,976272
1152,11530917152,11618008336,11618925488,917152
1153,11540959696,11628008336,11628968032,959696
1154,11550952336,11638008336,11638960672,952336
1155,11561666048,11648008336,11649674384,1666048
1156,11572202080,11658008336,11660210416,2202080
1157,11582278624,11668008336,11670286960,2278624
1158,11591182272,11678008336,11679190608,1182272
1159,11601150192,11688008336,11689158528,1150192
1160,11611173728,11698008336,11699182064,1173728
1161,11621145504,11708008336,11709153840,1145504
1162,11631326256,11718008336,11719334592,1326256
1163,11641046352,11728008336,11729054688,1046352
1164,11650868928,11738008336,11738877264,868928
1165,11660835520,11748008336,11748843856,835520
1166,11671050192,11758008336,11759058528,1050192
1167,11681144928,11768008336,11769153264,1144928
1168,11691052016,11778008336,11779060352,1052016
1169,11701587440,11788008336,11789595776,1587440
1170,11711409856,11798008336,11799418192,1409856
1171,11721360496,11808008336,11809368832,1360496
1172,11731391536,11818008336,11819399872,1391536
1173,11741330352,11828008336,11829338688,1330352
1174,11751358544,11838008336,11839366880,1358544
1175,11761406528,11848008336,11849414864,1406528
1176,11771380224,11858008336,11859388560,1380224
1177,11781330784,11868008336,11869339120,1330784
1178,11791289552,11878008336,11879297888,1289552
1179,11801379472,11888008336,11889387808,1379472
1180,11811237632,11898008336,11899245968,1237632
1181,11821029920,11908008336,11909038256,1029920
1182,11830953488,11918008336,11918961824,953488
1183,11841275296,11928008336,11929283632,1275296
1184,11851116224,11938008336,11939124560,1116224
1185,11861882384,11948008336,11949890720,1882384
1186,11871795808,11958008336,11959804144,1795808
1187,11881434960,11968008336,11969443296,1434960
1188,11891015216,11978008336,11979023552,1015216
1189,11901130320,11988008336,11989138656,1130320
1190,11910998752,11998008336,11999007088,998752
1191,11921032864,12008008336,12009041200,1032864
1192,11930989232,12018008336,12018997568,989232
1193,11941505760,12028008336,12029514096,1505760
1194,11951065200,12038008336,12039073536,1065200
1195,11961058736,12048008336,12049067072,1058736
1196,11971168256,12058008336,12059176592,1168256
1197,11981888752,12068008336,12069897088,1888752
1198,11991163344,12078008336,12079171680,1163344
1199,12001177248,12088008336,12089185584,1177248
1200,12011178176,12098008336,12099186512,1178176
1201,12021210064,12108008336,12109218400,1210064
1202,12031602960,12118008336,12119611296,1602960
1203,12042192144,12128008336,12130200480,2192144
1204,12052658960,12138008336,12140667296,2658960
1205,12062951424,12148008336,12150959760,2951424
1206,12072360976,12158008336,12160369312,2360976
1207,12082761088,12168008336,12170769424,2761088
1208,12092430352,12178008336,12180438688,2430352
1209,12102653376,12188008336,12190661712,2653376
1210,12113006208,12198008336,12201014544,3006208
1211,12123075024,12208008336,12211083360,3075024
1212,12132875888,12218008336,12220884224,2875888
1213,12142847456,12228008336,12230855792,2847456
1214,12152759360,12238008336,12240767696,2759360
1215,12163061776,12248008336,12251070112,3061776
1216,12172309952,12258008336,12260318288,2309952
1217,12182730160,12268008336,12270738496,2730160
1218,12192976416,12278008336,12280984752,2976416
1219,12202802848,12288008336,12290811184,2802848
1220,12213124304,12298008336,12301132640,3124304
1221,12222936320,12308008336,12310944656,2936320
1222,12232941136,12318008336,12320949472,2941136
1223,12243209056,12328008336,12331217392,3209056
1224,12252586672,12338008336,12340595008,2586672
1225,12262936640,12348008336,12350944976,2936640
1226,12272571952,12358008336,12360580288,2571952
1227,12282900064,12368008336,12370908400,2900064
1228,12292960304,12378008336,12380968640,2960304
1229,12302857232,12388008336,12390865568,2857232
1230,12312509984,12398008336,12400518320,2509984
1231,12322913920,12408008336,12410922256,2913920
1232,12332573536,12418008336,12420581872,2573536
1233,12343172496,12428008336,12431180832,3172496
1234,12352796768,12438008336,12440805104,2796768
1235,12363113904,12448008336,12451122240,3113904
1236,12372538688,12458008336,12460547024,2538688
1237,12382857952,12468008336,12470866288,2857952
1238,12393086400,12478008336,12481094736,3086400
1239,12403082144,12488008336,12491090480,3082144
1240,12412798768,12498008336,12500807104,2798768
1241,12422962304,12508008336,12510970640,2962304
1242,12432787712,12518008336,12520796048,2787712
1243,12442887824,12528008336,12530896160,2887824
1244,12452294688,12538008336,12540303024,2294688
1245,12462835152,12548008336,12550843488,2835152
1246,12472442048,12558008336,12560450384,2442048
1247,12482919664,12568008336,12570928000,2919664
1248,12492713968,12578008336,12580722304,2713968
1249,12502901440,12588008336,12590909776,2901440
1250,12513029600,12598008336,12601037936,3029600
1251,12522853232,12608008336,12610861568,2853232
1252,12532807408,12618008336,12620815744,2807408
1253,12542869536,12628008336,12630877872,2869536
1254,12553089600,12638008336,12641097936,3089600
1255,12562782336,12648008336,12650790672,2782336
1256,12572518080,12658008336,12660526416,2518080
1257,12582774256,12668008336,12670782592,2774256
1258,12592812672,12678008336,12680821008,2812672
1259,12602751008,12688008336,12690759344,2751008
1260,12612663600,12698008336,12700671936,2663600
1261,12622004752,12708008336,12710013088,2004752
1262,12633048016,12718008336,12721056352,3048016
1263,12642827104,12728008336,12730835440,2827104
1264,12653059744,12738008336,12741068080,3059744
1265,12662874256,12748008336,12750882592,2874256
1266,12672696304,12758008336,12760704640,2696304
1267,12682808224,12768008336,12770816560,2808224
1268,12692742336,12778008336,12780750672,2742336
1269,12702898592,12788008336,12790906928,2898592
1270,12713144112,12798008336,12801152448,3144112
1271,12723169312,12808008336,12811177648,3169312
1272,12732409904,12818008336,12820418240,2409904
1273,12743003264,12828008336,12831011600,3003264
1274,12753714080,12838008336,12841722416,3714080
1275,12762893120,12848008336,12850901456,2893120
1276,12772565696,12858008336,12860574032,2565696
1277,12783117936,12868008336,12871126272,3117936
1278,12792813600,12878008336,12880821936,2813600
1279,12802867232,12888008336,12890875568,2867232
PERIODIC LATENCY CHUNK end=1280
1280,12812935088,12898008336,12900943424,2935088
1281,12822628544,12908008336,12910636880,2628544
1282,12832911136,12918008336,12920919472,2911136
1283,12842941936,12928008336,12930950272,2941936
1284,12852195200,12938008336,12940203536,2195200
1285,12862585568,12948008336,12950593904,2585568
1286,12872502512,12958008336,12960510848,2502512
1287,12882791056,12968008336,12970799392,2791056
1288,12892952752,12978008336,12980961088,2952752
1289,12902980304,12988008336,12990988640,2980304
1290,12912994736,12998008336,13001003072,2994736
1291,12922950976,13008008336,13010959312,2950976
1292,12932589584,13018008336,13020597920,2589584
1293,12942502512,13028008336,13030510848,2502512
1294,12953333568,13038008336,13041341904,3333568
1295,12961029568,13048008336,13049037904,1029568
1296,12970986992,13058008336,13058995328,986992
1297,12981246544,13068008336,13069254880,1246544
1298,12991089408,13078008336,13079097744,1089408
1299,13001223168,13088008336,13089231504,1223168
1300,13011204064,13098008336,13099212400,1204064
1301,13021169344,13108008336,13109177680,1169344
1302,13031137360,13118008336,13119145696,1137360
1303,13041128800,13128008336,13129137136,1128800
1304,13051197280,13138008336,13139205616,1197280
1305,13061199520,13148008336,13149207856,1199520
1306,13070927552,13158008336,13158935888,927552
1307,13081208800,13168008336,13169217136,1208800
1308,13091222704,13178008336,13179231040,1222704
1309,13101172560,13188008336,13189180896,1172560
1310,13111188576,13198008336,13199196912,1188576
1311,13121175552,13208008336,13209183888,1175552
1312,13131059424,13218008336,13219067760,1059424
1313,13141332160,13228008336,13229340496,1332160
1314,13151210800,13238008336,13239219136,1210800
1315,13161066464,13248008336,13249074800,1066464
1316,13171281184,13258008336,13259289520,1281184
1317,13181316752,13268008336,13269325088,1316752
1318,13191097536,13278008336,13279105872,1097536
1319,13201027712,13288008336,13289036048,1027712
1320,13211115312,13298008336,13299123648,1115312
1321,13221086784,13308008336,13309095120,1086784
1322,13231313120,13318008336,13319321456,1313120
1323,13241348608,13328008336,13329356944,1348608
1324,13251246672,13338008336,13339255008,1246672
1325,13261281312,13348008336,13349289648,1281312
1326,13271335936,13358008336,13359344272,1335936
1327,13281264656,13368008336,13369272992,1264656
1328,13291323536,13378008336,13379331872,1323536
1329,13301281488,13388008336,13389289824,1281488
1330,13311321184,13398008336,13399329520,1321184
1331,13321286832,13408008336,13409295168,1286832
1332,13330924336,13418008336,13418932672,924336
1333,13341257200,13428008336,13429265536,1257200
1334,13351275120,13438008336,13439283456,1275120
1335,13361252608,13448008336,13449260944,1252608
1336,13371525328,13458008336,13459533664,1525328
1337,13381293504,13468008336,13469301840,1293504
1338,13391367440,13478008336,13479375776,1367440
1339,13400973088,13488008336,13488981424,973088
1340,13411040528,13498008336,13499048864,1040528
1341,13421321952,13508008336,13509330288,1321952
1342,13432232896,13518008336,13520241232,2232896
1343,13442948384,13528008336,13530956720,2948384
1344,13452429104,13538008336,13540437440,2429104
1345,13462921648,13548008336,13550929984,2921648
1346,13472770816,13558008336,13560779152,2770816
1347,13483296656,13568008336,13571304992,3296656
1348,13493009648,13578008336,13581017984,3009648
1349,13502818032,13588008336,13590826368,2818032
1350,13512969952,13598008336,13600978288,2969952
1351,13523101616,13608008336,13611109952,3101616
1352,13532881920,13618008336,13620890256,2881920
1353,13542847360,13628008336,13630855696,2847360
1354,13552689616,13638008336,13640697952,2689616
1355,13563025472,13648008336,13651033808,3025472
1356,13572688560,13658008336,13660696896,2688560
1357,13582894864,13668008336,13670903200,2894864
1358,13592871680,13678008336,13680880016,2871680
1359,13602846496,13688008336,13690854832,2846496
1360,13612994432,13698008336,13701002768,2994432
1361,13622494128,13708008336,13710502464,2494128
1362,13632814688,13718008336,13720823024,2814688
1363,13642936096,13728008336,13730944432,2936096
1364,13652893744,13738008336,13740902080,2893744
1365,13662860528,13748008336,13750868864,2860528
1366,13672831936,13758008336,13760840272,2831936
1367,13682746512,13768008336,13770754848,2746512
1368,13692757584,13778008336,13780765920,2757584
1369,13702889600,13788008336,13790897936,2889600
1370,13712812848,13798008336,13800821184,2812848
1371,13722719552,13808008336,13810727888,2719552
1372,13732358304,13818008336,13820366640,2358304
1373,13743011520,13828008336,13831019856,3011520
1374,13752711184,13838008336,13840719520,2711184
1375,13762370016,13848008336,13850378352,2370016
1376,13772492704,13858008336,13860501040,2492704
1377,13782751856,13868008336,13870760192,2751856
1378,13792927568,13878008336,13880935904,2927568
1379,13802753408,13888008336,13890761744,2753408
1380,13813130160,13898008336,13901138496,3130160
1381,13822342176,13908008336,13910350512,2342176
1382,13832586112,13918008336,13920594448,2586112
1383,13842809664,13928008336,13930818000,2809664
1384,13852318448,13938008336,13940326784,2318448
1385,13862656720,13948008336,13950665056,2656720
1386,13872974336,13958008336,13960982672,2974336
1387,13882704768,13968008336,13970713104,2704768
1388,13892466480,13978008336,13980474816,2466480
1389,13901678624,13988008336,13989686960,1678624
1390,13912066816,13998008336,14000075152,2066816
1391,13923156272,14008008336,14011164608,3156272
1392,13932769456,14018008336,14020777792,2769456
1393,13942806528,14028008336,14030814864,2806528
1394,13953623968,14038008336,14041632304,3623968
1395,13961866544,14048008336,14049874880,1866544
1396,13972058288,14058008336,14060066624,2058288
1397,13982569392,14068008336,14070577728,2569392
1398,13992884112,14078008336,14080892448,2884112
1399,14002875664,14088008336,14090884000,2875664
1400,14012678496,14098008336,14100686832,2678496
1401,14022690736,14108008336,14110699072,2690736
1402,14032940400,14118008336,14120948736,2940400
1403,14042922816,14128008336,14130931152,2922816
1404,14052894016,14138008336,14140902352,2894016
1405,14062609536,14148008336,14150617872,2609536
1406,14072992832,14158008336,14161001168,2992832
1407,14082792912,14168008336,14170801248,2792912
1408,14092648400,14178008336,14180656736,2648400
1409,14102680240,14188008336,14190688576,2680240
1410,14112602080,14198008336,14200610416,2602080
1411,14122731200,14208008336,14210739536,2731200
1412,14132681296,14218008336,14220689632,2681296
1413,14142771568,14228008336,14230779904,2771568
1414,14152982608,14238008336,14240990944,2982608
1415,14162323088,14248008336,14250331424,2323088
1416,14172378224,14258008336,14260386560,2378224
1417,14182901808,14268008336,14270910144,2901808
1418,14192919968,14278008336,14280928304,2919968
1419,14203073872,14288008336,14291082208,3073872
1420,14213077408,14298008336,14301085744,3077408
1421,14222909024,14308008336,14310917360,2909024
1422,14233372240,14318008336,14321380576,3372240
1423,14242748048,14328008336,14330756384,2748048
1424,14252769728,14338008336,14340778064,2769728
1425,14262529488,14348008336,14350537824,2529488
1426,14272871808,14358008336,14360880144,2871808
1427,14282493424,14368008336,14370501760,2493424
1428,14292907504,14378008336,14380915840,2907504
1429,14302773696,14388008336,14390782032,2773696
1430,14312486368,14398008336,14400494704,2486368
1431,14322866416,14408008336,14410874752,2866416
1432,14332781296,14418008336,14420789632,2781296
1433,14342249584,14428008336,14430257920,2249584
1434,14351443408,14438008336,14439451744,1443408
1435,14362391616,14448008336,14450399952,2391616
1436,14372558880,14458008336,14460567216,2558880
1437,14382909792,14468008336,14470918128,2909792
1438,14392810032,14478008336,14480818368,2810032
1439,14402927024,14488008336,14490935360,2927024
1440,14412768928,14498008336,14500777264,2768928
1441,14422929232,14508008336,14510937568,2929232
1442,14432819840,14518008336,14520828176,2819840
1443,14442469360,14528008336,14530477696,2469360
1444,14452203456,14538008336,14540211792,2203456
1445,14462486096,14548008336,14550494432,2486096
1446,14472841824,14558008336,14560850160,2841824
1447,14483065472,14568008336,14571073808,3065472
1448,14492714656,14578008336,14580722992,2714656
1449,14502650032,14588008336,14590658368,2650032
1450,14512793216,14598008336,14600801552,2793216
1451,14522488192,14608008336,14610496528,2488192
1452,14532872384,14618008336,14620880720,2872384
1453,14543092304,14628008336,14631100640,3092304
1454,14552820064,14638008336,14640828400,2820064
1455,14562609376,14648008336,14650617712,2609376
1456,14572795328,14658008336,14660803664,2795328
1457,14582925584,14668008336,14670933920,2925584
1458,14593018896,14678008336,14681027232,3018896
1459,14602584800,14688008336,14690593136,2584800
1460,14612911104,14698008336,14700919440,2911104
1461,14622779232,14708008336,14710787568,2779232
1462,14631695920,14718008336,14719704256,1695920
1463,14641327296,14728008336,14729335632,1327296
1464,14651436288,14738008336,14739444624,1436288
1465,14661393920,14748008336,14749402256,1393920
1466,14671442992,14758008336,14759451328,1442992
1467,14681340112,14768008336,14769348448,1340112
1468,14691404640,14778008336,14779412976,1404640
1469,14701420224,14788008336,14789428560,1420224
1470,14711333680,14798008336,14799342016,1333680
1471,14721906560,14808008336,14809914896,1906560
1472,14731222640,14818008336,14819230976,1222640
1473,14742339648,14828008336,14830347984,2339648
1474,14753292688,14838008336,14841301024,3292688
1475,14762899632,14848008336,14850907968,2899632
1476,14772763216,14858008336,14860771552,2763216
1477,14782436432,14868008336,14870444768,2436432
1478,14792828608,14878008336,14880836944,2828608
1479,14802679472,14888008336,14890687808,2679472
1480,14812723440,14898008336,14900731776,2723440
1481,14822034800,14908008336,14910043136,2034800
1482,14832189920,14918008336,14920198256,2189920
1483,14842458320,14928008336,14930466656,2458320
1484,14852213552,14938008336,14940221888,2213552
1485,14862530768,14948008336,14950539104,2530768
1486,14872453712,14958008336,14960462048,2453712
1487,14882507360,14968008336,14970515696,2507360
1488,14892560160,14978008336,14980568496,2560160
1489,14902463360,14988008336,14990471696,2463360
1490,14912590256,14998008336,15000598592,2590256
1491,14922607760,15008008336,15010616096,2607760
1492,14932601008,15018008336,15020609344,2601008
1493,14942702000,15028008336,15030710336,2702000
1494,14952610672,15038008336,15040619008,2610672
1495,14961582880,15048008336,15049591216,1582880
1496,14971836560,15058008336,15059844896,1836560
1497,14981014480,15068008336,15069022816,1014480
1498,14991622416,15078008336,15079630752,1622416
1499,15002000768,15088008336,15090009104,2000768
1500,15012505808,15098008336,15100514144,2505808
1501,15022513296,15108008336,15110521632,2513296
1502,15032663680,15118008336,15120672016,2663680
1503,15042840592,15128008336,15130848928,2840592
1504,15052911472,15138008336,15140919808,2911472
1505,15062850288,15148008336,15150858624,2850288
1506,15072908368,15158008336,15160916704,2908368
1507,15082751840,15168008336,15170760176,2751840
1508,15092777728,15178008336,15180786064,2777728
1509,15102828528,15188008336,15190836864,2828528
1510,15112783968,15198008336,15200792304,2783968
1511,15122652896,15208008336,15210661232,2652896
1512,15132964208,15218008336,15220972544,2964208
1513,15142732000,15228008336,15230740336,2732000
1514,15152935792,15238008336,15240944128,2935792
1515,15162824400,15248008336,15250832736,2824400
1516,15172581344,15258008336,15260589680,2581344
1517,15182758672,15268008336,15270767008,2758672
1518,15193005248,15278008336,15281013584,3005248
1519,15202792912,15288008336,15290801248,2792912
1520,15213098944,15298008336,15301107280,3098944
1521,15222831824,15308008336,15310840160,2831824
1522,15232760128,15318008336,15320768464,2760128
1523,15242874640,15328008336,15330882976,2874640
1524,15252798976,15338008336,15340807312,2798976
1525,15262736944,15348008336,15350745280,2736944
1526,15272957696,15358008336,15360966032,2957696
1527,15282867408,15368008336,15370875744,2867408
1528,15292919280,15378008336,15380927616,2919280
1529,15303007424,15388008336,15391015760,3007424
1530,15312470832,15398008336,15400479168,2470832
1531,15322889328,15408008336,15410897664,2889328
1532,15333084208,15418008336,15421092544,3084208
1533,15342790576,15428008336,15430798912,2790576
1534,15352814608,15438008336,15440822944,2814608
1535,15362813376,15448008336,15450821712,2813376
PERIODIC LATENCY CHUNK end=1536
1536,15373152832,15458008336,15461161168,3152832
1537,15382800224,15468008336,15470808560,2800224
1538,15393063904,15478008336,15481072240,3063904
1539,15403010832,15488008336,15491019168,3010832
1540,15412739056,15498008336,15500747392,2739056
1541,15422798336,15508008336,15510806672,2798336
1542,15432884528,15518008336,15520892864,2884528
1543,15442843472,15528008336,15530851808,2843472
1544,15452327024,15538008336,15540335360,2327024
1545,15462777328,15548008336,15550785664,2777328
1546,15473163248,15558008336,15561171584,3163248
1547,15482783904,15568008336,15570792240,2783904
1548,15492854192,15578008336,15580862528,2854192
1549,15502960768,15588008336,15590969104,2960768
1550,15512705568,15598008336,15600713904,2705568
1551,15522837328,15608008336,15610845664,2837328
1552,15532977248,15618008336,15620985584,2977248
1553,15542803376,15628008336,15630811712,2803376
1554,15552827696,15638008336,15640836032,2827696
1555,15562791952,15648008336,15650800288,2791952
1556,15572954528,15658008336,15660962864,2954528
1557,15582701200,15668008336,15670709536,2701200
1558,15593028576,15678008336,15681036912,3028576
1559,15602817776,15688008336,15690826112,2817776
1560,15612690864,15698008336,15700699200,2690864
1561,15622340000,15708008336,15710348336,2340000
1562,15632596064,15718008336,15720604400,2596064
1563,15643023840,15728008336,15731032176,3023840
1564,15653026608,15738008336,15741034944,3026608
1565,15663066288,15748008336,15751074624,3066288
1566,15673366848,15758008336,15761375184,3366848
1567,15683128656,15768008336,15771136992,3128656
1568,15692935760,15778008336,15780944096,2935760
1569,15702806944,15788008336,15790815280,2806944
1570,15712854032,15798008336,15800862368,2854032
1571,15723382800,15808008336,15811391136,3382800
1572,15731715568,15818008336,15819723904,1715568
1573,15742365536,15828008336,15830373872,2365536
1574,15752610512,15838008336,15840618848,2610512
1575,15762552496,15848008336,15850560832,2552496
1576,15772841168,15858008336,15860849504,2841168
1577,15782756960,15868008336,15870765296,2756960
1578,15792839808,15878008336,15880848144,2839808
1579,15802938848,15888008336,15890947184,2938848
1580,15812728320,15898008336,15900736656,2728320
1581,15822264768,15908008336,15910273104,2264768
1582,15832708544,15918008336,15920716880,2708544
1583,15842927456,15928008336,15930935792,2927456
1584,15852306880,15938008336,15940315216,2306880
1585,15862663376,15948008336,15950671712,2663376
1586,15873019808,15958008336,15961028144,3019808
1587,15882835552,15968008336,15970843888,2835552
1588,15893024672,15978008336,15981033008,3024672
1589,15902694976,15988008336,15990703312,2694976
1590,15912841072,15998008336,16000849408,2841072
1591,15922714544,16008008336,16010722880,2714544
1592,15933112192,16018008336,16021120528,3112192
1593,15942395888,16028008336,16030404224,2395888
1594,15952698752,16038008336,16040707088,2698752
1595,15961965184,16048008336,16049973520,1965184
1596,15971938736,16058008336,16059947072,1938736
1597,15982422912,16068008336,16070431248,2422912
1598,15992768624,16078008336,16080776960,2768624
1599,16002696240,16088008336,16090704576,2696240
1600,16012664528,16098008336,16100672864,2664528
1601,16022359744,16108008336,16110368080,2359744
1602,16032767264,16118008336,16120775600,2767264
1603,16042897984,16128008336,16130906320,2897984
1604,16052740192,16138008336,16140748528,2740192
1605,16062752176,16148008336,16150760512,2752176
1606,16072863536,16158008336,16160871872,2863536
1607,16082694704,16168008336,16170703040,2694704
1608,16092995488,16178008336,16181003824,2995488
1609,16102454560,16188008336,16190462896,2454560
1610,16112690832,16198008336,16200699168,2690832
1611,16123072688,16208008336,16211081024,3072688
1612,16132698640,16218008336,16220706976,2698640
1613,16142884976,16228008336,16230893312,2884976
1614,16152716848,16238008336,16240725184,2716848
1615,16162458096,16248008336,16250466432,2458096
1616,16172801744,16258008336,16260810080,2801744
1617,16182768656,16268008336,16270776992,2768656
1618,16192941520,16278008336,16280949856,2941520
1619,16202965408,16288008336,16290973744,2965408
1620,16212946528,16298008336,16300954864,2946528
1621,16222796096,16308008336,16310804432,2796096
1622,16232791728,16318008336,16320800064,2791728
1623,16243077952,16328008336,16331086288,3077952
1624,16252861552,16338008336,16340869888,2861552
1625,16262469344,16348008336,16350477680,2469344
1626,16272869440,16358008336,16360877776,2869440
1627,16282728848,16368008336,16370737184,2728848
1628,16292832096,16378008336,16380840432,2832096
1629,16302964160,16388008336,16390972496,2964160
1630,16312288144,16398008336,16400296480,2288144
1631,16322810752,16408008336,16410819088,2810752
1632,16332746464,16418008336,16420754800,2746464
1633,16342901136,16428008336,16430909472,2901136
1634,16353039040,16438008336,16441047376,3039040
1635,16362599904,16448008336,16450608240,2599904
1636,16372482656,16458008336,16460490992,2482656
1637,16382908640,16468008336,16470916976,2908640
1638,16392844528,16478008336,16480852864,2844528
1639,16402754000,16488008336,16490762336,2754000
1640,16412717568,16498008336,16500725904,2717568
1641,16423025200,16508008336,16511033536,3025200
1642,16432783504,16518008336,16520791840,2783504
1643,16442682672,16528008336,16530691008,2682672
1644,16451687296,16538008336,16539695632,1687296
1645,16462279648,16548008336,16550287984,2279648
1646,16472628096,16558008336,16560636432,2628096
1647,16482828656,16568008336,16570836992,2828656
1648,16492811808,16578008336,16580820144,2811808
1649,16502728192,16588008336,16590736528,2728192
1650,16512696640,16598008336,16600704976,2696640
1651,16522888288,16608008336,16610896624,2888288
1652,16532741904,16618008336,16620750240,2741904
1653,16542696400,16628008336,16630704736,2696400
1654,16552860704,16638008336,16640869040,2860704
1655,16562721104,16648008336,16650729440,2721104
1656,16572837408,16658008336,16660845744,2837408
1657,16582818784,16668008336,16670827120,2818784
1658,16593028720,16678008336,16681037056,3028720
1659,16602661584,16688008336,16690669920,2661584
1660,16612922224,16698008336,16700930560,2922224
1661,16622292416,16708008336,16710300752,2292416
1662,16632302192,16718008336,16720310528,2302192
1663,16642696256,16728008336,16730704592,2696256
1664,16652787008,16738008336,16740795344,2787008
1665,16662445824,16748008336,16750454160,2445824
1666,16672745040,16758008336,16760753376,2745040
1667,16682727440,16768008336,16770735776,2727440
1668,16692810160,16778008336,16780818496,2810160
1669,16702610608,16788008336,16790618944,2610608
1670,16712605680,16798008336,16800614016,2605680
1671,16722700944,16808008336,16810709280,2700944
1672,16732457696,16818008336,16820466032,2457696
1673,16742562336,16828008336,16830570672,2562336
1674,16752657872,16838008336,16840666208,2657872
1675,16762642592,16848008336,16850650928,2642592
1676,16772603472,16858008336,16860611808,2603472
1677,16782585600,16868008336,16870593936,2585600
1678,16792701520,16878008336,16880709856,2701520
1679,16802630304,16888008336,16890638640,2630304
1680,16812550976,16898008336,16900559312,2550976
1681,16822154496,16908008336,16910162832,2154496
1682,16832193856,16918008336,16920202192,2193856
1683,16842656208,16928008336,16930664544,2656208
1684,16852261760,16938008336,16940270096,2261760
1685,16862296480,16948008336,16950304816,2296480
1686,16872583584,16958008336,16960591920,2583584
1687,16882666128,16968008336,16970674464,2666128
1688,16892704128,16978008336,16980712464,2704128
1689,16902730592,16988008336,16990738928,2730592
1690,16912598000,16998008336,17000606336,2598000
1691,16922480640,17008008336,17010488976,2480640
1692,16932539136,17018008336,17020547472,2539136
1693,16942536784,17028008336,17030545120,2536784
1694,16952558816,17038008336,17040567152,2558816
1695,16962202032,17048008336,17050210368,2202032
1696,16972243168,17058008336,17060251504,2243168
1697,16982622704,17068008336,17070631040,2622704
1698,16992814528,17078008336,17080822864,2814528
1699,17003016704,17088008336,17091025040,3016704
1700,17012919216,17098008336,17100927552,2919216
1701,17022628192,17108008336,17110636528,2628192
1702,17032673056,17118008336,17120681392,2673056
1703,17042781568,17128008336,17130789904,2781568
1704,17052698496,17138008336,17140706832,2698496
1705,17062416512,17148008336,17150424848,2416512
1706,17072599248,17158008336,17160607584,2599248
1707,17082624256,17168008336,17170632592,2624256
1708,17092601712,17178008336,17180610048,2601712
1709,17102544512,17188008336,17190552848,2544512
1710,17112674416,17198008336,17200682752,2674416
1711,17122697024,17208008336,17210705360,2697024
1712,17132663136,17218008336,17220671472,2663136
1713,17142714144,17228008336,17230722480,2714144
1714,17152505712,17238008336,17240514048,2505712
1715,17162418976,17248008336,17250427312,2418976
1716,17172786272,17258008336,17260794608,2786272
1717,17182693520,17268008336,17270701856,2693520
1718,17192707408,17278008336,17280715744,2707408
1719,17202698064,17288008336,17290706400,2698064
1720,17212568336,17298008336,17300576672,2568336
1721,17222601792,17308008336,17310610128,2601792
1722,17232553456,17318008336,17320561792,2553456
1723,17242643184,17328008336,17330651520,2643184
1724,17252446816,17338008336,17340455152,2446816
1725,17262579888,17348008336,17350588224,2579888
1726,17272509776,17358008336,17360518112,2509776
1727,17282588144,17368008336,17370596480,2588144
1728,17292692096,17378008336,17380700432,2692096
1729,17302647664,17388008336,17390656000,2647664
1730,17312001456,17398008336,17400009792,2001456
1731,17322283952,17408008336,17410292288,2283952
1732,17332205504,17418008336,17420213840,2205504
1733,17342578432,17428008336,17430586768,2578432
1734,17353095520,17438008336,17441103856,3095520
1735,17362422640,17448008336,17450430976,2422640
1736,17372932992,17458008336,17460941328,2932992
1737,17382858400,17468008336,17470866736,2858400
1738,17392820768,17478008336,17480829104,2820768
1739,17402840432,17488008336,17490848768,2840432
1740,17412832128,17498008336,17500840464,2832128
1741,17422677552,17508008336,17510685888,2677552
1742,17432707968,17518008336,17520716304,2707968
1743,17442714784,17528008336,17530723120,2714784
1744,17452260256,17538008336,17540268592,2260256
1745,17462485088,17548008336,17550493424,2485088
1746,17472652928,17558008336,17560661264,2652928
1747,17482687072,17568008336,17570695408,2687072
1748,17492595600,17578008336,17580603936,2595600
1749,17502659520,17588008336,17590667856,2659520
1750,17512645136,17598008336,17600653472,2645136
1751,17523231264,17608008336,17611239600,3231264
1752,17532371664,17618008336,17620380000,2371664
1753,17542774160,17628008336,17630782496,2774160
1754,17552618944,17638008336,17640627280,2618944
1755,17562495024,17648008336,17650503360,2495024
1756,17572611472,17658008336,17660619808,2611472
1757,17582617296,17668008336,17670625632,2617296
1758,17592655856,17678008336,17680664192,2655856
1759,17602523488,17688008336,17690531824,2523488
1760,17612634608,17698008336,17700642944,2634608
1761,17621681152,17708008336,17709689488,1681152
1762,17631628432,17718008336,17719636768,1628432
1763,17642236560,17728008336,17730244896,2236560
1764,17652598112,17738008336,17740606448,2598112
1765,17662316320,17748008336,17750324656,2316320
1766,17672580928,17758008336,17760589264,2580928
1767,17682219520,17768008336,17770227856,2219520
1768,17693201504,17778008336,17781209840,3201504
1769,17701592560,17788008336,17789600896,1592560
1770,17711185264,17798008336,17799193600,1185264
1771,17721170032,17808008336,17809178368,1170032
1772,17731150192,17818008336,17819158528,1150192
1773,17740909488,17828008336,17828917824,909488
1774,17751048848,17838008336,17839057184,1048848
1775,17761256112,17848008336,17849264448,1256112
1776,17771299808,17858008336,17859308144,1299808
1777,17783034624,17868008336,17871042960,3034624
1778,17791616016,17878008336,17879624352,1616016
1779,17802658384,17888008336,17890666720,2658384
1780,17812577904,17898008336,17900586240,2577904
1781,17822136720,17908008336,17910145056,2136720
1782,17832302064,17918008336,17920310400,2302064
1783,17842848256,17928008336,17930856592,2848256
1784,17852302144,17938008336,17940310480,2302144
1785,17862691760,17948008336,17950700096,2691760
1786,17872810192,17958008336,17960818528,2810192
1787,17882626656,17968008336,17970634992,2626656
1788,17892592560,17978008336,17980600896,2592560
1789,17902808976,17988008336,17990817312,2808976
1790,17912587216,17998008336,18000595552,2587216
1791,17922650400,18008008336,18010658736,2650400
PERIODIC LATENCY CHUNK end=1792
1792,17932556416,18018008336,18020564752,2556416
1793,17942581504,18028008336,18030589840,2581504
1794,17952586480,18038008336,18040594816,2586480
1795,17961268688,18048008336,18049277024,1268688
1796,17971697888,18058008336,18059706224,1697888
1797,17982258832,18068008336,18070267168,2258832
1798,17992422480,18078008336,18080430816,2422480
1799,18002566832,18088008336,18090575168,2566832
1800,18012632816,18098008336,18100641152,2632816
1801,18022784400,18108008336,18110792736,2784400
1802,18032703440,18118008336,18120711776,2703440
1803,18042514272,18128008336,18130522608,2514272
1804,18052695952,18138008336,18140704288,2695952
1805,18062745008,18148008336,18150753344,2745008
1806,18072705776,18158008336,18160714112,2705776
1807,18082572768,18168008336,18170581104,2572768
1808,18092515792,18178008336,18180524128,2515792
1809,18102629952,18188008336,18190638288,2629952
1810,18112599408,18198008336,18200607744,2599408
1811,18122690544,18208008336,18210698880,2690544
1812,18132853264,18218008336,18220861600,2853264
1813,18142840688,18228008336,18230849024,2840688
1814,18152744768,18238008336,18240753104,2744768
1815,18162503568,18248008336,18250511904,2503568
1816,18172663712,18258008336,18260672048,2663712
1817,18182769808,18268008336,18270778144,2769808
1818,18192622768,18278008336,18280631104,2622768
1819,18202745904,18288008336,18290754240,2745904
1820,18212771696,18298008336,18300780032,2771696
1821,18222642576,18308008336,18310650912,2642576
1822,18232831424,18318008336,18320839760,2831424
1823,18242702736,18328008336,18330711072,2702736
1824,18252903328,18338008336,18340911664,2903328
1825,18262582464,18348008336,18350590800,2582464
1826,18272604160,18358008336,18360612496,2604160
1827,18282686864,18368008336,18370695200,2686864
1828,18292705136,18378008336,18380713472,2705136
1829,18302692736,18388008336,18390701072,2692736
1830,18312098640,18398008336,18400106976,2098640
1831,18322654336,18408008336,18410662672,2654336
1832,18332559808,18418008336,18420568144,2559808
1833,18342629824,18428008336,18430638160,2629824
1834,18352667136,18438008336,18440675472,2667136
1835,18362603440,18448008336,18450611776,2603440
1836,18372748160,18458008336,18460756496,2748160
1837,18382707424,18468008336,18470715760,2707424
1838,18392497088,18478008336,18480505424,2497088
1839,18402471840,18488008336,18490480176,2471840
1840,18412672736,18498008336,18500681072,2672736
1841,18422742048,18508008336,18510750384,2742048
1842,18432811696,18518008336,18520820032,2811696
1843,18442891328,18528008336,18530899664,2891328
1844,18452515696,18538008336,18540524032,2515696
1845,18462705904,18548008336,18550714240,2705904
1846,18472625696,18558008336,18560634032,2625696
1847,18482838656,18568008336,18570846992,2838656
1848,18492901056,18578008336,18580909392,2901056
1849,18502880800,18588008336,18590889136,2880800
1850,18512827568,18598008336,18600835904,2827568
1851,18522796800,18608008336,18610805136,2796800
1852,18533219312,18618008336,18621227648,3219312
1853,18542911744,18628008336,18630920080,2911744
1854,18552567664,18638008336,18640576000,2567664
1855,18562952384,18648008336,18650960720,2952384
1856,18572814320,18658008336,18660822656,2814320
1857,18582747968,18668008336,18670756304,2747968
1858,18592818960,18678008336,18680827296,2818960
1859,18602622400,18688008336,18690630736,2622400
1860,18612730016,18698008336,18700738352,2730016
1861,18622389728,18708008336,18710398064,2389728
1862,18632404464,18718008336,18720412800,2404464
1863,18642861536,18728008336,18730869872,2861536
1864,18652682288,18738008336,18740690624,2682288
1865,18662019552,18748008336,18750027888,2019552
1866,18672681984,18758008336,18760690320,2681984
1867,18683158432,18768008336,18771166768,3158432
1868,18692955232,18778008336,18780963568,2955232
1869,18702688992,18788008336,18790697328,2688992
1870,18712324880,18798008336,18800333216,2324880
1871,18722813936,18808008336,18810822272,2813936
1872,18732222368,18818008336,18820230704,2222368
1873,18742684096,18828008336,18830692432,2684096
1874,18752736864,18838008336,18840745200,2736864
1875,18762689824,18848008336,18850698160,2689824
1876,18772492560,18858008336,18860500896,2492560
1877,18782476736,18868008336,18870485072,2476736
1878,18792558896,18878008336,18880567232,2558896
1879,18802736032,18888008336,18890744368,2736032
1880,18812512928,18898008336,18900521264,2512928
1881,18822619040,18908008336,18910627376,2619040
1882,18832710208,18918008336,18920718544,2710208
1883,18842913952,18928008336,18930922288,2913952
1884,18851651552,18938008336,18939659888,1651552
1885,18862128144,18948008336,18950136480,2128144
1886,18872730064,18958008336,18960738400,2730064
1887,18882822400,18968008336,18970830736,2822400
1888,18892922352,18978008336,18980930688,2922352
1889,18902937040,18988008336,18990945376,2937040
1890,18912728912,18998008336,19000737248,2728912
1891,18923038768,19008008336,19011047104,3038768
1892,18933000544,19018008336,19021008880,3000544
1893,18942707472,19028008336,19030715808,2707472
1894,18953017312,19038008336,19041025648,3017312
1895,18961900816,19048008336,19049909152,1900816
1896,18972978336,19058008336,19060986672,2978336
1897,18982832048,19068008336,19070840384,2832048
1898,18993049888,19078008336,19081058224,3049888
1899,19002845696,19088008336,19090854032,2845696
1900,19012853264,19098008336,19100861600,2853264
1901,19022848128,19108008336,19110856464,2848128
1902,19032802096,19118008336,19120810432,2802096
1903,19041386224,19128008336,19129394560,1386224
1904,19052577840,19138008336,19140586176,2577840
1905,19062872320,19148008336,19150880656,2872320
1906,19072663872,19158008336,19160672208,2663872
1907,19082697504,19168008336,19170705840,2697504
1908,19093136544,19178008336,19181144880,3136544
1909,19102649904,19188008336,19190658240,2649904
1910,19112396976,19198008336,19200405312,2396976
1911,19122609376,19208008336,19210617712,2609376
1912,19132726928,19218008336,19220735264,2726928
1913,19142931808,19228008336,19230940144,2931808
1914,19153091104,19238008336,19241099440,3091104
1915,19162937728,19248008336,19250946064,2937728
1916,19172928880,19258008336,19260937216,2928880
1917,19182723120,19268008336,19270731456,2723120
1918,19192868128,19278008336,19280876464,2868128
1919,19202716384,19288008336,19290724720,2716384
1920,19212830048,19298008336,19300838384,2830048
1921,19222946672,19308008336,19310955008,2946672
1922,19232721296,19318008336,19320729632,2721296
1923,19243059248,19328008336,19331067584,3059248
1924,19252767184,19338008336,19340775520,2767184
1925,19262778848,19348008336,19350787184,2778848
1926,19272956272,19358008336,19360964608,2956272
1927,19282607872,19368008336,19370616208,2607872
1928,19292808160,19378008336,19380816496,2808160
1929,19302739872,19388008336,19390748208,2739872
1930,19312234240,19398008336,19400242576,2234240
1931,19322085456,19408008336,19410093792,2085456
1932,19332606608,19418008336,19420614944,2606608
1933,19342888496,19428008336,19430896832,2888496
1934,19352604752,19438008336,19440613088,2604752
1935,19362925408,19448008336,19450933744,2925408
1936,19372840048,19458008336,19460848384,2840048
1937,19382714224,19468008336,19470722560,2714224
1938,19392546560,19478008336,19480554896,2546560
1939,19402803664,19488008336,19490812000,2803664
1940,19412705104,19498008336,19500713440,2705104
1941,19422736464,19508008336,19510744800,2736464
1942,19432708608,19518008336,19520716944,2708608
1943,19442698816,19528008336,19530707152,2698816
1944,19452456320,19538008336,19540464656,2456320
1945,19462762480,19548008336,19550770816,2762480
1946,19472476496,19558008336,19560484832,2476496
1947,19482658672,19568008336,19570667008,2658672
1948,19492538720,19578008336,19580547056,2538720
1949,19502603088,19588008336,19590611424,2603088
1950,19512693776,19598008336,19600702112,2693776
1951,19523324608,19608008336,19611332944,3324608
1952,19532671664,19618008336,19620680000,2671664
1953,19542784640,19628008336,19630792976,2784640
1954,19552439408,19638008336,19640447744,2439408
1955,19562723488,19648008336,19650731824,2723488
1956,19572690640,19658008336,19660698976,2690640
1957,19582914816,19668008336,19670923152,2914816
1958,19592899136,19678008336,19680907472,2899136
1959,19602668144,19688008336,19690676480,2668144
1960,19612849616,19698008336,19700857952,2849616
1961,19622649488,19708008336,19710657824,2649488
1962,19632445648,19718008336,19720453984,2445648
1963,19642701312,19728008336,19730709648,2701312
1964,19652674592,19738008336,19740682928,2674592
1965,19662286224,19748008336,19750294560,2286224
1966,19672604576,19758008336,19760612912,2604576
1967,19682750592,19768008336,19770758928,2750592
1968,19692709472,19778008336,19780717808,2709472
1969,19702627696,19788008336,19790636032,2627696
1970,19712648128,19798008336,19800656464,2648128
1971,19722718608,19808008336,19810726944,2718608
1972,19732509568,19818008336,19820517904,2509568
1973,19742726720,19828008336,19830735056,2726720
1974,19753104256,19838008336,19841112592,3104256
1975,19763225600,19848008336,19851233936,3225600
1976,19772899232,19858008336,19860907568,2899232
1977,19782673088,19868008336,19870681424,2673088
1978,19792776720,19878008336,19880785056,2776720
1979,19802692144,19888008336,19890700480,2692144
1980,19812980800,19898008336,19900989136,2980800
1981,19822282560,19908008336,19910290896,2282560
1982,19832819936,19918008336,19920828272,2819936
1983,19842995920,19928008336,19931004256,2995920
1984,19852211792,19938008336,19940220128,2211792
1985,19862558144,19948008336,19950566480,2558144
1986,19872990496,19958008336,19960998832,2990496
1987,19882847296,19968008336,19970855632,2847296
1988,19892757216,19978008336,19980765552,2757216
1989,19902938224,19988008336,19990946560,2938224
1990,19912640352,19998008336,20000648688,2640352
1991,19922803168,20008008336,20010811504,2803168
1992,19932889296,20018008336,20020897632,2889296
1993,19942655552,20028008336,20030663888,2655552
1994,19952898304,20038008336,20040906640,2898304
1995,19962295136,20048008336,20050303472,2295136
1996,19972744032,20058008336,20060752368,2744032
1997,19982308624,20068008336,20070316960,2308624
1998,19992947872,20078008336,20080956208,2947872
1999,20003032928,20088008336,20091041264,3032928
2000,20012807312,20098008336,20100815648,2807312
2001,20022931296,20108008336,20110939632,2931296
2002,20032769072,20118008336,20120777408,2769072
2003,20042924048,20128008336,20130932384,2924048
2004,20052662976,20138008336,20140671312,2662976
2005,20062777344,20148008336,20150785680,2777344
2006,20072928656,20158008336,20160936992,2928656
2007,20082904352,20168008336,20170912688,2904352
2008,20092907344,20178008336,20180915680,2907344
2009,20102822432,20188008336,20190830768,2822432
2010,20112798608,20198008336,20200806944,2798608
2011,20122688448,20208008336,20210696784,2688448
2012,20132930112,20218008336,20220938448,2930112
2013,20142549808,20228008336,20230558144,2549808
2014,20152316720,20238008336,20240325056,2316720
2015,20162640896,20248008336,20250649232,2640896
2016,20172373696,20258008336,20260382032,2373696
2017,20182882080,20268008336,20270890416,2882080
2018,20192817824,20278008336,20280826160,2817824
2019,20202704640,20288008336,20290712976,2704640
2020,20212711008,20298008336,20300719344,2711008
2021,20222795920,20308008336,20310804256,2795920
2022,20232892992,20318008336,20320901328,2892992
2023,20242926432,20328008336,20330934768,2926432
2024,20252791088,20338008336,20340799424,2791088
2025,20262799328,20348008336,20350807664,2799328
2026,20272781424,20358008336,20360789760,2781424
2027,20282734112,20368008336,20370742448,2734112
2028,20292270816,20378008336,20380279152,2270816
2029,20302718992,20388008336,20390727328,2718992
2030,20311876416,20398008336,20399884752,1876416
2031,20322489104,20408008336,20410497440,2489104
2032,20332908864,20418008336,20420917200,2908864
2033,20342754608,20428008336,20430762944,2754608
2034,20352706576,20438008336,20440714912,2706576
2035,20362696272,20448008336,20450704608,2696272
2036,20372952064,20458008336,20460960400,2952064
2037,20382762672,20468008336,20470771008,2762672
2038,20392542480,20478008336,20480550816,2542480
2039,20402933440,20488008336,20490941776,2933440
2040,20412815616,20498008336,20500823952,2815616
2041,20422810544,20508008336,20510818880,2810544
2042,20432700608,20518008336,20520708944,2700608
2043,20442810000,20528008336,20530818336,2810000
2044,20451634144,20538008336,20539642480,1634144
2045,20462788768,20548008336,20550797104,2788768
2046,20472501616,20558008336,20560509952,2501616
2047,20482750160,20568008336,20570758496,2750160
PERIODIC LATENCY CHUNK end=2048
2048,20492761152,20578008336,20580769488,2761152
2049,20502886016,20588008336,20590894352,2886016
2050,20512749568,20598008336,20600757904,2749568
2051,20522984448,20608008336,20610992784,2984448
2052,20532716512,20618008336,20620724848,2716512
2053,20543053904,20628008336,20631062240,3053904
2054,20552496272,20638008336,20640504608,2496272
2055,20562924688,20648008336,20650933024,2924688
2056,20572728848,20658008336,20660737184,2728848
2057,20582492688,20668008336,20670501024,2492688
2058,20592938736,20678008336,20680947072,2938736
2059,20602796064,20688008336,20690804400,2796064
2060,20612670464,20698008336,20700678800,2670464
2061,20622576320,20708008336,20710584656,2576320
2062,20632520208,20718008336,20720528544,2520208
2063,20643006928,20728008336,20731015264,3006928
2064,20652804592,20738008336,20740812928,2804592
2065,20662335328,20748008336,20750343664,2335328
2066,20672696992,20758008336,20760705328,2696992
2067,20682230640,20768008336,20770238976,2230640
2068,20692259824,20778008336,20780268160,2259824
2069,20702297920,20788008336,20790306256,2297920
2070,20711546400,20798008336,20799554736,1546400
2071,20721040176,20808008336,20809048512,1040176
2072,20731286576,20818008336,20819294912,1286576
2073,20741798752,20828008336,20829807088,1798752
2074,20751426192,20838008336,20839434528,1426192
2075,20761721040,20848008336,20849729376,1721040
2076,20771534352,20858008336,20859542688,1534352
2077,20781534192,20868008336,20869542528,1534192
2078,20791360800,20878008336,20879369136,1360800
2079,20801198560,20888008336,20889206896,1198560
2080,20811021616,20898008336,20899029952,1021616
2081,20821378816,20908008336,20909387152,1378816
2082,20831057728,20918008336,20919066064,1057728
2083,20841420352,20928008336,20929428688,1420352
2084,20852189424,20938008336,20940197760,2189424
2085,20863228448,20948008336,20951236784,3228448
2086,20873101392,20958008336,20961109728,3101392
2087,20882654880,20968008336,20970663216,2654880
2088,20892920864,20978008336,20980929200,2920864
2089,20902939072,20988008336,20990947408,2939072
2090,20912766528,20998008336,21000774864,2766528
2091,20922977152,21008008336,21010985488,2977152
2092,20933256272,21018008336,21021264608,3256272
2093,20942994640,21028008336,21031002976,2994640
2094,20952904384,21038008336,21040912720,2904384
2095,20962376224,21048008336,21050384560,2376224
2096,20972520464,21058008336,21060528800,2520464
2097,20982955552,21068008336,21070963888,2955552
2098,20993082848,21078008336,21081091184,3082848
2099,21001610912,21088008336,21089619248,1610912
2100,21012021184,21098008336,21100029520,2021184
2101,21023137584,21108008336,21111145920,3137584
2102,21033006400,21118008336,21121014736,3006400
2103,21042837312,21128008336,21130845648,2837312
2104,21052567696,21138008336,21140576032,2567696
2105,21062785776,21148008336,21150794112,2785776
2106,21072814400,21158008336,21160822736,2814400
2107,21082832784,21168008336,21170841120,2832784
2108,21092831472,21178008336,21180839808,2831472
2109,21102761376,21188008336,21190769712,2761376
2110,21112672096,21198008336,21200680432,2672096
2111,21122869456,21208008336,21210877792,2869456
2112,21132178432,21218008336,21220186768,2178432
2113,21142204928,21228008336,21230213264,2204928
2114,21152365248,21238008336,21240373584,2365248
2115,21162681664,21248008336,21250690000,2681664
2116,21172350176,21258008336,21260358512,2350176
2117,21182685072,21268008336,21270693408,2685072
2118,21192521776,21278008336,21280530112,2521776
2119,21203199648,21288008336,21291207984,3199648
2120,21212966608,21298008336,21300974944,2966608
2121,21222502544,21308008336,21310510880,2502544
2122,21232566240,21318008336,21320574576,2566240
2123,21242678496,21328008336,21330686832,2678496
2124,21252737488,21338008336,21340745824,2737488
2125,21262752784,21348008336,21350761120,2752784
2126,21272846400,21358008336,21360854736,2846400
2127,21282536896,21368008336,21370545232,2536896
2128,21292756416,21378008336,21380764752,2756416
2129,21301827488,21388008336,21389835824,1827488
2130,21312262928,21398008336,21400271264,2262928
2131,21321816624,21408008336,21409824960,1816624
2132,21332129744,21418008336,21420138080,2129744
2133,21342368928,21428008336,21430377264,2368928
2134,21352511712,21438008336,21440520048,2511712
2135,21362500064,21448008336,21450508400,2500064
2136,21372591328,21458008336,21460599664,2591328
2137,21382680256,21468008336,21470688592,2680256
2138,21392575856,21478008336,21480584192,2575856
2139,21402685376,21488008336,21490693712,2685376
2140,21412776336,21498008336,21500784672,2776336
2141,21422646480,21508008336,21510654816,2646480
2142,21432602816,21518008336,21520611152,2602816
2143,21442620288,21528008336,21530628624,2620288
2144,21451477552,21538008336,21539485888,1477552
2145,21461945024,21548008336,21549953360,1945024
2146,21472356448,21558008336,21560364784,2356448
2147,21482534544,21568008336,21570542880,2534544
2148,21492654768,21578008336,21580663104,2654768
2149,21502735168,21588008336,21590743504,2735168
2150,21512749712,21598008336,21600758048,2749712
2151,21522694784,21608008336,21610703120,2694784
2152,21532693856,21618008336,21620702192,2693856
2153,21542709904,21628008336,21630718240,2709904
2154,21552556224,21638008336,21640564560,2556224
2155,21562777824,21648008336,21650786160,2777824
2156,21572785792,21658008336,21660794128,2785792
2157,21582730000,21668008336,21670738336,2730000
2158,21592573312,21678008336,21680581648,2573312
2159,21602629040,21688008336,21690637376,2629040
2160,21612712384,21698008336,21700720720,2712384
2161,21622356640,21708008336,21710364976,2356640
2162,21632573296,21718008336,21720581632,2573296
2163,21642715872,21728008336,21730724208,2715872
2164,21652779760,21738008336,21740788096,2779760
2165,21662284416,21748008336,21750292752,2284416
2166,21672700992,21758008336,21760709328,2700992
2167,21682558912,21768008336,21770567248,2558912
2168,21692717408,21778008336,21780725744,2717408
2169,21702978736,21788008336,21790987072,2978736
2170,21712911184,21798008336,21800919520,2911184
2171,21722765952,21808008336,21810774288,2765952
2172,21732043376,21818008336,21820051712,2043376
2173,21742300416,21828008336,21830308752,2300416
2174,21752425424,21838008336,21840433760,2425424
2175,21762572928,21848008336,21850581264,2572928
2176,21772600096,21858008336,21860608432,2600096
2177,21782714944,21868008336,21870723280,2714944
2178,21792093632,21878008336,21880101968,2093632
2179,21803779280,21888008336,21891787616,3779280
2180,21812982976,21898008336,21900991312,2982976
2181,21822458976,21908008336,21910467312,2458976
2182,21833143920,21918008336,21921152256,3143920
2183,21843008000,21928008336,21931016336,3008000
2184,21852331824,21938008336,21940340160,2331824
2185,21862784512,21948008336,21950792848,2784512
2186,21873034432,21958008336,21961042768,3034432
2187,21882547744,21968008336,21970556080,2547744
2188,21892312208,21978008336,21980320544,2312208
2189,21902975248,21988008336,21990983584,2975248
2190,21912978368,21998008336,22000986704,2978368
2191,21923073712,22008008336,22011082048,3073712
2192,21932802080,22018008336,22020810416,2802080
2193,21942461408,22028008336,22030469744,2461408
2194,21952699392,22038008336,22040707728,2699392
2195,21962754848,22048008336,22050763184,2754848
2196,21972265456,22058008336,22060273792,2265456
2197,21982611424,22068008336,22070619760,2611424
2198,21992784864,22078008336,22080793200,2784864
2199,22002774224,22088008336,22090782560,2774224
2200,22012807408,22098008336,22100815744,2807408
2201,22022379024,22108008336,22110387360,2379024
2202,22032559888,22118008336,22120568224,2559888
2203,22042922720,22128008336,22130931056,2922720
2204,22052508816,22138008336,22140517152,2508816
2205,22062838000,22148008336,22150846336,2838000
2206,22072977840,22158008336,22160986176,2977840
2207,22082816688,22168008336,22170825024,2816688
2208,22092821312,22178008336,22180829648,2821312
2209,22103374688,22188008336,22191383024,3374688
2210,22112664048,22198008336,22200672384,2664048
2211,22122940672,22208008336,22210949008,2940672
2212,22132263552,22218008336,22220271888,2263552
2213,22142654048,22228008336,22230662384,2654048
2214,22152609200,22238008336,22240617536,2609200
2215,22162710144,22248008336,22250718480,2710144
2216,22172750272,22258008336,22260758608,2750272
2217,22182325984,22268008336,22270334320,2325984
2218,22192788544,22278008336,22280796880,2788544
2219,22202707008,22288008336,22290715344,2707008
2220,22212690240,22298008336,22300698576,2690240
2221,22222842352,22308008336,22310850688,2842352
2222,22232852048,22318008336,22320860384,2852048
2223,22242833920,22328008336,22330842256,2833920
2224,22252789296,22338008336,22340797632,2789296
2225,22262704304,22348008336,22350712640,2704304
2226,22272708000,22358008336,22360716336,2708000
2227,22282534576,22368008336,22370542912,2534576
2228,22292826320,22378008336,22380834656,2826320
2229,22303039104,22388008336,22391047440,3039104
2230,22312326208,22398008336,22400334544,2326208
2231,22322629520,22408008336,22410637856,2629520
2232,22332777312,22418008336,22420785648,2777312
2233,22343009344,22428008336,22431017680,3009344
2234,22352769728,22438008336,22440778064,2769728
2235,22362837712,22448008336,22450846048,2837712
2236,22372783552,22458008336,22460791888,2783552
2237,22382468688,22468008336,22470477024,2468688
2238,22392427184,22478008336,22480435520,2427184
2239,22402573664,22488008336,22490582000,2573664
2240,22413024800,22498008336,22501033136,3024800
2241,22422817968,22508008336,22510826304,2817968
2242,22432856192,22518008336,22520864528,2856192
2243,22442704464,22528008336,22530712800,2704464
2244,22452349328,22538008336,22540357664,2349328
2245,22462720144,22548008336,22550728480,2720144
2246,22472748672,22558008336,22560757008,2748672
2247,22482318000,22568008336,22570326336,2318000
2248,22492907856,22578008336,22580916192,2907856
2249,22502805648,22588008336,22590813984,2805648
2250,22512762592,22598008336,22600770928,2762592
2251,22522897360,22608008336,22610905696,2897360
2252,22533050672,22618008336,22621059008,3050672
2253,22543013120,22628008336,22631021456,3013120
2254,22552607696,22638008336,22640616032,2607696
2255,22562891600,22648008336,22650899936,2891600
2256,22572785248,22658008336,22660793584,2785248
2257,22582519296,22668008336,22670527632,2519296
2258,22592789520,22678008336,22680797856,2789520
2259,22602823040,22688008336,22690831376,2823040
2260,22612871632,22698008336,22700879968,2871632
2261,22622464160,22708008336,22710472496,2464160
2262,22632602368,22718008336,22720610704,2602368
2263,22643014480,22728008336,22731022816,3014480
2264,22652828960,22738008336,22740837296,2828960
2265,22662270128,22748008336,22750278464,2270128
2266,22672701808,22758008336,22760710144,2701808
2267,22682655248,22768008336,22770663584,2655248
2268,22692974528,22778008336,22780982864,2974528
2269,22702922080,22788008336,22790930416,2922080
2270,22712807104,22798008336,22800815440,2807104
2271,22722906064,22808008336,22810914400,2906064
2272,22732329200,22818008336,22820337536,2329200
2273,22742847824,22828008336,22830856160,2847824
2274,22752803968,22838008336,22840812304,2803968
2275,22762983312,22848008336,22850991648,2983312
2276,22772913792,22858008336,22860922128,2913792
2277,22783394896,22868008336,22871403232,3394896
2278,22793263248,22878008336,22881271584,3263248
2279,22802820736,22888008336,22890829072,2820736
2280,22812810832,22898008336,22900819168,2810832
2281,22822125632,22908008336,22910133968,2125632
2282,22832873904,22918008336,22920882240,2873904
2283,22842807600,22928008336,22930815936,2807600
2284,22852307760,22938008336,22940316096,2307760
2285,22862789984,22948008336,22950798320,2789984
2286,22872988368,22958008336,22960996704,2988368
2287,22883075600,22968008336,22971083936,3075600
2288,22892800064,22978008336,22980808400,2800064
2289,22902914416,22988008336,22990922752,2914416
2290,22912699104,22998008336,23000707440,2699104
2291,22922967248,23008008336,23010975584,2967248
2292,22932852240,23018008336,23020860576,2852240
2293,22942764912,23028008336,23030773248,2764912
2294,22952687584,23038008336,23040695920,2687584
2295,22962378880,23048008336,23050387216,2378880
2296,22972735248,23058008336,23060743584,2735248
2297,22982718912,23068008336,23070727248,2718912
2298,22992937168,23078008336,23080945504,2937168
2299,23002690464,23088008336,23090698800,2690464
2300,23012588448,23098008336,23100596784,2588448
2301,23022882768,23108008336,23110891104,2882768
2302,23032584144,23118008336,23120592480,2584144
2303,23042965040,23128008336,23130973376,2965040
PERIODIC LATENCY CHUNK end=2304
2304,23052480592,23138008336,23140488928,2480592
2305,23062907104,23148008336,23150915440,2907104
2306,23072832496,23158008336,23160840832,2832496
2307,23082878256,23168008336,23170886592,2878256
2308,23092859536,23178008336,23180867872,2859536
2309,23102914400,23188008336,23190922736,2914400
2310,23113477568,23198008336,23201485904,3477568
2311,23122682000,23208008336,23210690336,2682000
2312,23132483904,23218008336,23220492240,2483904
2313,23142555040,23228008336,23230563376,2555040
2314,23152831264,23238008336,23240839600,2831264
2315,23162922976,23248008336,23250931312,2922976
2316,23172807920,23258008336,23260816256,2807920
2317,23182592736,23268008336,23270601072,2592736
2318,23193022032,23278008336,23281030368,3022032
2319,23202670496,23288008336,23290678832,2670496
2320,23212478544,23298008336,23300486880,2478544
2321,23222818000,23308008336,23310826336,2818000
2322,23232797072,23318008336,23320805408,2797072
2323,23242817984,23328008336,23330826320,2817984
2324,23252995248,23338008336,23341003584,2995248
2325,23262715792,23348008336,23350724128,2715792
2326,23272985408,23358008336,23360993744,2985408
2327,23283254752,23368008336,23371263088,3254752
2328,23293034384,23378008336,23381042720,3034384
2329,23302718320,23388008336,23390726656,2718320
2330,23312327264,23398008336,23400335600,2327264
2331,23322845232,23408008336,23410853568,2845232
2332,23333051760,23418008336,23421060096,3051760
2333,23342820320,23428008336,23430828656,2820320
2334,23352757952,23438008336,23440766288,2757952
2335,23362706880,23448008336,23450715216,2706880
2336,23372819984,23458008336,23460828320,2819984
2337,23382447488,23468008336,23470455824,2447488
2338,23392782224,23478008336,23480790560,2782224
2339,23402351088,23488008336,23490359424,2351088
2340,23412810400,23498008336,23500818736,2810400
2341,23422850272,23508008336,23510858608,2850272
2342,23432763136,23518008336,23520771472,2763136
2343,23443272208,23528008336,23531280544,3272208
2344,23452181152,23538008336,23540189488,2181152
2345,23462856192,23548008336,23550864528,2856192
2346,23472745152,23558008336,23560753488,2745152
2347,23482599744,23568008336,23570608080,2599744
2348,23492930736,23578008336,23580939072,2930736
2349,23502955024,23588008336,23590963360,2955024
2350,23512542128,23598008336,23600550464,2542128
2351,23522829248,23608008336,23610837584,2829248
2352,23532836752,23618008336,23620845088,2836752
2353,23542905712,23628008336,23630914048,2905712
2354,23552655312,23638008336,23640663648,2655312
2355,23562587904,23648008336,23650596240,2587904
2356,23573034512,23658008336,23661042848,3034512
2357,23582474064,23668008336,23670482400,2474064
2358,23592888160,23678008336,23680896496,2888160
2359,23602850784,23688008336,23690859120,2850784
2360,23612827808,23698008336,23700836144,2827808
2361,23622439168,23708008336,23710447504,2439168
2362,23632797488,23718008336,23720805824,2797488
2363,23642449856,23728008336,23730458192,2449856
2364,23652818464,23738008336,23740826800,2818464
2365,23662274512,23748008336,23750282848,2274512
2366,23672626992,23758008336,23760635328,2626992
2367,23682911456,23768008336,23770919792,2911456
2368,23692703952,23778008336,23780712288,2703952
2369,23703023008,23788008336,23791031344,3023008
2370,23712634688,23798008336,23800643024,2634688
2371,23722748304,23808008336,23810756640,2748304
2372,23731996192,23818008336,23820004528,1996192
2373,23742827872,23828008336,23830836208,2827872
2374,23752823360,23838008336,23840831696,2823360
2375,23762732544,23848008336,23850740880,2732544
2376,23772906880,23858008336,23860915216,2906880
2377,23782738144,23868008336,23870746480,2738144
2378,23792687376,23878008336,23880695712,2687376
2379,23802822912,23888008336,23890831248,2822912
2380,23812407344,23898008336,23900415680,2407344
2381,23821045120,23908008336,23909053456,1045120
2382,23831079232,23918008336,23919087568,1079232
2383,23840971376,23928008336,23928979712,971376
2384,23851210880,23938008336,23939219216,1210880
2385,23861029008,23948008336,23949037344,1029008
2386,23870973040,23958008336,23958981376,973040
2387,23881022992,23968008336,23969031328,1022992
2388,23891239648,23978008336,23979247984,1239648
2389,23902107648,23988008336,23990115984,2107648
2390,23912670400,23998008336,24000678736,2670400
2391,23923204480,24008008336,24011212816,3204480
2392,23933187616,24018008336,24021195952,3187616
2393,23943003056,24028008336,24031011392,3003056
2394,23952809808,24038008336,24040818144,2809808
2395,23962345600,24048008336,24050353936,2345600
2396,23972855504,24058008336,24060863840,2855504
2397,23982581056,24068008336,24070589392,2581056
2398,23992895648,24078008336,24080903984,2895648
2399,24002795200,24088008336,24090803536,2795200
2400,24012652384,24098008336,24100660720,2652384
2401,24023381312,24108008336,24111389648,3381312
2402,24032445712,24118008336,24120454048,2445712
2403,24042632000,24128008336,24130640336,2632000
2404,24052741744,24138008336,24140750080,2741744
2405,24062581952,24148008336,24150590288,2581952
2406,24073244944,24158008336,24161253280,3244944
2407,24082604368,24168008336,24170612704,2604368
2408,24092976672,24178008336,24180985008,2976672
2409,24102859360,24188008336,24190867696,2859360
2410,24112525232,24198008336,24200533568,2525232
2411,24122830432,24208008336,24210838768,2830432
2412,24132443280,24218008336,24220451616,2443280
2413,24142664400,24228008336,24230672736,2664400
2414,24152719376,24238008336,24240727712,2719376
2415,24162509920,24248008336,24250518256,2509920
2416,24173007232,24258008336,24261015568,3007232
2417,24182796320,24268008336,24270804656,2796320
2418,24193379536,24278008336,24281387872,3379536
2419,24202887216,24288008336,24290895552,2887216
2420,24213087680,24298008336,24301096016,3087680
2421,24222584864,24308008336,24310593200,2584864
2422,24232807120,24318008336,24320815456,2807120
2423,24242877984,24328008336,24330886320,2877984
2424,24252571120,24338008336,24340579456,2571120
2425,24263031680,24348008336,24351040016,3031680
2426,24272814736,24358008336,24360823072,2814736
2427,24282702016,24368008336,24370710352,2702016
2428,24292694368,24378008336,24380702704,2694368
2429,24303033440,24388008336,24391041776,3033440
2430,24312142672,24398008336,24400151008,2142672
2431,24322497216,24408008336,24410505552,2497216
2432,24332877008,24418008336,24420885344,2877008
2433,24342770416,24428008336,24430778752,2770416
2434,24352790528,24438008336,24440798864,2790528
2435,24362980752,24448008336,24450989088,2980752
2436,24372926400,24458008336,24460934736,2926400
2437,24382399904,24468008336,24470408240,2399904
2438,24392556752,24478008336,24480565088,2556752
2439,24402486096,24488008336,24490494432,2486096
2440,24412534304,24498008336,24500542640,2534304
2441,24422870752,24508008336,24510879088,2870752
2442,24432927744,24518008336,24520936080,2927744
2443,24442966256,24528008336,24530974592,2966256
2444,24451785408,24538008336,24539793744,1785408
2445,24462052352,24548008336,24550060688,2052352
2446,24472608368,24558008336,24560616704,2608368
2447,24482752480,24568008336,24570760816,2752480
2448,24492904752,24578008336,24580913088,2904752
2449,24502904304,24588008336,24590912640,2904304
2450,24512736480,24598008336,24600744816,2736480
2451,24522822992,24608008336,24610831328,2822992
2452,24532789760,24618008336,24620798096,2789760
2453,24543007648,24628008336,24631015984,3007648
2454,24552993856,24638008336,24641002192,2993856
2455,24562980256,24648008336,24650988592,2980256
2456,24572784832,24658008336,24660793168,2784832
2457,24582759632,24668008336,24670767968,2759632
2458,24592787184,24678008336,24680795520,2787184
2459,24602857008,24688008336,24690865344,2857008
2460,24612490096,24698008336,24700498432,2490096
2461,24621644608,24708008336,24709652944,1644608
2462,24631227040,24718008336,24719235376,1227040
2463,24641800064,24728008336,24729808400,1800064
2464,24653040240,24738008336,24741048576,3040240
2465,24662286160,24748008336,24750294496,2286160
2466,24672602336,24758008336,24760610672,2602336
2467,24682608064,24768008336,24770616400,2608064
2468,24693075360,24778008336,24781083696,3075360
2469,24702829184,24788008336,24790837520,2829184
2470,24713087152,24798008336,24801095488,3087152
2471,24722674000,24808008336,24810682336,2674000
2472,24732259808,24818008336,24820268144,2259808
2473,24742634352,24828008336,24830642688,2634352
2474,24752972256,24838008336,24840980592,2972256
2475,24762705536,24848008336,24850713872,2705536
2476,24772812544,24858008336,24860820880,2812544
2477,24782439776,24868008336,24870448112,2439776
2478,24792662736,24878008336,24880671072,2662736
2479,24802871728,24888008336,24890880064,2871728
2480,24812551120,24898008336,24900559456,2551120
2481,24822669488,24908008336,24910677824,2669488
2482,24832781664,24918008336,24920790000,2781664
2483,24842809744,24928008336,24930818080,2809744
2484,24852847504,24938008336,24940855840,2847504
2485,24862854208,24948008336,24950862544,2854208
2486,24872822736,24958008336,24960831072,2822736
2487,24882662816,24968008336,24970671152,2662816
2488,24892798608,24978008336,24980806944,2798608
2489,24902487072,24988008336,24990495408,2487072
2490,24912715200,24998008336,25000723536,2715200
2491,24922706688,25008008336,25010715024,2706688
2492,24932939392,25018008336,25020947728,2939392
2493,24942969856,25028008336,25030978192,2969856
2494,24952886848,25038008336,25040895184,2886848
2495,24961951376,25048008336,25049959712,1951376
2496,24972156800,25058008336,25060165136,2156800
2497,24982552624,25068008336,25070560960,2552624
2498,24991748000,25078008336,25079756336,1748000
2499,25002255680,25088008336,25090264016,2255680
2500,25012482608,25098008336,25100490944,2482608
2501,25022819104,25108008336,25110827440,2819104
2502,25032664288,25118008336,25120672624,2664288
2503,25042602752,25128008336,25130611088,2602752
2504,25052972112,25138008336,25140980448,2972112
2505,25062531184,25148008336,25150539520,2531184
2506,25072817936,25158008336,25160826272,2817936
2507,25082859296,25168008336,25170867632,2859296
2508,25092841296,25178008336,25180849632,2841296
2509,25102786176,25188008336,25190794512,2786176
2510,25112455488,25198008336,25200463824,2455488
2511,25122936080,25208008336,25210944416,2936080
2512,25132387264,25218008336,25220395600,2387264
2513,25142526096,25228008336,25230534432,2526096
2514,25153164592,25238008336,25241172928,3164592
2515,25162820304,25248008336,25250828640,2820304
2516,25172850880,25258008336,25260859216,2850880
2517,25182717328,25268008336,25270725664,2717328
2518,25193072288,25278008336,25281080624,3072288
2519,25202775536,25288008336,25290783872,2775536
2520,25212680448,25298008336,25300688784,2680448
2521,25222454736,25308008336,25310463072,2454736
2522,25233065440,25318008336,25321073776,3065440
2523,25242805264,25328008336,25330813600,2805264
2524,25253076416,25338008336,25341084752,3076416
2525,25262981152,25348008336,25350989488,2981152
2526,25272890976,25358008336,25360899312,2890976
2527,25282603552,25368008336,25370611888,2603552
2528,25293017664,25378008336,25381026000,3017664
2529,25302639600,25388008336,25390647936,2639600
2530,25312349760,25398008336,25400358096,2349760
2531,25322887760,25408008336,25410896096,2887760
2532,25332776944,25418008336,25420785280,2776944
2533,25343209696,25428008336,25431218032,3209696
2534,25352967616,25438008336,25440975952,2967616
2535,25363061984,25448008336,25451070320,3061984
2536,25373056384,25458008336,25461064720,3056384
2537,25382731408,25468008336,25470739744,2731408
2538,25393195536,25478008336,25481203872,3195536
2539,25403127216,25488008336,25491135552,3127216
2540,25412811664,25498008336,25500820000,2811664
2541,25423057632,25508008336,25511065968,3057632
2542,25433031104,25518008336,25521039440,3031104
2543,25443032880,25528008336,25531041216,3032880
2544,25452336128,25538008336,25540344464,2336128
2545,25462671296,25548008336,25550679632,2671296
2546,25472612896,25558008336,25560621232,2612896
2547,25482714416,25568008336,25570722752,2714416
2548,25492771712,25578008336,25580780048,2771712
2549,25502744032,25588008336,25590752368,2744032
2550,25512665520,25598008336,25600673856,2665520
2551,25522571920,25608008336,25610580256,2571920
2552,25532725312,25618008336,25620733648,2725312
2553,25542831728,25628008336,25630840064,2831728
2554,25552894800,25638008336,25640903136,2894800
2555,25562811040,25648008336,25650819376,2811040
2556,25572806848,25658008336,25660815184,2806848
2557,25582626624,25668008336,25670634960,2626624
2558,25592892848,25678008336,25680901184,2892848
2559,25602865888,25688008336,25690874224,2865888
PERIODIC LATENCY CHUNK end=2560
2560,25612749440,25698008336,25700757776,2749440
2561,25622599872,25708008336,25710608208,2599872
2562,25632839200,25718008336,25720847536,2839200
2563,25642848528,25728008336,25730856864,2848528
2564,25652694640,25738008336,25740702976,2694640
2565,25660965376,25748008336,25748973712,965376
2566,25671733088,25758008336,25759741424,1733088
2567,25682659376,25768008336,25770667712,2659376
2568,25692903664,25778008336,25780912000,2903664
2569,25702830160,25788008336,25790838496,2830160
2570,25712348512,25798008336,25800356848,2348512
2571,25722720352,25808008336,25810728688,2720352
2572,25732473440,25818008336,25820481776,2473440
2573,25742688768,25828008336,25830697104,2688768
2574,25752994848,25838008336,25841003184,2994848
2575,25762770656,25848008336,25850778992,2770656
2576,25772823760,25858008336,25860832096,2823760
2577,25782532880,25868008336,25870541216,2532880
2578,25792932016,25878008336,25880940352,2932016
2579,25802668496,25888008336,25890676832,2668496
2580,25812521952,25898008336,25900530288,2521952
2581,25822546864,25908008336,25910555200,2546864
2582,25832766224,25918008336,25920774560,2766224
2583,25842788512,25928008336,25930796848,2788512
2584,25852577616,25938008336,25940585952,2577616
2585,25862779568,25948008336,25950787904,2779568
2586,25872847568,25958008336,25960855904,2847568
2587,25882541360,25968008336,25970549696,2541360
2588,25892932448,25978008336,25980940784,2932448
2589,25902822368,25988008336,25990830704,2822368
2590,25912589728,25998008336,26000598064,2589728
2591,25922658816,26008008336,26010667152,2658816
2592,25932849504,26018008336,26020857840,2849504
2593,25942762032,26028008336,26030770368,2762032
2594,25952820192,26038008336,26040828528,2820192
2595,25962315968,26048008336,26050324304,2315968
2596,25972543680,26058008336,26060552016,2543680
2597,25982510832,26068008336,26070519168,2510832
2598,25992841376,26078008336,26080849712,2841376
2599,26003294896,26088008336,26091303232,3294896
2600,26013009008,26098008336,26101017344,3009008
2601,26022801456,26108008336,26110809792,2801456
2602,26032993072,26118008336,26121001408,2993072
2603,26042929472,26128008336,26130937808,2929472
2604,26052724480,26138008336,26140732816,2724480
2605,26062755408,26148008336,26150763744,2755408
2606,26072844944,26158008336,26160853280,2844944
2607,26082643888,26168008336,26170652224,2643888
2608,26092791936,26178008336,26180800272,2791936
2609,26102813072,26188008336,26190821408,2813072
2610,26112512640,26198008336,26200520976,2512640
2611,26122896800,26208008336,26210905136,2896800
2612,26132356736,26218008336,26220365072,2356736
2613,26142641616,26228008336,26230649952,2641616
2614,26152968416,26238008336,26240976752,2968416
2615,26162895152,26248008336,26250903488,2895152
2616,26172838736,26258008336,26260847072,2838736
2617,26182581504,26268008336,26270589840,2581504
2618,26192874912,26278008336,26280883248,2874912
2619,26202931728,26288008336,26290940064,2931728
2620,26212688608,26298008336,26300696944,2688608
2621,26222581072,26308008336,26310589408,2581072
2622,26233019552,26318008336,26321027888,3019552
2623,26242672608,26328008336,26330680944,2672608
2624,26252577568,26338008336,26340585904,2577568
2625,26262694144,26348008336,26350702480,2694144
2626,26272822192,26358008336,26360830528,2822192
2627,26282519168,26368008336,26370527504,2519168
2628,26292790528,26378008336,26380798864,2790528
2629,26302561152,26388008336,26390569488,2561152
2630,26312200928,26398008336,26400209264,2200928
2631,26322653376,26408008336,26410661712,2653376
2632,26332611968,26418008336,26420620304,2611968
2633,26342939952,26428008336,26430948288,2939952
2634,26352712816,26438008336,26440721152,2712816
2635,26362953472,26448008336,26450961808,2953472
2636,26372139792,26458008336,26460148128,2139792
2637,26382558784,26468008336,26470567120,2558784
2638,26392659648,26478008336,26480667984,2659648
2639,26402786608,26488008336,26490794944,2786608
2640,26412492416,26498008336,26500500752,2492416
2641,26422992672,26508008336,26511001008,2992672
2642,26432894320,26518008336,26520902656,2894320
2643,26442756032,26528008336,26530764368,2756032
2644,26452338816,26538008336,26540347152,2338816
2645,26462774928,26548008336,26550783264,2774928
2646,26472906848,26558008336,26560915184,2906848
2647,26482435072,26568008336,26570443408,2435072
2648,26492451696,26578008336,26580460032,2451696
2649,26503010976,26588008336,26591019312,3010976
2650,26512867072,26598008336,26600875408,2867072
2651,26523019904,26608008336,26611028240,3019904
2652,26532691360,26618008336,26620699696,2691360
2653,26542830976,26628008336,26630839312,2830976
2654,26552785504,26638008336,26640793840,2785504
2655,26563520112,26648008336,26651528448,3520112
2656,26572264224,26658008336,26660272560,2264224
2657,26582449152,26668008336,26670457488,2449152
2658,26592610944,26678008336,26680619280,2610944
2659,26602529312,26688008336,26690537648,2529312
2660,26612974128,26698008336,26700982464,2974128
2661,26622124832,26708008336,26710133168,2124832
2662,26632519152,26718008336,26720527488,2519152
2663,26643193408,26728008336,26731201744,3193408
2664,26652579008,26738008336,26740587344,2579008
2665,26662235360,26748008336,26750243696,2235360
2666,26672724816,26758008336,26760733152,2724816
2667,26682886192,26768008336,26770894528,2886192
2668,26693092432,26778008336,26781100768,3092432
2669,26702838336,26788008336,26790846672,2838336
2670,26712502656,26798008336,26800510992,2502656
2671,26723330496,26808008336,26811338832,3330496
2672,26732932448,26818008336,26820940784,2932448
2673,26743299440,26828008336,26831307776,3299440
2674,26753206384,26838008336,26841214720,3206384
2675,26762278912,26848008336,26850287248,2278912
2676,26773014000,26858008336,26861022336,3014000
2677,26782803632,26868008336,26870811968,2803632
2678,26792866656,26878008336,26880874992,2866656
2679,26802729600,26888008336,26890737936,2729600
2680,26813489440,26898008336,26901497776,3489440
2681,26823088528,26908008336,26911096864,3088528
2682,26832391680,26918008336,26920400016,2391680
2683,26842713296,26928008336,26930721632,2713296
2684,26853453968,26938008336,26941462304,3453968
2685,26862544368,26948008336,26950552704,2544368
2686,26873347200,26958008336,26961355536,3347200
2687,26881728976,26968008336,26969737312,1728976
2688,26891289232,26978008336,26979297568,1289232
2689,26900920160,26988008336,26988928496,920160
2690,26911521504,26998008336,26999529840,1521504
2691,26921271008,27008008336,27009279344,1271008
2692,26931353184,27018008336,27019361520,1353184
2693,26941363184,27028008336,27029371520,1363184
2694,26951319424,27038008336,27039327760,1319424
2695,26961440800,27048008336,27049449136,1440800
2696,26972657568,27058008336,27060665904,2657568
2697,26983461312,27068008336,27071469648,3461312
2698,26993412256,27078008336,27081420592,3412256
2699,27003247696,27088008336,27091256032,3247696
2700,27013263808,27098008336,27101272144,3263808
2701,27023053296,27108008336,27111061632,3053296
2702,27033196672,27118008336,27121205008,3196672
2703,27043888512,27128008336,27131896848,3888512
2704,27052828096,27138008336,27140836432,2828096
2705,27062896656,27148008336,27150904992,2896656
2706,27072957424,27158008336,27160965760,2957424
2707,27082917120,27168008336,27170925456,2917120
2708,27092877856,27178008336,27180886192,2877856
2709,27102780512,27188008336,27190788848,2780512
2710,27112955312,27198008336,27200963648,2955312
2711,27122926032,27208008336,27210934368,2926032
2712,27132580832,27218008336,27220589168,2580832
2713,27142724528,27228008336,27230732864,2724528
2714,27153211376,27238008336,27241219712,3211376
2715,27162896640,27248008336,27250904976,2896640
2716,27173077776,27258008336,27261086112,3077776
2717,27183030320,27268008336,27271038656,3030320
2718,27192800352,27278008336,27280808688,2800352
2719,27202782704,27288008336,27290791040,2782704
2720,27212615680,27298008336,27300624016,2615680
2721,27222135520,27308008336,27310143856,2135520
2722,27232481808,27318008336,27320490144,2481808
2723,27242999504,27328008336,27331007840,2999504
2724,27252761120,27338008336,27340769456,2761120
2725,27263079616,27348008336,27351087952,3079616
2726,27272728336,27358008336,27360736672,2728336
2727,27282632272,27368008336,27370640608,2632272
2728,27292709936,27378008336,27380718272,2709936
2729,27302539840,27388008336,27390548176,2539840
2730,27312237664,27398008336,27400246000,2237664
2731,27322655120,27408008336,27410663456,2655120
2732,27332851968,27418008336,27420860304,2851968
2733,27343901696,27428008336,27431910032,3901696
2734,27352780064,27438008336,27440788400,2780064
2735,27362731760,27448008336,27450740096,2731760
2736,27373083856,27458008336,27461092192,3083856
2737,27382925408,27468008336,27470933744,2925408
2738,27393157744,27478008336,27481166080,3157744
2739,27402978000,27488008336,27490986336,2978000
2740,27412834752,27498008336,27500843088,2834752
2741,27423698112,27508008336,27511706448,3698112
2742,27432842672,27518008336,27520851008,2842672
2743,27443015552,27528008336,27531023888,3015552
2744,27451550272,27538008336,27539558608,1550272
2745,27462136736,27548008336,27550145072,2136736
2746,27472724176,27558008336,27560732512,2724176
2747,27482729472,27568008336,27570737808,2729472
2748,27492809536,27578008336,27580817872,2809536
2749,27503050256,27588008336,27591058592,3050256
2750,27512923696,27598008336,27600932032,2923696
2751,27522827152,27608008336,27610835488,2827152
2752,27532975360,27618008336,27620983696,2975360
2753,27542935696,27628008336,27630944032,2935696
2754,27553579824,27638008336,27641588160,3579824
2755,27563151536,27648008336,27651159872,3151536
2756,27573165344,27658008336,27661173680,3165344
2757,27583093680,27668008336,27671102016,3093680
2758,27593882976,27678008336,27681891312,3882976
2759,27603765904,27688008336,27691774240,3765904
2760,27613573472,27698008336,27701581808,3573472
2761,27623046352,27708008336,27711054688,3046352
2762,27633170912,27718008336,27721179248,3170912
2763,27642931168,27728008336,27730939504,2931168
2764,27652489696,27738008336,27740498032,2489696
2765,27662305728,27748008336,27750314064,2305728
2766,27672786528,27758008336,27760794864,2786528
2767,27682963792,27768008336,27770972128,2963792
2768,27693079328,27778008336,27781087664,3079328
2769,27703118016,27788008336,27791126352,3118016
2770,27712618544,27798008336,27800626880,2618544
2771,27723135120,27808008336,27811143456,3135120
2772,27732376080,27818008336,27820384416,2376080
2773,27742616832,27828008336,27830625168,2616832
2774,27752589344,27838008336,27840597680,2589344
2775,27762688496,27848008336,27850696832,2688496
2776,27772465472,27858008336,27860473808,2465472
2777,27782928560,27868008336,27870936896,2928560
2778,27792924880,27878008336,27880933216,2924880
2779,27802885648,27888008336,27890893984,2885648
2780,27812895280,27898008336,27900903616,2895280
2781,27822668432,27908008336,27910676768,2668432
2782,27832818384,27918008336,27920826720,2818384
2783,27842894896,27928008336,27930903232,2894896
2784,27852838704,27938008336,27940847040,2838704
2785,27862757520,27948008336,27950765856,2757520
2786,27872443984,27958008336,27960452320,2443984
2787,27882840176,27968008336,27970848512,2840176
2788,27892905664,27978008336,27980914000,2905664
2789,27902909776,27988008336,27990918112,2909776
2790,27912693712,27998008336,28000702048,2693712
2791,27922988608,28008008336,28010996944,2988608
2792,27933062800,28018008336,28021071136,3062800
2793,27942885536,28028008336,28030893872,2885536
2794,27952673392,28038008336,28040681728,2673392
2795,27962238896,28048008336,28050247232,2238896
2796,27972578976,28058008336,28060587312,2578976
2797,27983068336,28068008336,28071076672,3068336
2798,27992616544,28078008336,28080624880,2616544
2799,28002734880,28088008336,28090743216,2734880
2800,28012688480,28098008336,28100696816,2688480
2801,28022917968,28108008336,28110926304,2917968
2802,28032750528,28118008336,28120758864,2750528
2803,28042910064,28128008336,28130918400,2910064
2804,28052952800,28138008336,28140961136,2952800
2805,28062722080,28148008336,28150730416,2722080
2806,28072487824,28158008336,28160496160,2487824
2807,28082886016,28168008336,28170894352,2886016
2808,28092739472,28178008336,28180747808,2739472
2809,28103058624,28188008336,28191066960,3058624
2810,28112663584,28198008336,28200671920,2663584
2811,28122916720,28208008336,28210925056,2916720
2812,28132276256,28218008336,28220284592,2276256
2813,28142493136,28228008336,28230501472,2493136
2814,28152562448,28238008336,28240570784,2562448
2815,28162906336,28248008336,28250914672,2906336
PERIODIC LATENCY CHUNK end=2816
2816,28172543840,28258008336,28260552176,2543840
2817,28182836208,28268008336,28270844544,2836208
2818,28192708608,28278008336,28280716944,2708608
2819,28202691824,28288008336,28290700160,2691824
2820,28212459552,28298008336,28300467888,2459552
2821,28222800176,28308008336,28310808512,2800176
2822,28232407360,28318008336,28320415696,2407360
2823,28242762320,28328008336,28330770656,2762320
2824,28252813360,28338008336,28340821696,2813360
2825,28262836480,28348008336,28350844816,2836480
2826,28272515792,28358008336,28360524128,2515792
2827,28282984032,28368008336,28370992368,2984032
2828,28292818800,28378008336,28380827136,2818800
2829,28302775664,28388008336,28390784000,2775664
2830,28312345136,28398008336,28400353472,2345136
2831,28322691392,28408008336,28410699728,2691392
2832,28332117120,28418008336,28420125456,2117120
2833,28343281648,28428008336,28431289984,3281648
2834,28353136544,28438008336,28441144880,3136544
2835,28362662112,28448008336,28450670448,2662112
2836,28372459952,28458008336,28460468288,2459952
2837,28382908816,28468008336,28470917152,2908816
2838,28392805504,28478008336,28480813840,2805504
2839,28402563344,28488008336,28490571680,2563344
2840,28412674432,28498008336,28500682768,2674432
2841,28422684912,28508008336,28510693248,2684912
2842,28432730912,28518008336,28520739248,2730912
2843,28442754048,28528008336,28530762384,2754048
2844,28452301712,28538008336,28540310048,2301712
2845,28462614112,28548008336,28550622448,2614112
2846,28472609520,28558008336,28560617856,2609520
2847,28482843632,28568008336,28570851968,2843632
2848,28492688176,28578008336,28580696512,2688176
2849,28502937264,28588008336,28590945600,2937264
2850,28512603632,28598008336,28600611968,2603632
2851,28522831168,28608008336,28610839504,2831168
2852,28532818048,28618008336,28620826384,2818048
2853,28543025424,28628008336,28631033760,3025424
2854,28552934096,28638008336,28640942432,2934096
2855,28562918272,28648008336,28650926608,2918272
2856,28572488512,28658008336,28660496848,2488512
2857,28582856576,28668008336,28670864912,2856576
2858,28592802160,28678008336,28680810496,2802160
2859,28602831216,28688008336,28690839552,2831216
2860,28612717296,28698008336,28700725632,2717296
2861,28622308832,28708008336,28710317168,2308832
2862,28632716016,28718008336,28720724352,2716016
2863,28642907952,28728008336,28730916288,2907952
2864,28652930336,28738008336,28740938672,2930336
2865,28662398224,28748008336,28750406560,2398224
2866,28672673440,28758008336,28760681776,2673440
2867,28683249040,28768008336,28771257376,3249040
2868,28692974864,28778008336,28780983200,2974864
2869,28702894224,28788008336,28790902560,2894224
2870,28712691392,28798008336,28800699728,2691392
2871,28723094448,28808008336,28811102784,3094448
2872,28732467360,28818008336,28820475696,2467360
2873,28742831680,28828008336,28830840016,2831680
2874,28752756976,28838008336,28840765312,2756976
2875,28762702064,28848008336,28850710400,2702064
2876,28772672496,28858008336,28860680832,2672496
2877,28782676304,28868008336,28870684640,2676304
2878,28792750976,28878008336,28880759312,2750976
2879,28802796352,28888008336,28890804688,2796352
2880,28812685040,28898008336,28900693376,2685040
2881,28822582816,28908008336,28910591152,2582816
2882,28833292496,28918008336,28921300832,3292496
2883,28842550096,28928008336,28930558432,2550096
2884,28852847696,28938008336,28940856032,2847696
2885,28862791136,28948008336,28950799472,2791136
2886,28872565824,28958008336,28960574160,2565824
2887,28882795344,28968008336,28970803680,2795344
2888,28892934656,28978008336,28980942992,2934656
2889,28902810512,28988008336,28990818848,2810512
2890,28912709824,28998008336,29000718160,2709824
2891,28922794256,29008008336,29010802592,2794256
2892,28933013216,29018008336,29021021552,3013216
2893,28942913408,29028008336,29030921744,2913408
2894,28952632592,29038008336,29040640928,2632592
2895,28962069584,29048008336,29050077920,2069584
2896,28972683360,29058008336,29060691696,2683360
2897,28983087344,29068008336,29071095680,3087344
2898,28992842112,29078008336,29080850448,2842112
2899,29002823520,29088008336,29090831856,2823520
2900,29012660128,29098008336,29100668464,2660128
2901,29022868672,29108008336,29110877008,2868672
2902,29033002096,29118008336,29121010432,3002096
2903,29042812064,29128008336,29130820400,2812064
2904,29052646256,29138008336,29140654592,2646256
2905,29062812288,29148008336,29150820624,2812288
2906,29072844832,29158008336,29160853168,2844832
2907,29082756288,29168008336,29170764624,2756288
2908,29092450832,29178008336,29180459168,2450832
2909,29102321184,29188008336,29190329520,2321184
2910,29112447056,29198008336,29200455392,2447056
2911,29121938848,29208008336,29209947184,1938848
2912,29132413856,29218008336,29220422192,2413856
2913,29142714144,29228008336,29230722480,2714144
2914,29152719376,29238008336,29240727712,2719376
2915,29162849536,29248008336,29250857872,2849536
2916,29172792368,29258008336,29260800704,2792368
2917,29183158848,29268008336,29271167184,3158848
2918,29192799648,29278008336,29280807984,2799648
2919,29203064400,29288008336,29291072736,3064400
2920,29212722656,29298008336,29300730992,2722656
2921,29222897648,29308008336,29310905984,2897648
2922,29232479936,29318008336,29320488272,2479936
2923,29243084896,29328008336,29331093232,3084896
2924,29252375472,29338008336,29340383808,2375472
2925,29263125440,29348008336,29351133776,3125440
2926,29272745184,29358008336,29360753520,2745184
2927,29282854224,29368008336,29370862560,2854224
2928,29292953792,29378008336,29380962128,2953792
2929,29303128224,29388008336,29391136560,3128224
2930,29312311664,29398008336,29400320000,2311664
2931,29323011104,29408008336,29411019440,3011104
2932,29332820992,29418008336,29420829328,2820992
2933,29342487504,29428008336,29430495840,2487504
2934,29353135328,29438008336,29441143664,3135328
2935,29362940912,29448008336,29450949248,2940912
2936,29372697760,29458008336,29460706096,2697760
2937,29382921536,29468008336,29470929872,2921536
2938,29392790032,29478008336,29480798368,2790032
2939,29402941536,29488008336,29490949872,2941536
2940,29412706864,29498008336,29500715200,2706864
2941,29422522768,29508008336,29510531104,2522768
2942,29432883088,29518008336,29520891424,2883088
2943,29442776640,29528008336,29530784976,2776640
2944,29452414128,29538008336,29540422464,2414128
2945,29463134096,29548008336,29551142432,3134096
2946,29472730656,29558008336,29560738992,2730656
2947,29482935216,29568008336,29570943552,2935216
2948,29492928592,29578008336,29580936928,2928592
2949,29502662512,29588008336,29590670848,2662512
2950,29512756016,29598008336,29600764352,2756016
2951,29522903024,29608008336,29610911360,2903024
2952,29532875664,29618008336,29620884000,2875664
2953,29542812256,29628008336,29630820592,2812256
2954,29552872816,29638008336,29640881152,2872816
2955,29562801360,29648008336,29650809696,2801360
2956,29572682672,29658008336,29660691008,2682672
2957,29582852080,29668008336,29670860416,2852080
2958,29592775216,29678008336,29680783552,2775216
2959,29602785104,29688008336,29690793440,2785104
2960,29612763760,29698008336,29700772096,2763760
2961,29622223184,29708008336,29710231520,2223184
2962,29632884896,29718008336,29720893232,2884896
2963,29642735328,29728008336,29730743664,2735328
2964,29653458400,29738008336,29741466736,3458400
2965,29661920960,29748008336,29749929296,1920960
2966,29672720448,29758008336,29760728784,2720448
2967,29683051360,29768008336,29771059696,3051360
2968,29692910688,29778008336,29780919024,2910688
2969,29702938912,29788008336,29790947248,2938912
2970,29712506016,29798008336,29800514352,2506016
2971,29722926208,29808008336,29810934544,2926208
2972,29732219872,29818008336,29820228208,2219872
2973,29743594192,29828008336,29831602528,3594192
2974,29753070848,29838008336,29841079184,3070848
2975,29763310352,29848008336,29851318688,3310352
2976,29773024496,29858008336,29861032832,3024496
2977,29783340880,29868008336,29871349216,3340880
2978,29792859184,29878008336,29880867520,2859184
2979,29802821920,29888008336,29890830256,2821920
2980,29812668448,29898008336,29900676784,2668448
2981,29822421296,29908008336,29910429632,2421296
2982,29833087920,29918008336,29921096256,3087920
2983,29843006352,29928008336,29931014688,3006352
2984,29852442368,29938008336,29940450704,2442368
2985,29862785920,29948008336,29950794256,2785920
2986,29872783200,29958008336,29960791536,2783200
2987,29882936336,29968008336,29970944672,2936336
2988,29892953056,29978008336,29980961392,2953056
2989,29902923136,29988008336,29990931472,2923136
2990,29912827648,29998008336,30000835984,2827648
2991,29922719376,30008008336,30010727712,2719376
2992,29932728736,30018008336,30020737072,2728736
2993,29941199136,30028008336,30029207472,1199136
2994,29951014272,30038008336,30039022608,1014272
2995,29961332048,30048008336,30049340384,1332048
2996,29971340224,30058008336,30059348560,1340224
2997,29981103344,30068008336,30069111680,1103344
2998,29991211632,30078008336,30079219968,1211632
2999,30001291840,30088008336,30089300176,1291840
3000,30012138560,30098008336,30100146896,2138560
3001,30023066736,30108008336,30111075072,3066736
3002,30032828272,30118008336,30120836608,2828272
3003,30043172544,30128008336,30131180880,3172544
3004,30052935552,30138008336,30140943888,2935552
3005,30062914032,30148008336,30150922368,2914032
3006,30072286848,30158008336,30160295184,2286848
3007,30083427344,30168008336,30171435680,3427344
3008,30092525152,30178008336,30180533488,2525152
3009,30102644672,30188008336,30190653008,2644672
3010,30112327424,30198008336,30200335760,2327424
3011,30122757632,30208008336,30210765968,2757632
3012,30132259376,30218008336,30220267712,2259376
3013,30142680464,30228008336,30230688800,2680464
3014,30152739632,30238008336,30240747968,2739632
3015,30162859184,30248008336,30250867520,2859184
3016,30172696048,30258008336,30260704384,2696048
3017,30182797472,30268008336,30270805808,2797472
3018,30192906080,30278008336,30280914416,2906080
3019,30202873984,30288008336,30290882320,2873984
3020,30212838336,30298008336,30300846672,2838336
3021,30222898448,30308008336,30310906784,2898448
3022,30232757056,30318008336,30320765392,2757056
3023,30242859888,30328008336,30330868224,2859888
3024,30252901872,30338008336,30340910208,2901872
3025,30262997216,30348008336,30351005552,2997216
3026,30272869376,30358008336,30360877712,2869376
3027,30282595104,30368008336,30370603440,2595104
3028,30293006128,30378008336,30381014464,3006128
3029,30302896832,30388008336,30390905168,2896832
3030,30312430512,30398008336,30400438848,2430512
3031,30322696912,30408008336,30410705248,2696912
3032,30332742064,30418008336,30420750400,2742064
3033,30342774480,30428008336,30430782816,2774480
3034,30352787696,30438008336,30440796032,2787696
3035,30362759328,30448008336,30450767664,2759328
3036,30372715712,30458008336,30460724048,2715712
3037,30383062576,30468008336,30471070912,3062576
3038,30392913952,30478008336,30480922288,2913952
3039,30402825408,30488008336,30490833744,2825408
3040,30412679200,30498008336,30500687536,2679200
3041,30422869248,30508008336,30510877584,2869248
3042,30432860512,30518008336,30520868848,2860512
3043,30442746080,30528008336,30530754416,2746080
3044,30451944864,30538008336,30539953200,1944864
3045,30462140608,30548008336,30550148944,2140608
3046,30472642096,30558008336,30560650432,2642096
3047,30482627360,30568008336,30570635696,2627360
3048,30492762272,30578008336,30580770608,2762272
3049,30502854224,30588008336,30590862560,2854224
3050,30512719264,30598008336,30600727600,2719264
3051,30522711104,30608008336,30610719440,2711104
3052,30532533552,30618008336,30620541888,2533552
3053,30542864272,30628008336,30630872608,2864272
3054,30552706272,30638008336,30640714608,2706272
3055,30562963232,30648008336,30650971568,2963232
3056,30572712992,30658008336,30660721328,2712992
3057,30582754688,30668008336,30670763024,2754688
3058,30592767024,30678008336,30680775360,2767024
3059,30602540032,30688008336,30690548368,2540032
3060,30612584608,30698008336,30700592944,2584608
3061,30622476176,30708008336,30710484512,2476176
3062,30631642976,30718008336,30719651312,1642976
3063,30641931968,30728008336,30729940304,1931968
3064,30653259296,30738008336,30741267632,3259296
3065,30662500768,30748008336,30750509104,2500768
3066,30672811024,30758008336,30760819360,2811024
3067,30682703712,30768008336,30770712048,2703712
3068,30693095024,30778008336,30781103360,3095024
3069,30702934624,30788008336,30790942960,2934624
3070,30712592432,30798008336,30800600768,2592432
3071,30722883872,30808008336,30810892208,2883872
PERIODIC LATENCY CHUNK end=3072
3072,30732492528,30818008336,30820500864,2492528
3073,30742753888,30828008336,30830762224,2753888
3074,30752820320,30838008336,30840828656,2820320
3075,30762684416,30848008336,30850692752,2684416
3076,30772809568,30858008336,30860817904,2809568
3077,30783008320,30868008336,30871016656,3008320
3078,30792684336,30878008336,30880692672,2684336
3079,30802835888,30888008336,30890844224,2835888
3080,30812827504,30898008336,30900835840,2827504
3081,30822827952,30908008336,30910836288,2827952
3082,30832800688,30918008336,30920809024,2800688
3083,30842255472,30928008336,30930263808,2255472
3084,30852616880,30938008336,30940625216,2616880
3085,30862814256,30948008336,30950822592,2814256
3086,30872734304,30958008336,30960742640,2734304
3087,30882677392,30968008336,30970685728,2677392
3088,30892956848,30978008336,30980965184,2956848
3089,30902705920,30988008336,30990714256,2705920
3090,30912810064,30998008336,31000818400,2810064
3091,30922574352,31008008336,31010582688,2574352
3092,30932680720,31018008336,31020689056,2680720
3093,30942823344,31028008336,31030831680,2823344
3094,30952497184,31038008336,31040505520,2497184
3095,30962376384,31048008336,31050384720,2376384
3096,30972811136,31058008336,31060819472,2811136
3097,30983227616,31068008336,31071235952,3227616
3098,30992969840,31078008336,31080978176,2969840
3099,31002583744,31088008336,31090592080,2583744
3100,31012907584,31098008336,31100915920,2907584
3101,31023418976,31108008336,31111427312,3418976
3102,31032589408,31118008336,31120597744,2589408
3103,31042979440,31128008336,31130987776,2979440
3104,31053386704,31138008336,31141395040,3386704
3105,31063397296,31148008336,31151405632,3397296
3106,31072691040,31158008336,31160699376,2691040
3107,31082906976,31168008336,31170915312,2906976
3108,31092764256,31178008336,31180772592,2764256
3109,31102772288,31188008336,31190780624,2772288
3110,31112707680,31198008336,31200716016,2707680
3111,31122690384,31208008336,31210698720,2690384
3112,31132542944,31218008336,31220551280,2542944
3113,31142658032,31228008336,31230666368,2658032
3114,31153032672,31238008336,31241041008,3032672
3115,31162492960,31248008336,31250501296,2492960
3116,31173088656,31258008336,31261096992,3088656
3117,31182793040,31268008336,31270801376,2793040
3118,31192710112,31278008336,31280718448,2710112
3119,31202577184,31288008336,31290585520,2577184
3120,31212700656,31298008336,31300708992,2700656
3121,31222850864,31308008336,31310859200,2850864
3122,31232647760,31318008336,31320656096,2647760
3123,31242882832,31328008336,31330891168,2882832
3124,31252711968,31338008336,31340720304,2711968
3125,31263294656,31348008336,31351302992,3294656
3126,31272749472,31358008336,31360757808,2749472
3127,31283029840,31368008336,31371038176,3029840
3128,31292795504,31378008336,31380803840,2795504
3129,31302826416,31388008336,31390834752,2826416
3130,31312414912,31398008336,31400423248,2414912
3131,31322719888,31408008336,31410728224,2719888
3132,31333054624,31418008336,31421062960,3054624
3133,31342813824,31428008336,31430822160,2813824
3134,31352650512,31438008336,31440658848,2650512
3135,31362740560,31448008336,31450748896,2740560
3136,31372337408,31458008336,31460345744,2337408
3137,31382830544,31468008336,31470838880,2830544
3138,31392820080,31478008336,31480828416,2820080
3139,31402806160,31488008336,31490814496,2806160
3140,31412925616,31498008336,31500933952,2925616
3141,31422718848,31508008336,31510727184,2718848
3142,31433175264,31518008336,31521183600,3175264
3143,31442808864,31528008336,31530817200,2808864
3144,31452313712,31538008336,31540322048,2313712
3145,31463076000,31548008336,31551084336,3076000
3146,31472721568,31558008336,31560729904,2721568
3147,31482837296,31568008336,31570845632,2837296
3148,31492969056,31578008336,31580977392,2969056
3149,31502781696,31588008336,31590790032,2781696
3150,31513316896,31598008336,31601325232,3316896
3151,31522825648,31608008336,31610833984,2825648
3152,31532925168,31618008336,31620933504,2925168
3153,31542801360,31628008336,31630809696,2801360
3154,31552735904,31638008336,31640744240,2735904
3155,31562833760,31648008336,31650842096,2833760
3156,31573007232,31658008336,31661015568,3007232
3157,31582862832,31668008336,31670871168,2862832
3158,31592931296,31678008336,31680939632,2931296
3159,31602690432,31688008336,31690698768,2690432
3160,31612715232,31698008336,31700723568,2715232
3161,31622663776,31708008336,31710672112,2663776
3162,31632757728,31718008336,31720766064,2757728
3163,31643383008,31728008336,31731391344,3383008
3164,31652986480,31738008336,31740994816,2986480
3165,31662203552,31748008336,31750211888,2203552
3166,31672842608,31758008336,31760850944,2842608
3167,31682709328,31768008336,31770717664,2709328
3168,31692835744,31778008336,31780844080,2835744
3169,31702815920,31788008336,31790824256,2815920
3170,31712832768,31798008336,31800841104,2832768
3171,31722830624,31808008336,31810838960,2830624
3172,31731916896,31818008336,31819925232,1916896
3173,31742408272,31828008336,31830416608,2408272
3174,31752650192,31838008336,31840658528,2650192
3175,31762767536,31848008336,31850775872,2767536
3176,31772602944,31858008336,31860611280,2602944
3177,31782666816,31868008336,31870675152,2666816
3178,31792564688,31878008336,31880573024,2564688
3179,31803005312,31888008336,31891013648,3005312
3180,31812886864,31898008336,31900895200,2886864
3181,31822437984,31908008336,31910446320,2437984
3182,31832787888,31918008336,31920796224,2787888
3183,31842763872,31928008336,31930772208,2763872
3184,31852941728,31938008336,31940950064,2941728
3185,31862746512,31948008336,31950754848,2746512
3186,31872893696,31958008336,31960902032,2893696
3187,31882766816,31968008336,31970775152,2766816
3188,31892965152,31978008336,31980973488,2965152
3189,31902895024,31988008336,31990903360,2895024
3190,31912646592,31998008336,32000654928,2646592
3191,31922662912,32008008336,32010671248,2662912
3192,31932895408,32018008336,32020903744,2895408
3193,31942814448,32028008336,32030822784,2814448
3194,31952843152,32038008336,32040851488,2843152
3195,31961973936,32048008336,32049982272,1973936
3196,31972127104,32058008336,32060135440,2127104
3197,31982600800,32068008336,32070609136,2600800
3198,31992987664,32078008336,32080996000,2987664
3199,32002688976,32088008336,32090697312,2688976
3200,32012742096,32098008336,32100750432,2742096
3201,32022731152,32108008336,32110739488,2731152
3202,32033082544,32118008336,32121090880,3082544
3203,32042781728,32128008336,32130790064,2781728
3204,32052761488,32138008336,32140769824,2761488
3205,32062472960,32148008336,32150481296,2472960
3206,32072342224,32158008336,32160350560,2342224
3207,32082727200,32168008336,32170735536,2727200
3208,32092841952,32178008336,32180850288,2841952
3209,32102782208,32188008336,32190790544,2782208
3210,32112654176,32198008336,32200662512,2654176
3211,32122756512,32208008336,32210764848,2756512
3212,32132143936,32218008336,32220152272,2143936
3213,32142675568,32228008336,32230683904,2675568
3214,32153013632,32238008336,32241021968,3013632
3215,32162328880,32248008336,32250337216,2328880
3216,32172796416,32258008336,32260804752,2796416
3217,32182835808,32268008336,32270844144,2835808
3218,32192656144,32278008336,32280664480,2656144
3219,32202679072,32288008336,32290687408,2679072
3220,32212737712,32298008336,32300746048,2737712
3221,32222671696,32308008336,32310680032,2671696
3222,32232677936,32318008336,32320686272,2677936
3223,32242527904,32328008336,32330536240,2527904
3224,32252687168,32338008336,32340695504,2687168
3225,32262624960,32348008336,32350633296,2624960
3226,32272807520,32358008336,32360815856,2807520
3227,32283351968,32368008336,32371360304,3351968
3228,32292697296,32378008336,32380705632,2697296
3229,32302852464,32388008336,32390860800,2852464
3230,32312367648,32398008336,32400375984,2367648
3231,32322670416,32408008336,32410678752,2670416
3232,32332858624,32418008336,32420866960,2858624
3233,32342797424,32428008336,32430805760,2797424
3234,32352613520,32438008336,32440621856,2613520
3235,32362456704,32448008336,32450465040,2456704
3236,32373048768,32458008336,32461057104,3048768
3237,32382910752,32468008336,32470919088,2910752
3238,32392884800,32478008336,32480893136,2884800
3239,32402818768,32488008336,32490827104,2818768
3240,32413063008,32498008336,32501071344,3063008
3241,32422980016,32508008336,32510988352,2980016
3242,32432698400,32518008336,32520706736,2698400
3243,32443036336,32528008336,32531044672,3036336
3244,32452528448,32538008336,32540536784,2528448
3245,32463062656,32548008336,32551070992,3062656
3246,32472650400,32558008336,32560658736,2650400
3247,32483018320,32568008336,32571026656,3018320
3248,32492677904,32578008336,32580686240,2677904
3249,32503003488,32588008336,32591011824,3003488
3250,32512665216,32598008336,32600673552,2665216
3251,32522948112,32608008336,32610956448,2948112
3252,32532797696,32618008336,32620806032,2797696
3253,32542851664,32628008336,32630860000,2851664
3254,32552661728,32638008336,32640670064,2661728
3255,32562713552,32648008336,32650721888,2713552
3256,32572692384,32658008336,32660700720,2692384
3257,32582646784,32668008336,32670655120,2646784
3258,32592691920,32678008336,32680700256,2691920
3259,32602773648,32688008336,32690781984,2773648
3260,32612670720,32698008336,32700679056,2670720
3261,32622542368,32708008336,32710550704,2542368
3262,32633043472,32718008336,32721051808,3043472
3263,32642815264,32728008336,32730823600,2815264
3264,32652686640,32738008336,32740694976,2686640
3265,32662548384,32748008336,32750556720,2548384
3266,32672534000,32758008336,32760542336,2534000
3267,32683398032,32768008336,32771406368,3398032
3268,32692848784,32778008336,32780857120,2848784
3269,32702859024,32788008336,32790867360,2859024
3270,32712672032,32798008336,32800680368,2672032
3271,32722725440,32808008336,32810733776,2725440
3272,32732455280,32818008336,32820463616,2455280
3273,32742881232,32828008336,32830889568,2881232
3274,32752761520,32838008336,32840769856,2761520
3275,32762754656,32848008336,32850762992,2754656
3276,32772675632,32858008336,32860683968,2675632
3277,32782945440,32868008336,32870953776,2945440
3278,32792839760,32878008336,32880848096,2839760
3279,32802832896,32888008336,32890841232,2832896
3280,32812778928,32898008336,32900787264,2778928
3281,32822673312,32908008336,32910681648,2673312
3282,32832902752,32918008336,32920911088,2902752
3283,32842782144,32928008336,32930790480,2782144
3284,32852849840,32938008336,32940858176,2849840
3285,32862624176,32948008336,32950632512,2624176
3286,32872781536,32958008336,32960789872,2781536
3287,32882806128,32968008336,32970814464,2806128
3288,32892850720,32978008336,32980859056,2850720
3289,32902806192,32988008336,32990814528,2806192
3290,32912812704,32998008336,33000821040,2812704
3291,32922722464,33008008336,33010730800,2722464
3292,32932848144,33018008336,33020856480,2848144
3293,32942886944,33028008336,33030895280,2886944
3294,32952744208,33038008336,33040752544,2744208
3295,32962372560,33048008336,33050380896,2372560
3296,32972870432,33058008336,33060878768,2870432
3297,32982889104,33068008336,33070897440,2889104
3298,32991921616,33078008336,33079929952,1921616
3299,33001118448,33088008336,33089126784,1118448
3300,33011114464,33098008336,33099122800,1114464
3301,33021006800,33108008336,33109015136,1006800
3302,33031052768,33118008336,33119061104,1052768
3303,33041024656,33128008336,33129032992,1024656
3304,33051015408,33138008336,33139023744,1015408
3305,33061038688,33148008336,33149047024,1038688
3306,33070832816,33158008336,33158841152,832816
3307,33081275648,33168008336,33169283984,1275648
3308,33092266416,33178008336,33180274752,2266416
3309,33103056848,33188008336,33191065184,3056848
3310,33112829104,33198008336,33200837440,2829104
3311,33122867616,33208008336,33210875952,2867616
3312,33132351200,33218008336,33220359536,2351200
3313,33142445248,33228008336,33230453584,2445248
3314,33153401968,33238008336,33241410304,3401968
3315,33162688240,33248008336,33250696576,2688240
3316,33172961872,33258008336,33260970208,2961872
3317,33182894096,33268008336,33270902432,2894096
3318,33192919488,33278008336,33280927824,2919488
3319,33202751952,33288008336,33290760288,2751952
3320,33212841616,33298008336,33300849952,2841616
3321,33222249408,33308008336,33310257744,2249408
3322,33232871872,33318008336,33320880208,2871872
3323,33242404288,33328008336,33330412624,2404288
3324,33252492752,33338008336,33340501088,2492752
3325,33262594064,33348008336,33350602400,2594064
3326,33272706032,33358008336,33360714368,2706032
3327,33283026224,33368008336,33371034560,3026224
PERIODIC LATENCY CHUNK end=3328
3328,33292709808,33378008336,33380718144,2709808
3329,33302728192,33388008336,33390736528,2728192
3330,33312329680,33398008336,33400338016,2329680
3331,33322803104,33408008336,33410811440,2803104
3332,33333080592,33418008336,33421088928,3080592
3333,33342873776,33428008336,33430882112,2873776
3334,33352885648,33438008336,33440893984,2885648
3335,33362690768,33448008336,33450699104,2690768
3336,33372823760,33458008336,33460832096,2823760
3337,33382798016,33468008336,33470806352,2798016
3338,33392661120,33478008336,33480669456,2661120
3339,33402728672,33488008336,33490737008,2728672
3340,33412803392,33498008336,33500811728,2803392
3341,33422699360,33508008336,33510707696,2699360
3342,33432821248,33518008336,33520829584,2821248
3343,33442847152,33528008336,33530855488,2847152
3344,33452357664,33538008336,33540366000,2357664
3345,33462466752,33548008336,33550475088,2466752
3346,33472816672,33558008336,33560825008,2816672
3347,33482852848,33568008336,33570861184,2852848
3348,33492826912,33578008336,33580835248,2826912
3349,33502801088,33588008336,33590809424,2801088
3350,33512815936,33598008336,33600824272,2815936
3351,33522773904,33608008336,33610782240,2773904
3352,33532403408,33618008336,33620411744,2403408
3353,33542978512,33628008336,33630986848,2978512
3354,33552829536,33638008336,33640837872,2829536
3355,33562909856,33648008336,33650918192,2909856
3356,33572842208,33658008336,33660850544,2842208
3357,33582820400,33668008336,33670828736,2820400
3358,33592697040,33678008336,33680705376,2697040
3359,33602955968,33688008336,33690964304,2955968
3360,33612624864,33698008336,33700633200,2624864
3361,33622227728,33708008336,33710236064,2227728
3362,33632608512,33718008336,33720616848,2608512
3363,33642523424,33728008336,33730531760,2523424
3364,33653206480,33738008336,33741214816,3206480
3365,33662416336,33748008336,33750424672,2416336
3366,33673073728,33758008336,33761082064,3073728
3367,33682989136,33768008336,33770997472,2989136
3368,33692724608,33778008336,33780732944,2724608
3369,33702822992,33788008336,33790831328,2822992
3370,33712758400,33798008336,33800766736,2758400
3371,33723011840,33808008336,33811020176,3011840
3372,33732465968,33818008336,33820474304,2465968
3373,33742309728,33828008336,33830318064,2309728
3374,33752722096,33838008336,33840730432,2722096
3375,33762803120,33848008336,33850811456,2803120
3376,33772657552,33858008336,33860665888,2657552
3377,33782808464,33868008336,33870816800,2808464
3378,33792914128,33878008336,33880922464,2914128
3379,33802698752,33888008336,33890707088,2698752
3380,33812454016,33898008336,33900462352,2454016
3381,33822713312,33908008336,33910721648,2713312
3382,33832691104,33918008336,33920699440,2691104
3383,33842727456,33928008336,33930735792,2727456
3384,33852678992,33938008336,33940687328,2678992
3385,33862665136,33948008336,33950673472,2665136
3386,33872311792,33958008336,33960320128,2311792
3387,33882789968,33968008336,33970798304,2789968
3388,33892379520,33978008336,33980387856,2379520
3389,33902718960,33988008336,33990727296,2718960
3390,33912667936,33998008336,34000676272,2667936
3391,33922830944,34008008336,34010839280,2830944
3392,33932519200,34018008336,34020527536,2519200
3393,33942836064,34028008336,34030844400,2836064
3394,33952542704,34038008336,34040551040,2542704
3395,33962966304,34048008336,34050974640,2966304
3396,33972745328,34058008336,34060753664,2745328
3397,33982830432,34068008336,34070838768,2830432
3398,33992786672,34078008336,34080795008,2786672
3399,34002819680,34088008336,34090828016,2819680
3400,34012335808,34098008336,34100344144,2335808
3401,34022861856,34108008336,34110870192,2861856
3402,34032821296,34118008336,34120829632,2821296
3403,34042649952,34128008336,34130658288,2649952
3404,34052744688,34138008336,34140753024,2744688
3405,34062777712,34148008336,34150786048,2777712
3406,34071792480,34158008336,34159800816,1792480
3407,34082846384,34168008336,34170854720,2846384
3408,34092530880,34178008336,34180539216,2530880
3409,34103058512,34188008336,34191066848,3058512
3410,34112833424,34198008336,34200841760,2833424
3411,34122757600,34208008336,34210765936,2757600
3412,34132327424,34218008336,34220335760,2327424
3413,34142754112,34228008336,34230762448,2754112
3414,34152943168,34238008336,34240951504,2943168
3415,34162804592,34248008336,34250812928,2804592
3416,34172455024,34258008336,34260463360,2455024
3417,34183094592,34268008336,34271102928,3094592
3418,34192694768,34278008336,34280703104,2694768
3419,34202976272,34288008336,34290984608,2976272
3420,34212721552,34298008336,34300729888,2721552
3421,34223108448,34308008336,34311116784,3108448
3422,34232821824,34318008336,34320830160,2821824
3423,34242846320,34328008336,34330854656,2846320
3424,34252527376,34338008336,34340535712,2527376
3425,34263045024,34348008336,34351053360,3045024
3426,34272875840,34358008336,34360884176,2875840
3427,34282480000,34368008336,34370488336,2480000
3428,34292352112,34378008336,34380360448,2352112
3429,34302756704,34388008336,34390765040,2756704
3430,34312271984,34398008336,34400280320,2271984
3431,34322762000,34408008336,34410770336,2762000
3432,34332554144,34418008336,34420562480,2554144
3433,34343039440,34428008336,34431047776,3039440
3434,34352881280,34438008336,34440889616,2881280
3435,34362785808,34448008336,34450794144,2785808
3436,34372851216,34458008336,34460859552,2851216
3437,34382863552,34468008336,34470871888,2863552
3438,34392786224,34478008336,34480794560,2786224
3439,34402833088,34488008336,34490841424,2833088
3440,34412619248,34498008336,34500627584,2619248
3441,34422851600,34508008336,34510859936,2851600
3442,34432875888,34518008336,34520884224,2875888
3443,34442798496,34528008336,34530806832,2798496
3444,34452517328,34538008336,34540525664,2517328
3445,34462818656,34548008336,34550826992,2818656
3446,34472690640,34558008336,34560698976,2690640
3447,34482862592,34568008336,34570870928,2862592
3448,34493008832,34578008336,34581017168,3008832
3449,34502919536,34588008336,34590927872,2919536
3450,34512585504,34598008336,34600593840,2585504
3451,34522928496,34608008336,34610936832,2928496
3452,34532751968,34618008336,34620760304,2751968
3453,34542901568,34628008336,34630909904,2901568
3454,34552804992,34638008336,34640813328,2804992
3455,34562666736,34648008336,34650675072,2666736
3456,34573024256,34658008336,34661032592,3024256
3457,34582916624,34668008336,34670924960,2916624
3458,34592698608,34678008336,34680706944,2698608
3459,34602752528,34688008336,34690760864,2752528
3460,34612764784,34698008336,34700773120,2764784
3461,34622589552,34708008336,34710597888,2589552
3462,34632885296,34718008336,34720893632,2885296
3463,34642782496,34728008336,34730790832,2782496
3464,34652616816,34738008336,34740625152,2616816
3465,34662257008,34748008336,34750265344,2257008
3466,34672687088,34758008336,34760695424,2687088
3467,34682831296,34768008336,34770839632,2831296
3468,34692670704,34778008336,34780679040,2670704
3469,34702982944,34788008336,34790991280,2982944
3470,34712852432,34798008336,34800860768,2852432
3471,34722788336,34808008336,34810796672,2788336
3472,34732535440,34818008336,34820543776,2535440
3473,34742814704,34828008336,34830823040,2814704
3474,34752834688,34838008336,34840843024,2834688
3475,34762773584,34848008336,34850781920,2773584
3476,34772691456,34858008336,34860699792,2691456
3477,34782881376,34868008336,34870889712,2881376
3478,34792899088,34878008336,34880907424,2899088
3479,34802823584,34888008336,34890831920,2823584
3480,34812692608,34898008336,34900700944,2692608
3481,34822411840,34908008336,34910420176,2411840
3482,34832808256,34918008336,34920816592,2808256
3483,34842848560,34928008336,34930856896,2848560
3484,34852676288,34938008336,34940684624,2676288
3485,34862753024,34948008336,34950761360,2753024
3486,34872851520,34958008336,34960859856,2851520
3487,34882844832,34968008336,34970853168,2844832
3488,34892999056,34978008336,34981007392,2999056
3489,34902822928,34988008336,34990831264,2822928
3490,34912839696,34998008336,35000848032,2839696
3491,34922844592,35008008336,35010852928,2844592
3492,34932662752,35018008336,35020671088,2662752
3493,34942935376,35028008336,35030943712,2935376
3494,34953005232,35038008336,35041013568,3005232
3495,34962468480,35048008336,35050476816,2468480
3496,34972167872,35058008336,35060176208,2167872
3497,34982831264,35068008336,35070839600,2831264
3498,34991603712,35078008336,35079612048,1603712
3499,35003835264,35088008336,35091843600,3835264
3500,35013182848,35098008336,35101191184,3182848
3501,35023312208,35108008336,35111320544,3312208
3502,35032534320,35118008336,35120542656,2534320
3503,35042853408,35128008336,35130861744,2853408
3504,35052844384,35138008336,35140852720,2844384
3505,35062857072,35148008336,35150865408,2857072
3506,35072324384,35158008336,35160332720,2324384
3507,35082954112,35168008336,35170962448,2954112
3508,35092530816,35178008336,35180539152,2530816
3509,35102998896,35188008336,35191007232,2998896
3510,35113019280,35198008336,35201027616,3019280
3511,35122978592,35208008336,35210986928,2978592
3512,35132474736,35218008336,35220483072,2474736
3513,35142669232,35228008336,35230677568,2669232
3514,35153098320,35238008336,35241106656,3098320
3515,35162918176,35248008336,35250926512,2918176
3516,35172710928,35258008336,35260719264,2710928
3517,35182943312,35268008336,35270951648,2943312
3518,35192891248,35278008336,35280899584,2891248
3519,35202937440,35288008336,35290945776,2937440
3520,35212700032,35298008336,35300708368,2700032
3521,35223000752,35308008336,35311009088,3000752
3522,35232876272,35318008336,35320884608,2876272
3523,35242840464,35328008336,35330848800,2840464
3524,35252553312,35338008336,35340561648,2553312
3525,35262956688,35348008336,35350965024,2956688
3526,35272889104,35358008336,35360897440,2889104
3527,35282897136,35368008336,35370905472,2897136
3528,35292877296,35378008336,35380885632,2877296
3529,35302740480,35388008336,35390748816,2740480
3530,35312304576,35398008336,35400312912,2304576
3531,35322664672,35408008336,35410673008,2664672
3532,35332450016,35418008336,35420458352,2450016
3533,35342795424,35428008336,35430803760,2795424
3534,35352668944,35438008336,35440677280,2668944
3535,35362690880,35448008336,35450699216,2690880
3536,35372889792,35458008336,35460898128,2889792
3537,35382905120,35468008336,35470913456,2905120
3538,35392755632,35478008336,35480763968,2755632
3539,35403048928,35488008336,35491057264,3048928
3540,35412737984,35498008336,35500746320,2737984
3541,35422779792,35508008336,35510788128,2779792
3542,35432693984,35518008336,35520702320,2693984
3543,35442722704,35528008336,35530731040,2722704
3544,35452351376,35538008336,35540359712,2351376
3545,35462749808,35548008336,35550758144,2749808
3546,35473361856,35558008336,35561370192,3361856
3547,35482565248,35568008336,35570573584,2565248
3548,35492930912,35578008336,35580939248,2930912
3549,35502718832,35588008336,35590727168,2718832
3550,35512972304,35598008336,35600980640,2972304
3551,35522926000,35608008336,35610934336,2926000
3552,35532661248,35618008336,35620669584,2661248
3553,35542689872,35628008336,35630698208,2689872
3554,35553062400,35638008336,35641070736,3062400
3555,35562812288,35648008336,35650820624,2812288
3556,35573287776,35658008336,35661296112,3287776
3557,35582728576,35668008336,35670736912,2728576
3558,35592896640,35678008336,35680904976,2896640
3559,35603087168,35688008336,35691095504,3087168
3560,35612723904,35698008336,35700732240,2723904
3561,35622748816,35708008336,35710757152,2748816
3562,35632881152,35718008336,35720889488,2881152
3563,35642908304,35728008336,35730916640,2908304
3564,35652687728,35738008336,35740696064,2687728
3565,35661063504,35748008336,35749071840,1063504
3566,35671593536,35758008336,35759601872,1593536
3567,35682017328,35768008336,35770025664,2017328
3568,35692522976,35778008336,35780531312,2522976
3569,35702749552,35788008336,35790757888,2749552
3570,35712810272,35798008336,35800818608,2810272
3571,35722746704,35808008336,35810755040,2746704
3572,35732542720,35818008336,35820551056,2542720
3573,35742940288,35828008336,35830948624,2940288
3574,35752974336,35838008336,35840982672,2974336
3575,35762922928,35848008336,35850931264,2922928
3576,35772646448,35858008336,35860654784,2646448
3577,35782519536,35868008336,35870527872,2519536
3578,35792971488,35878008336,35880979824,2971488
3579,35802794592,35888008336,35890802928,2794592
3580,35812842832,35898008336,35900851168,2842832
3581,35822558848,35908008336,35910567184,2558848
3582,35832708048,35918008336,35920716384,2708048
3583,35842708896,35928008336,35930717232,2708896
PERIODIC LATENCY CHUNK end=3584
3584,35852784080,35938008336,35940792416,2784080
3585,35862662752,35948008336,35950671088,2662752
3586,35872853104,35958008336,35960861440,2853104
3587,35882491040,35968008336,35970499376,2491040
3588,35893047296,35978008336,35981055632,3047296
3589,35902869456,35988008336,35990877792,2869456
3590,35912837600,35998008336,36000845936,2837600
3591,35922953536,36008008336,36010961872,2953536
3592,35932739664,36018008336,36020748000,2739664
3593,35942790688,36028008336,36030799024,2790688
3594,35952790752,36038008336,36040799088,2790752
3595,35962505808,36048008336,36050514144,2505808
3596,35972336016,36058008336,36060344352,2336016
3597,35982452368,36068008336,36070460704,2452368
3598,35992772352,36078008336,36080780688,2772352
3599,36002656672,36088008336,36090665008,2656672
3600,36012686400,36098008336,36100694736,2686400
3601,36022793440,36108008336,36110801776,2793440
3602,36032780960,36118008336,36120789296,2780960
3603,36042825696,36128008336,36130834032,2825696
3604,36051592320,36138008336,36139600656,1592320
3605,36061647360,36148008336,36149655696,1647360
3606,36071669184,36158008336,36159677520,1669184
3607,36081320432,36168008336,36169328768,1320432
3608,36091414576,36178008336,36179422912,1414576
3609,36100999616,36188008336,36189007952,999616
3610,36110973696,36198008336,36198982032,973696
3611,36121073248,36208008336,36209081584,1073248
3612,36130857824,36218008336,36218866160,857824
3613,36141255664,36228008336,36229264000,1255664
3614,36151624400,36238008336,36239632736,1624400
3615,36162596736,36248008336,36250605072,2596736
3616,36173320112,36258008336,36261328448,3320112
3617,36182726368,36268008336,36270734704,2726368
3618,36192882400,36278008336,36280890736,2882400
3619,36202842496,36288008336,36290850832,2842496
3620,36212738112,36298008336,36300746448,2738112
3621,36222690320,36308008336,36310698656,2690320
3622,36232690064,36318008336,36320698400,2690064
3623,36242593584,36328008336,36330601920,2593584
3624,36252679584,36338008336,36340687920,2679584
3625,36262685872,36348008336,36350694208,2685872
3626,36272619632,36358008336,36360627968,2619632
3627,36282737648,36368008336,36370745984,2737648
3628,36292689488,36378008336,36380697824,2689488
3629,36302851360,36388008336,36390859696,2851360
3630,36312172992,36398008336,36400181328,2172992
3631,36322841344,36408008336,36410849680,2841344
3632,36332827232,36418008336,36420835568,2827232
3633,36342688688,36428008336,36430697024,2688688
3634,36352920768,36438008336,36440929104,2920768
3635,36362808352,36448008336,36450816688,2808352
3636,36372809808,36458008336,36460818144,2809808
3637,36382692592,36468008336,36470700928,2692592
3638,36392968352,36478008336,36480976688,2968352
3639,36402862416,36488008336,36490870752,2862416
3640,36412361104,36498008336,36500369440,2361104
3641,36422627248,36508008336,36510635584,2627248
3642,36432922912,36518008336,36520931248,2922912
3643,36442750128,36528008336,36530758464,2750128
3644,36452140256,36538008336,36540148592,2140256
3645,36462563904,36548008336,36550572240,2563904
3646,36472795536,36558008336,36560803872,2795536
3647,36482599408,36568008336,36570607744,2599408
3648,36493054784,36578008336,36581063120,3054784
3649,36502882352,36588008336,36590890688,2882352
3650,36513075792,36598008336,36601084128,3075792
3651,36522837744,36608008336,36610846080,2837744
3652,36532705808,36618008336,36620714144,2705808
3653,36542619536,36628008336,36630627872,2619536
3654,36552814160,36638008336,36640822496,2814160
3655,36562728944,36648008336,36650737280,2728944
3656,36572777952,36658008336,36660786288,2777952
3657,36582372432,36668008336,36670380768,2372432
3658,36592690160,36678008336,36680698496,2690160
3659,36602710112,36688008336,36690718448,2710112
3660,36612706080,36698008336,36700714416,2706080
3661,36622398272,36708008336,36710406608,2398272
3662,36632803872,36718008336,36720812208,2803872
3663,36642552496,36728008336,36730560832,2552496
3664,36652688928,36738008336,36740697264,2688928
3665,36662274400,36748008336,36750282736,2274400
3666,36672769488,36758008336,36760777824,2769488
3667,36682452784,36768008336,36770461120,2452784
3668,36692804816,36778008336,36780813152,2804816
3669,36702609216,36788008336,36790617552,2609216
3670,36712564016,36798008336,36800572352,2564016
3671,36722863520,36808008336,36810871856,2863520
3672,36732173328,36818008336,36820181664,2173328
3673,36742791808,36828008336,36830800144,2791808
3674,36752870848,36838008336,36840879184,2870848
3675,36763520736,36848008336,36851529072,3520736
3676,36773112144,36858008336,36861120480,3112144
3677,36782550512,36868008336,36870558848,2550512
3678,36792966320,36878008336,36880974656,2966320
3679,36803016352,36888008336,36891024688,3016352
3680,36813025312,36898008336,36901033648,3025312
3681,36822438800,36908008336,36910447136,2438800
3682,36833139472,36918008336,36921147808,3139472
3683,36842990656,36928008336,36930998992,2990656
3684,36852783056,36938008336,36940791392,2783056
3685,36862509840,36948008336,36950518176,2509840
3686,36873144336,36958008336,36961152672,3144336
3687,36882389728,36968008336,36970398064,2389728
3688,36892785616,36978008336,36980793952,2785616
3689,36902964640,36988008336,36990972976,2964640
3690,36912955600,36998008336,37000963936,2955600
3691,36922816944,37008008336,37010825280,2816944
3692,36932807280,37018008336,37020815616,2807280
3693,36942374272,37028008336,37030382608,2374272
3694,36952445088,37038008336,37040453424,2445088
3695,36962313008,37048008336,37050321344,2313008
3696,36972853664,37058008336,37060862000,2853664
3697,36982484928,37068008336,37070493264,2484928
3698,36992944448,37078008336,37080952784,2944448
3699,37002697296,37088008336,37090705632,2697296
3700,37012811200,37098008336,37100819536,2811200
3701,37022526320,37108008336,37110534656,2526320
3702,37033764640,37118008336,37121772976,3764640
3703,37043052384,37128008336,37131060720,3052384
3704,37053095904,37138008336,37141104240,3095904
3705,37063227696,37148008336,37151236032,3227696
3706,37072222608,37158008336,37160230944,2222608
3707,37082590192,37168008336,37170598528,2590192
3708,37092971056,37178008336,37180979392,2971056
3709,37102566272,37188008336,37190574608,2566272
3710,37112969600,37198008336,37200977936,2969600
3711,37123022032,37208008336,37211030368,3022032
3712,37132294576,37218008336,37220302912,2294576
3713,37142633744,37228008336,37230642080,2633744
3714,37153108944,37238008336,37241117280,3108944
3715,37162854272,37248008336,37250862608,2854272
3716,37172862512,37258008336,37260870848,2862512
3717,37182292256,37268008336,37270300592,2292256
3718,37192746368,37278008336,37280754704,2746368
3719,37202765136,37288008336,37290773472,2765136
3720,37212921936,37298008336,37300930272,2921936
3721,37222989008,37308008336,37310997344,2989008
3722,37232997216,37318008336,37321005552,2997216
3723,37243000688,37328008336,37331009024,3000688
3724,37252834640,37338008336,37340842976,2834640
3725,37262831328,37348008336,37350839664,2831328
3726,37272827856,37358008336,37360836192,2827856
3727,37282509008,37368008336,37370517344,2509008
3728,37292954336,37378008336,37380962672,2954336
3729,37303008432,37388008336,37391016768,3008432
3730,37312603392,37398008336,37400611728,2603392
3731,37322705712,37408008336,37410714048,2705712
3732,37332967728,37418008336,37420976064,2967728
3733,37342954784,37428008336,37430963120,2954784
3734,37353173216,37438008336,37441181552,3173216
3735,37362869840,37448008336,37450878176,2869840
3736,37372919952,37458008336,37460928288,2919952
3737,37382495584,37468008336,37470503920,2495584
3738,37392992672,37478008336,37481001008,2992672
3739,37402690512,37488008336,37490698848,2690512
3740,37412775072,37498008336,37500783408,2775072
3741,37422906992,37508008336,37510915328,2906992
3742,37432890960,37518008336,37520899296,2890960
3743,37442840656,37528008336,37530848992,2840656
3744,37452505920,37538008336,37540514256,2505920
3745,37463022208,37548008336,37551030544,3022208
3746,37473271296,37558008336,37561279632,3271296
3747,37482849232,37568008336,37570857568,2849232
3748,37493308880,37578008336,37581317216,3308880
3749,37502727952,37588008336,37590736288,2727952
3750,37512535168,37598008336,37600543504,2535168
3751,37522821984,37608008336,37610830320,2821984
3752,37532748096,37618008336,37620756432,2748096
3753,37542677136,37628008336,37630685472,2677136
3754,37552664080,37638008336,37640672416,2664080
3755,37562712224,37648008336,37650720560,2712224
3756,37572712880,37658008336,37660721216,2712880
3757,37582742432,37668008336,37670750768,2742432
3758,37592673312,37678008336,37680681648,2673312
3759,37603009776,37688008336,37691018112,3009776
3760,37612913024,37698008336,37700921360,2913024
3761,37622527680,37708008336,37710536016,2527680
3762,37632920704,37718008336,37720929040,2920704
3763,37642651968,37728008336,37730660304,2651968
3764,37652799664,37738008336,37740808000,2799664
3765,37662188016,37748008336,37750196352,2188016
3766,37672769120,37758008336,37760777456,2769120
3767,37682594752,37768008336,37770603088,2594752
3768,37692812064,37778008336,37780820400,2812064
3769,37702628336,37788008336,37790636672,2628336
3770,37713017792,37798008336,37801026128,3017792
3771,37722647872,37808008336,37810656208,2647872
3772,37732294672,37818008336,37820303008,2294672
3773,37742555776,37828008336,37830564112,2555776
3774,37752756320,37838008336,37840764656,2756320
3775,37762930576,37848008336,37850938912,2930576
3776,37772863616,37858008336,37860871952,2863616
3777,37782713936,37868008336,37870722272,2713936
3778,37792986176,37878008336,37880994512,2986176
3779,37802845936,37888008336,37890854272,2845936
3780,37812914208,37898008336,37900922544,2914208
3781,37822474624,37908008336,37910482960,2474624
3782,37832868000,37918008336,37920876336,2868000
3783,37842843152,37928008336,37930851488,2843152
3784,37852801472,37938008336,37940809808,2801472
3785,37862433952,37948008336,37950442288,2433952
3786,37872655632,37958008336,37960663968,2655632
3787,37882613264,37968008336,37970621600,2613264
3788,37892323776,37978008336,37980332112,2323776
3789,37901885808,37988008336,37989894144,1885808
3790,37911647184,37998008336,37999655520,1647184
3791,37923102160,38008008336,38011110496,3102160
3792,37932955040,38018008336,38020963376,2955040
3793,37942546368,38028008336,38030554704,2546368
3794,37953056816,38038008336,38041065152,3056816
3795,37962735440,38048008336,38050743776,2735440
3796,37972276976,38058008336,38060285312,2276976
3797,37982220736,38068008336,38070229072,2220736
3798,37992689744,38078008336,38080698080,2689744
3799,38002942224,38088008336,38090950560,2942224
3800,38012682448,38098008336,38100690784,2682448
3801,38022607984,38108008336,38110616320,2607984
3802,38033041760,38118008336,38121050096,3041760
3803,38042965312,38128008336,38130973648,2965312
3804,38052864304,38138008336,38140872640,2864304
3805,38062766592,38148008336,38150774928,2766592
3806,38072220192,38158008336,38160228528,2220192
3807,38082629488,38168008336,38170637824,2629488
3808,38092905760,38178008336,38180914096,2905760
3809,38102655104,38188008336,38190663440,2655104
3810,38112975376,38198008336,38200983712,2975376
3811,38122530848,38208008336,38210539184,2530848
3812,38131897472,38218008336,38219905808,1897472
3813,38142789632,38228008336,38230797968,2789632
3814,38152997872,38238008336,38241006208,2997872
3815,38162936832,38248008336,38250945168,2936832
3816,38172998976,38258008336,38261007312,2998976
3817,38182484784,38268008336,38270493120,2484784
3818,38193141072,38278008336,38281149408,3141072
3819,38202925264,38288008336,38290933600,2925264
3820,38212986640,38298008336,38300994976,2986640
3821,38222944096,38308008336,38310952432,2944096
3822,38232976800,38318008336,38320985136,2976800
3823,38242818080,38328008336,38330826416,2818080
3824,38252841520,38338008336,38340849856,2841520
3825,38262369328,38348008336,38350377664,2369328
3826,38272817584,38358008336,38360825920,2817584
3827,38282827040,38368008336,38370835376,2827040
3828,38292937904,38378008336,38380946240,2937904
3829,38302783296,38388008336,38390791632,2783296
3830,38312247632,38398008336,38400255968,2247632
3831,38322976416,38408008336,38410984752,2976416
3832,38332862976,38418008336,38420871312,2862976
3833,38342427904,38428008336,38430436240,2427904
3834,38353159856,38438008336,38441168192,3159856
3835,38362962848,38448008336,38450971184,2962848
3836,38372936624,38458008336,38460944960,2936624
3837,38382479920,38468008336,38470488256,2479920
3838,38392620272,38478008336,38480628608,2620272
3839,38402907680,38488008336,38490916016,2907680
PERIODIC LATENCY CHUNK end=3840
3840,38412740048,38498008336,38500748384,2740048
3841,38422847008,38508008336,38510855344,2847008
3842,38432827168,38518008336,38520835504,2827168
3843,38442815440,38528008336,38530823776,2815440
3844,38452525840,38538008336,38540534176,2525840
3845,38462897840,38548008336,38550906176,2897840
3846,38472502144,38558008336,38560510480,2502144
3847,38483405056,38568008336,38571413392,3405056
3848,38492780912,38578008336,38580789248,2780912
3849,38503014816,38588008336,38591023152,3014816
3850,38512953952,38598008336,38600962288,2953952
3851,38522844032,38608008336,38610852368,2844032
3852,38533220496,38618008336,38621228832,3220496
3853,38542987840,38628008336,38630996176,2987840
3854,38552581504,38638008336,38640589840,2581504
3855,38563157712,38648008336,38651166048,3157712
3856,38572953728,38658008336,38660962064,2953728
3857,38582690464,38668008336,38670698800,2690464
3858,38592837424,38678008336,38680845760,2837424
3859,38602824048,38688008336,38690832384,2824048
3860,38612802288,38698008336,38700810624,2802288
3861,38622625488,38708008336,38710633824,2625488
3862,38632396960,38718008336,38720405296,2396960
3863,38642501952,38728008336,38730510288,2501952
3864,38653163504,38738008336,38741171840,3163504
3865,38662423728,38748008336,38750432064,2423728
3866,38672838592,38758008336,38760846928,2838592
3867,38682588032,38768008336,38770596368,2588032
3868,38693036848,38778008336,38781045184,3036848
3869,38702925664,38788008336,38790934000,2925664
3870,38712284416,38798008336,38800292752,2284416
3871,38723142848,38808008336,38811151184,3142848
3872,38732515824,38818008336,38820524160,2515824
3873,38742887952,38828008336,38830896288,2887952
3874,38752966016,38838008336,38840974352,2966016
3875,38762858992,38848008336,38850867328,2858992
3876,38772885376,38858008336,38860893712,2885376
3877,38782770384,38868008336,38870778720,2770384
3878,38792448384,38878008336,38880456720,2448384
3879,38802949472,38888008336,38890957808,2949472
3880,38812855376,38898008336,38900863712,2855376
3881,38822434496,38908008336,38910442832,2434496
3882,38832990304,38918008336,38920998640,2990304
3883,38842928464,38928008336,38930936800,2928464
3884,38852795712,38938008336,38940804048,2795712
3885,38862909968,38948008336,38950918304,2909968
3886,38872721072,38958008336,38960729408,2721072
3887,38882728880,38968008336,38970737216,2728880
3888,38892770352,38978008336,38980778688,2770352
3889,38902790208,38988008336,38990798544,2790208
3890,38912879280,38998008336,39000887616,2879280
3891,38922770976,39008008336,39010779312,2770976
3892,38932762528,39018008336,39020770864,2762528
3893,38942764016,39028008336,39030772352,2764016
3894,38952644592,39038008336,39040652928,2644592
3895,38962316096,39048008336,39050324432,2316096
3896,38972867008,39058008336,39060875344,2867008
3897,38982792976,39068008336,39070801312,2792976
3898,38992725824,39078008336,39080734160,2725824
3899,39002840256,39088008336,39090848592,2840256
3900,39012754704,39098008336,39100763040,2754704
3901,39022805856,39108008336,39110814192,2805856
3902,39032671920,39118008336,39120680256,2671920
3903,39042823168,39128008336,39130831504,2823168
3904,39052650992,39138008336,39140659328,2650992
3905,39062648352,39148008336,39150656688,2648352
3906,39072321552,39158008336,39160329888,2321552
3907,39082825552,39168008336,39170833888,2825552
3908,39092816624,39178008336,39180824960,2816624
3909,39101668384,39188008336,39189676720,1668384
3910,39111879392,39198008336,39199887728,1879392
3911,39121454800,39208008336,39209463136,1454800
3912,39131307824,39218008336,39219316160,1307824
3913,39141258192,39228008336,39229266528,1258192
3914,39151236288,39238008336,39239244624,1236288
3915,39160994480,39248008336,39249002816,994480
3916,39170997344,39258008336,39259005680,997344
3917,39180939344,39268008336,39268947680,939344
3918,39191090176,39278008336,39279098512,1090176
3919,39201778192,39288008336,39289786528,1778192
3920,39212714320,39298008336,39300722656,2714320
3921,39223032224,39308008336,39311040560,3032224
3922,39232904320,39318008336,39320912656,2904320
3923,39242999072,39328008336,39331007408,2999072
3924,39252817024,39338008336,39340825360,2817024
3925,39262790112,39348008336,39350798448,2790112
3926,39272577200,39358008336,39360585536,2577200
3927,39282759376,39368008336,39370767712,2759376
3928,39292875920,39378008336,39380884256,2875920
3929,39302790576,39388008336,39390798912,2790576
3930,39312140576,39398008336,39400148912,2140576
3931,39322827296,39408008336,39410835632,2827296
3932,39332862032,39418008336,39420870368,2862032
3933,39342760320,39428008336,39430768656,2760320
3934,39352685840,39438008336,39440694176,2685840
3935,39362830752,39448008336,39450839088,2830752
3936,39372281664,39458008336,39460290000,2281664
3937,39382694720,39468008336,39470703056,2694720
3938,39392656832,39478008336,39480665168,2656832
3939,39402938800,39488008336,39490947136,2938800
3940,39412723584,39498008336,39500731920,2723584
3941,39422745552,39508008336,39510753888,2745552
3942,39432697488,39518008336,39520705824,2697488
3943,39442717792,39528008336,39530726128,2717792
3944,39452205680,39538008336,39540214016,2205680
3945,39462596352,39548008336,39550604688,2596352
3946,39472501216,39558008336,39560509552,2501216
3947,39482572336,39568008336,39570580672,2572336
3948,39492911744,39578008336,39580920080,2911744
3949,39502754432,39588008336,39590762768,2754432
3950,39512678448,39598008336,39600686784,2678448
3951,39522792976,39608008336,39610801312,2792976
3952,39532868224,39618008336,39620876560,2868224
3953,39542909824,39628008336,39630918160,2909824
3954,39552718496,39638008336,39640726832,2718496
3955,39562780416,39648008336,39650788752,2780416
3956,39572339200,39658008336,39660347536,2339200
3957,39582833776,39668008336,39670842112,2833776
3958,39592662368,39678008336,39680670704,2662368
3959,39602788128,39688008336,39690796464,2788128
3960,39613036512,39698008336,39701044848,3036512
3961,39622413744,39708008336,39710422080,2413744
3962,39632589488,39718008336,39720597824,2589488
3963,39642973040,39728008336,39730981376,2973040
3964,39653031456,39738008336,39741039792,3031456
3965,39662307552,39748008336,39750315888,2307552
3966,39672606688,39758008336,39760615024,2606688
3967,39683019808,39768008336,39771028144,3019808
3968,39692771520,39778008336,39780779856,2771520
3969,39702899824,39788008336,39790908160,2899824
3970,39712521952,39798008336,39800530288,2521952
3971,39722935104,39808008336,39810943440,2935104
3972,39732534160,39818008336,39820542496,2534160
3973,39742896192,39828008336,39830904528,2896192
3974,39753022208,39838008336,39841030544,3022208
3975,39763063312,39848008336,39851071648,3063312
3976,39772593184,39858008336,39860601520,2593184
3977,39782920976,39868008336,39870929312,2920976
3978,39792613760,39878008336,39880622096,2613760
3979,39802777424,39888008336,39890785760,2777424
3980,39812679024,39898008336,39900687360,2679024
3981,39822475216,39908008336,39910483552,2475216
3982,39833152320,39918008336,39921160656,3152320
3983,39843043360,39928008336,39931051696,3043360
3984,39852968128,39938008336,39940976464,2968128
3985,39862980416,39948008336,39950988752,2980416
3986,39872338224,39958008336,39960346560,2338224
3987,39883325792,39968008336,39971334128,3325792
3988,39893314528,39978008336,39981322864,3314528
3989,39902928480,39988008336,39990936816,2928480
3990,39912966656,39998008336,40000974992,2966656
3991,39922919248,40008008336,40010927584,2919248
3992,39932758784,40018008336,40020767120,2758784
3993,39942801376,40028008336,40030809712,2801376
3994,39952478128,40038008336,40040486464,2478128
3995,39962333328,40048008336,40050341664,2333328
3996,39972458384,40058008336,40060466720,2458384
3997,39983067120,40068008336,40071075456,3067120
3998,39991578576,40078008336,40079586912,1578576
3999,40002892848,40088008336,40090901184,2892848
4000,40012640960,40098008336,40100649296,2640960
4001,40023269840,40108008336,40111278176,3269840
4002,40032726256,40118008336,40120734592,2726256
4003,40042753776,40128008336,40130762112,2753776
4004,40052786176,40138008336,40140794512,2786176
4005,40062703440,40148008336,40150711776,2703440
4006,40072296352,40158008336,40160304688,2296352
4007,40082812656,40168008336,40170820992,2812656
4008,40092876576,40178008336,40180884912,2876576
4009,40102785888,40188008336,40190794224,2785888
4010,40112309616,40198008336,40200317952,2309616
4011,40122820784,40208008336,40210829120,2820784
4012,40132431104,40218008336,40220439440,2431104
4013,40142632288,40228008336,40230640624,2632288
4014,40152827312,40238008336,40240835648,2827312
4015,40162889296,40248008336,40250897632,2889296
4016,40172666224,40258008336,40260674560,2666224
4017,40182785104,40268008336,40270793440,2785104
4018,40192781056,40278008336,40280789392,2781056
4019,40202828592,40288008336,40290836928,2828592
4020,40212789488,40298008336,40300797824,2789488
4021,40222857872,40308008336,40310866208,2857872
4022,40233485008,40318008336,40321493344,3485008
4023,40242627616,40328008336,40330635952,2627616
4024,40253575328,40338008336,40341583664,3575328
4025,40262605344,40348008336,40350613680,2605344
4026,40272701712,40358008336,40360710048,2701712
4027,40282774592,40368008336,40370782928,2774592
4028,40292662544,40378008336,40380670880,2662544
4029,40302730944,40388008336,40390739280,2730944
4030,40312299120,40398008336,40400307456,2299120
4031,40322435552,40408008336,40410443888,2435552
4032,40332204560,40418008336,40420212896,2204560
4033,40342613600,40428008336,40430621936,2613600
4034,40352783600,40438008336,40440791936,2783600
4035,40362850320,40448008336,40450858656,2850320
4036,40372675344,40458008336,40460683680,2675344
4037,40382812848,40468008336,40470821184,2812848
4038,40392681312,40478008336,40480689648,2681312
4039,40402802192,40488008336,40490810528,2802192
4040,40412700784,40498008336,40500709120,2700784
4041,40422847280,40508008336,40510855616,2847280
4042,40432885120,40518008336,40520893456,2885120
4043,40442690240,40528008336,40530698576,2690240
4044,40452300816,40538008336,40540309152,2300816
4045,40462835712,40548008336,40550844048,2835712
4046,40472791456,40558008336,40560799792,2791456
4047,40482648272,40568008336,40570656608,2648272
4048,40492797904,40578008336,40580806240,2797904
4049,40502631904,40588008336,40590640240,2631904
4050,40512641184,40598008336,40600649520,2641184
4051,40522821152,40608008336,40610829488,2821152
4052,40532685040,40618008336,40620693376,2685040
4053,40543045520,40628008336,40631053856,3045520
4054,40552713504,40638008336,40640721840,2713504
4055,40562706672,40648008336,40650715008,2706672
4056,40572670192,40658008336,40660678528,2670192
4057,40582704080,40668008336,40670712416,2704080
4058,40592701040,40678008336,40680709376,2701040
4059,40602672720,40688008336,40690681056,2672720
4060,40612716208,40698008336,40700724544,2716208
4061,40622626272,40708008336,40710634608,2626272
4062,40632740528,40718008336,40720748864,2740528
4063,40642823792,40728008336,40730832128,2823792
4064,40652765200,40738008336,40740773536,2765200
4065,40662294064,40748008336,40750302400,2294064
4066,40672765296,40758008336,40760773632,2765296
4067,40682848816,40768008336,40770857152,2848816
4068,40692795888,40778008336,40780804224,2795888
4069,40702714288,40788008336,40790722624,2714288
4070,40712725504,40798008336,40800733840,2725504
4071,40722259008,40808008336,40810267344,2259008
4072,40731129584,40818008336,40819137920,1129584
4073,40741016544,40828008336,40829024880,1016544
4074,40751017104,40838008336,40839025440,1017104
4075,40760968112,40848008336,40848976448,968112
4076,40770992416,40858008336,40859000752,992416
4077,40781282976,40868008336,40869291312,1282976
4078,40792199648,40878008336,40880207984,2199648
4079,40803395840,40888008336,40891404176,3395840
4080,40813012288,40898008336,40901020624,3012288
4081,40822723264,40908008336,40910731600,2723264
4082,40832872560,40918008336,40920880896,2872560
4083,40843062480,40928008336,40931070816,3062480
4084,40852844800,40938008336,40940853136,2844800
4085,40862903840,40948008336,40950912176,2903840
4086,40872659968,40958008336,40960668304,2659968
4087,40882870592,40968008336,40970878928,2870592
4088,40892853792,40978008336,40980862128,2853792
4089,40902867712,40988008336,40990876048,2867712
4090,40912687056,40998008336,41000695392,2687056
4091,40922754240,41008008336,41010762576,2754240
4092,40932610960,41018008336,41020619296,2610960
4093,40942673536,41028008336,41030681872,2673536
4094,40952314176,41038008336,41040322512,2314176
4095,40962342528,41048008336,41050350864,2342528
PERIODIC LATENCY CHUNK end=4096
4096,40972887760,41058008336,41060896096,2887760
4097,40982848880,41068008336,41070857216,2848880
4098,40993616000,41078008336,41081624336,3616000
4099,41002756416,41088008336,41090764752,2756416
4100,41012745536,41098008336,41100753872,2745536
4101,41022887168,41108008336,41110895504,2887168
4102,41032569728,41118008336,41120578064,2569728
4103,41043084800,41128008336,41131093136,3084800
4104,41052764448,41138008336,41140772784,2764448
4105,41062871792,41148008336,41150880128,2871792
4106,41072162368,41158008336,41160170704,2162368
4107,41082243984,41168008336,41170252320,2243984
4108,41090992304,41178008336,41179000640,992304
4109,41100994784,41188008336,41189003120,994784
4110,41111112256,41198008336,41199120592,1112256
4111,41121003232,41208008336,41209011568,1003232
4112,41131168256,41218008336,41219176592,1168256
4113,41140891808,41228008336,41228900144,891808
4114,41151296704,41238008336,41239305040,1296704
4115,41161824944,41248008336,41249833280,1824944
4116,41172906608,41258008336,41260914944,2906608
4117,41182733968,41268008336,41270742304,2733968
4118,41192490944,41278008336,41280499280,2490944
4119,41202425008,41288008336,41290433344,2425008
4120,41212685872,41298008336,41300694208,2685872
4121,41223875856,41308008336,41311884192,3875856
4122,41233386288,41318008336,41321394624,3386288
4123,41242805424,41328008336,41330813760,2805424
4124,41252850944,41338008336,41340859280,2850944
4125,41262893120,41348008336,41350901456,2893120
4126,41272583856,41358008336,41360592192,2583856
4127,41282816912,41368008336,41370825248,2816912
4128,41292955488,41378008336,41380963824,2955488
4129,41302836032,41388008336,41390844368,2836032
4130,41312363088,41398008336,41400371424,2363088
4131,41322759312,41408008336,41410767648,2759312
4132,41332919408,41418008336,41420927744,2919408
4133,41342816000,41428008336,41430824336,2816000
4134,41352869856,41438008336,41440878192,2869856
4135,41362838448,41448008336,41450846784,2838448
4136,41373002368,41458008336,41461010704,3002368
4137,41382826448,41468008336,41470834784,2826448
4138,41392859232,41478008336,41480867568,2859232
4139,41402551440,41488008336,41490559776,2551440
4140,41412816016,41498008336,41500824352,2816016
4141,41422330192,41508008336,41510338528,2330192
4142,41432835632,41518008336,41520843968,2835632
4143,41442685408,41528008336,41530693744,2685408
4144,41452374144,41538008336,41540382480,2374144
4145,41462774560,41548008336,41550782896,2774560
4146,41472843200,41558008336,41560851536,2843200
4147,41482557584,41568008336,41570565920,2557584
4148,41493007136,41578008336,41581015472,3007136
4149,41502881440,41588008336,41590889776,2881440
4150,41512836192,41598008336,41600844528,2836192
4151,41522958304,41608008336,41610966640,2958304
4152,41532860160,41618008336,41620868496,2860160
4153,41542851904,41628008336,41630860240,2851904
4154,41552809104,41638008336,41640817440,2809104
4155,41562464752,41648008336,41650473088,2464752
4156,41573026080,41658008336,41661034416,3026080
4157,41582801952,41668008336,41670810288,2801952
4158,41592715136,41678008336,41680723472,2715136
4159,41602566544,41688008336,41690574880,2566544
4160,41612686992,41698008336,41700695328,2686992
4161,41622503952,41708008336,41710512288,2503952
4162,41632963696,41718008336,41720972032,2963696
4163,41642773296,41728008336,41730781632,2773296
4164,41652797856,41738008336,41740806192,2797856
4165,41662307824,41748008336,41750316160,2307824
4166,41672776720,41758008336,41760785056,2776720
4167,41682798576,41768008336,41770806912,2798576
4168,41692825840,41778008336,41780834176,2825840
4169,41702802480,41788008336,41790810816,2802480
4170,41712748960,41798008336,41800757296,2748960
4171,41722761200,41808008336,41810769536,2761200
4172,41731872480,41818008336,41819880816,1872480
4173,41741380208,41828008336,41829388544,1380208
4174,41751469392,41838008336,41839477728,1469392
4175,41761407264,41848008336,41849415600,1407264
4176,41771471760,41858008336,41859480096,1471760
4177,41781273600,41868008336,41869281936,1273600
4178,41790894688,41878008336,41878903024,894688
4179,41801650288,41888008336,41889658624,1650288
4180,41812564480,41898008336,41900572816,2564480
4181,41822404336,41908008336,41910412672,2404336
4182,41832937584,41918008336,41920945920,2937584
4183,41842842336,41928008336,41930850672,2842336
4184,41852892688,41938008336,41940901024,2892688
4185,41862526896,41948008336,41950535232,2526896
4186,41873069200,41958008336,41961077536,3069200
4187,41883017760,41968008336,41971026096,3017760
4188,41893046640,41978008336,41981054976,3046640
4189,41902952960,41988008336,41990961296,2952960
4190,41912824720,41998008336,42000833056,2824720
4191,41922807216,42008008336,42010815552,2807216
4192,41932789184,42018008336,42020797520,2789184
4193,41942824832,42028008336,42030833168,2824832
4194,41952748832,42038008336,42040757168,2748832
4195,41962500368,42048008336,42050508704,2500368
4196,41972337744,42058008336,42060346080,2337744
4197,41982576288,42068008336,42070584624,2576288
4198,41992682896,42078008336,42080691232,2682896
4199,42002799856,42088008336,42090808192,2799856
4200,42012702528,42098008336,42100710864,2702528
4201,42022905232,42108008336,42110913568,2905232
4202,42031947328,42118008336,42119955664,1947328
4203,42041960944,42128008336,42129969280,1960944
4204,42053369888,42138008336,42141378224,3369888
4205,42063069184,42148008336,42151077520,3069184
4206,42072772448,42158008336,42160780784,2772448
4207,42082967888,42168008336,42170976224,2967888
4208,42092670720,42178008336,42180679056,2670720
4209,42103037296,42188008336,42191045632,3037296
4210,42113048528,42198008336,42201056864,3048528
4211,42122807936,42208008336,42210816272,2807936
4212,42132473152,42218008336,42220481488,2473152
4213,42142780448,42228008336,42230788784,2780448
4214,42152829040,42238008336,42240837376,2829040
4215,42162544848,42248008336,42250553184,2544848
4216,42173288496,42258008336,42261296832,3288496
4217,42181405680,42268008336,42269414016,1405680
4218,42191417088,42278008336,42279425424,1417088
4219,42201372080,42288008336,42289380416,1372080
4220,42211436128,42298008336,42299444464,1436128
4221,42221789232,42308008336,42309797568,1789232
4222,42231594000,42318008336,42319602336,1594000
4223,42241761440,42328008336,42329769776,1761440
4224,42251911104,42338008336,42339919440,1911104
4225,42262718976,42348008336,42350727312,2718976
4226,42273108960,42358008336,42361117296,3108960
4227,42282659136,42368008336,42370667472,2659136
4228,42293214512,42378008336,42381222848,3214512
4229,42303054608,42388008336,42391062944,3054608
4230,42312453680,42398008336,42400462016,2453680
4231,42322804752,42408008336,42410813088,2804752
4232,42332986016,42418008336,42420994352,2986016
4233,42342694800,42428008336,42430703136,2694800
4234,42352911952,42438008336,42440920288,2911952
4235,42362621456,42448008336,42450629792,2621456
4236,42372896464,42458008336,42460904800,2896464
4237,42382865024,42468008336,42470873360,2865024
4238,42393047040,42478008336,42481055376,3047040
4239,42402101488,42488008336,42490109824,2101488
4240,42412479888,42498008336,42500488224,2479888
4241,42423052528,42508008336,42511060864,3052528
4242,42432872096,42518008336,42520880432,2872096
4243,42442986688,42528008336,42530995024,2986688
4244,42452455008,42538008336,42540463344,2455008
4245,42462782432,42548008336,42550790768,2782432
4246,42472942384,42558008336,42560950720,2942384
4247,42482235648,42568008336,42570243984,2235648
4248,42492743984,42578008336,42580752320,2743984
4249,42503010320,42588008336,42591018656,3010320
4250,42512519264,42598008336,42600527600,2519264
4251,42523010192,42608008336,42611018528,3010192
4252,42532791424,42618008336,42620799760,2791424
4253,42542783344,42628008336,42630791680,2783344
4254,42552842048,42638008336,42640850384,2842048
4255,42562303840,42648008336,42650312176,2303840
4256,42572849200,42658008336,42660857536,2849200
4257,42582808384,42668008336,42670816720,2808384
4258,42592855312,42678008336,42680863648,2855312
4259,42602705184,42688008336,42690713520,2705184
4260,42612678608,42698008336,42700686944,2678608
4261,42622420016,42708008336,42710428352,2420016
4262,42631719856,42718008336,42719728192,1719856
4263,42641546384,42728008336,42729554720,1546384
4264,42652561680,42738008336,42740570016,2561680
4265,42663076928,42748008336,42751085264,3076928
4266,42673120512,42758008336,42761128848,3120512
4267,42682534336,42768008336,42770542672,2534336
4268,42692822080,42778008336,42780830416,2822080
4269,42702991840,42788008336,42791000176,2991840
4270,42712678880,42798008336,42800687216,2678880
4271,42723008864,42808008336,42811017200,3008864
4272,42732416080,42818008336,42820424416,2416080
4273,42742619824,42828008336,42830628160,2619824
4274,42752813824,42838008336,42840822160,2813824
4275,42762608704,42848008336,42850617040,2608704
4276,42772834256,42858008336,42860842592,2834256
4277,42782796224,42868008336,42870804560,2796224
4278,42792791952,42878008336,42880800288,2791952
4279,42802773552,42888008336,42890781888,2773552
4280,42812697344,42898008336,42900705680,2697344
4281,42822365776,42908008336,42910374112,2365776
4282,42832839600,42918008336,42920847936,2839600
4283,42842672752,42928008336,42930681088,2672752
4284,42852648016,42938008336,42940656352,2648016
4285,42862577920,42948008336,42950586256,2577920
4286,42872764912,42958008336,42960773248,2764912
4287,42883001744,42968008336,42971010080,3001744
4288,42893097248,42978008336,42981105584,3097248
4289,42902913872,42988008336,42990922208,2913872
4290,42912844896,42998008336,43000853232,2844896
4291,42922906736,43008008336,43010915072,2906736
4292,42932905152,43018008336,43020913488,2905152
4293,42942912352,43028008336,43030920688,2912352
4294,42952912176,43038008336,43040920512,2912176
4295,42962508096,43048008336,43050516432,2508096
4296,42972729344,43058008336,43060737680,2729344
4297,42982778848,43068008336,43070787184,2778848
4298,42992871568,43078008336,43080879904,2871568
4299,43002828496,43088008336,43090836832,2828496
4300,43012770640,43098008336,43100778976,2770640
4301,43022836272,43108008336,43110844608,2836272
4302,43032811136,43118008336,43120819472,2811136
4303,43042884016,43128008336,43130892352,2884016
4304,43053067504,43138008336,43141075840,3067504
4305,43062705488,43148008336,43150713824,2705488
4306,43071920960,43158008336,43159929296,1920960
4307,43082973056,43168008336,43170981392,2973056
4308,43092917472,43178008336,43180925808,2917472
4309,43103108432,43188008336,43191116768,3108432
4310,43112829488,43198008336,43200837824,2829488
4311,43122769184,43208008336,43210777520,2769184
4312,43132280128,43218008336,43220288464,2280128
4313,43142602112,43228008336,43230610448,2602112
4314,43152786592,43238008336,43240794928,2786592
4315,43162987680,43248008336,43250996016,2987680
4316,43172818080,43258008336,43260826416,2818080
4317,43182799344,43268008336,43270807680,2799344
4318,43192826576,43278008336,43280834912,2826576
4319,43202703392,43288008336,43290711728,2703392
4320,43212597424,43298008336,43300605760,2597424
4321,43223093072,43308008336,43311101408,3093072
4322,43232974000,43318008336,43320982336,2974000
4323,43242986336,43328008336,43330994672,2986336
4324,43252829760,43338008336,43340838096,2829760
4325,43262792352,43348008336,43350800688,2792352
4326,43272797504,43358008336,43360805840,2797504
4327,43282932528,43368008336,43370940864,2932528
4328,43292642512,43378008336,43380650848,2642512
4329,43302791520,43388008336,43390799856,2791520
4330,43312308240,43398008336,43400316576,2308240
4331,43322753392,43408008336,43410761728,2753392
4332,43332763616,43418008336,43420771952,2763616
4333,43342924480,43428008336,43430932816,2924480
4334,43352869328,43438008336,43440877664,2869328
4335,43362946976,43448008336,43450955312,2946976
4336,43372672096,43458008336,43460680432,2672096
4337,43382861008,43468008336,43470869344,2861008
4338,43392913392,43478008336,43480921728,2913392
4339,43402667552,43488008336,43490675888,2667552
4340,43412939648,43498008336,43500947984,2939648
4341,43422905216,43508008336,43510913552,2905216
4342,43432772416,43518008336,43520780752,2772416
4343,43442784112,43528008336,43530792448,2784112
4344,43452275984,43538008336,43540284320,2275984
4345,43462841904,43548008336,43550850240,2841904
4346,43472801200,43558008336,43560809536,2801200
4347,43482503376,43568008336,43570511712,2503376
4348,43492834224,43578008336,43580842560,2834224
4349,43502802208,43588008336,43590810544,2802208
4350,43512697808,43598008336,43600706144,2697808
4351,43522900880,43608008336,43610909216,2900880
PERIODIC LATENCY CHUNK end=4352
4352,43533167200,43618008336,43621175536,3167200
4353,43542958896,43628008336,43630967232,2958896
4354,43552734576,43638008336,43640742912,2734576
4355,43562451824,43648008336,43650460160,2451824
4356,43572824080,43658008336,43660832416,2824080
4357,43582746576,43668008336,43670754912,2746576
4358,43592825408,43678008336,43680833744,2825408
4359,43602765904,43688008336,43690774240,2765904
4360,43612775280,43698008336,43700783616,2775280
4361,43622323760,43708008336,43710332096,2323760
4362,43632856432,43718008336,43720864768,2856432
4363,43642653296,43728008336,43730661632,2653296
4364,43652819104,43738008336,43740827440,2819104
4365,43662299904,43748008336,43750308240,2299904
4366,43672794240,43758008336,43760802576,2794240
4367,43683028656,43768008336,43771036992,3028656
4368,43692864400,43778008336,43780872736,2864400
4369,43703519920,43788008336,43791528256,3519920
4370,43712593072,43798008336,43800601408,2593072
4371,43722466784,43808008336,43810475120,2466784
4372,43731924016,43818008336,43819932352,1924016
4373,43742485536,43828008336,43830493872,2485536
4374,43752689136,43838008336,43840697472,2689136
4375,43762788384,43848008336,43850796720,2788384
4376,43772825264,43858008336,43860833600,2825264
4377,43782755008,43868008336,43870763344,2755008
4378,43792778448,43878008336,43880786784,2778448
4379,43802596256,43888008336,43890604592,2596256
4380,43812787072,43898008336,43900795408,2787072
4381,43822409888,43908008336,43910418224,2409888
4382,43832804928,43918008336,43920813264,2804928
4383,43842839408,43928008336,43930847744,2839408
4384,43852796896,43938008336,43940805232,2796896
4385,43862663792,43948008336,43950672128,2663792
4386,43872702640,43958008336,43960710976,2702640
4387,43883010640,43968008336,43971018976,3010640
4388,43893409104,43978008336,43981417440,3409104
4389,43903212512,43988008336,43991220848,3212512
4390,43912938976,43998008336,44000947312,2938976
4391,43922995824,44008008336,44011004160,2995824
4392,43932278576,44018008336,44020286912,2278576
4393,43942831840,44028008336,44030840176,2831840
4394,43952257328,44038008336,44040265664,2257328
4395,43961819248,44048008336,44049827584,1819248
4396,43972893152,44058008336,44060901488,2893152
4397,43983077872,44068008336,44071086208,3077872
4398,43992696800,44078008336,44080705136,2696800
4399,44003284768,44088008336,44091293104,3284768
4400,44012774768,44098008336,44100783104,2774768
4401,44023082720,44108008336,44111091056,3082720
4402,44033112416,44118008336,44121120752,3112416
4403,44042912928,44128008336,44130921264,2912928
4404,44052836848,44138008336,44140845184,2836848
4405,44062885152,44148008336,44150893488,2885152
4406,44072236368,44158008336,44160244704,2236368
4407,44082850128,44168008336,44170858464,2850128
4408,44093011136,44178008336,44181019472,3011136
4409,44102821616,44188008336,44190829952,2821616
4410,44112741648,44198008336,44200749984,2741648
4411,44122919104,44208008336,44210927440,2919104
4412,44132461424,44218008336,44220469760,2461424
4413,44143059936,44228008336,44231068272,3059936
4414,44153128224,44238008336,44241136560,3128224
4415,44163125968,44248008336,44251134304,3125968
4416,44172873696,44258008336,44260882032,2873696
4417,44182883984,44268008336,44270892320,2883984
4418,44193013952,44278008336,44281022288,3013952
4419,44202903424,44288008336,44290911760,2903424
4420,44212783840,44298008336,44300792176,2783840
4421,44222948048,44308008336,44310956384,2948048
4422,44232916544,44318008336,44320924880,2916544
4423,44242903376,44328008336,44330911712,2903376
4424,44252792384,44338008336,44340800720,2792384
4425,44263067072,44348008336,44351075408,3067072
4426,44273003792,44358008336,44361012128,3003792
4427,44283154320,44368008336,44371162656,3154320
4428,44292899728,44378008336,44380908064,2899728
4429,44302930704,44388008336,44390939040,2930704
4430,44312285104,44398008336,44400293440,2285104
4431,44322760656,44408008336,44410768992,2760656
4432,44333118064,44418008336,44421126400,3118064
4433,44342816320,44428008336,44430824656,2816320
4434,44352436528,44438008336,44440444864,2436528
4435,44362879152,44448008336,44450887488,2879152
4436,44372960672,44458008336,44460969008,2960672
4437,44383018064,44468008336,44471026400,3018064
4438,44392967312,44478008336,44480975648,2967312
4439,44402938464,44488008336,44490946800,2938464
4440,44412898016,44498008336,44500906352,2898016
4441,44422814928,44508008336,44510823264,2814928
4442,44432897760,44518008336,44520906096,2897760
4443,44442770720,44528008336,44530779056,2770720
4444,44452381152,44538008336,44540389488,2381152
4445,44462832320,44548008336,44550840656,2832320
4446,44473085552,44558008336,44561093888,3085552
4447,44482475216,44568008336,44570483552,2475216
4448,44492888720,44578008336,44580897056,2888720
4449,44502274720,44588008336,44590283056,2274720
4450,44512404416,44598008336,44600412752,2404416
4451,44522487024,44608008336,44610495360,2487024
4452,44532942656,44618008336,44620950992,2942656
4453,44542897296,44628008336,44630905632,2897296
4454,44552946608,44638008336,44640954944,2946608
4455,44562902944,44648008336,44650911280,2902944
4456,44572921056,44658008336,44660929392,2921056
4457,44582710208,44668008336,44670718544,2710208
4458,44592917104,44678008336,44680925440,2917104
4459,44602937024,44688008336,44690945360,2937024
4460,44612658944,44698008336,44700667280,2658944
4461,44622609056,44708008336,44710617392,2609056
4462,44632864464,44718008336,44720872800,2864464
4463,44643034944,44728008336,44731043280,3034944
4464,44652932080,44738008336,44740940416,2932080
4465,44662359648,44748008336,44750367984,2359648
4466,44672702992,44758008336,44760711328,2702992
4467,44682796592,44768008336,44770804928,2796592
4468,44692645936,44778008336,44780654272,2645936
4469,44702679840,44788008336,44790688176,2679840
4470,44712772672,44798008336,44800781008,2772672
4471,44722770784,44808008336,44810779120,2770784
4472,44732378272,44818008336,44820386608,2378272
4473,44742689680,44828008336,44830698016,2689680
4474,44752671168,44838008336,44840679504,2671168
4475,44762821152,44848008336,44850829488,2821152
4476,44772863312,44858008336,44860871648,2863312
4477,44782537744,44868008336,44870546080,2537744
4478,44792804272,44878008336,44880812608,2804272
4479,44802806448,44888008336,44890814784,2806448
4480,44812775968,44898008336,44900784304,2775968
4481,44822281344,44908008336,44910289680,2281344
4482,44832974624,44918008336,44920982960,2974624
4483,44842885072,44928008336,44930893408,2885072
4484,44852827856,44938008336,44940836192,2827856
4485,44862923008,44948008336,44950931344,2923008
4486,44872798864,44958008336,44960807200,2798864
4487,44882152160,44968008336,44970160496,2152160
4488,44892454384,44978008336,44980462720,2454384
4489,44902681728,44988008336,44990690064,2681728
4490,44912833344,44998008336,45000841680,2833344
4491,44922540128,45008008336,45010548464,2540128
4492,44933024816,45018008336,45021033152,3024816
4493,44942962192,45028008336,45030970528,2962192
4494,44952852768,45038008336,45040861104,2852768
4495,44961995040,45048008336,45050003376,1995040
4496,44972805632,45058008336,45060813968,2805632
4497,44982332096,45068008336,45070340432,2332096
4498,44992260352,45078008336,45080268688,2260352
4499,45002622752,45088008336,45090631088,2622752
4500,45012857232,45098008336,45100865568,2857232
4501,45022998896,45108008336,45111007232,2998896
4502,45032709744,45118008336,45120718080,2709744
4503,45042824224,45128008336,45130832560,2824224
4504,45052928880,45138008336,45140937216,2928880
4505,45062321728,45148008336,45150330064,2321728
4506,45071842400,45158008336,45159850736,1842400
4507,45082332656,45168008336,45170340992,2332656
4508,45092858992,45178008336,45180867328,2858992
4509,45102692848,45188008336,45190701184,2692848
4510,45112793920,45198008336,45200802256,2793920
4511,45122810064,45208008336,45210818400,2810064
4512,45132318528,45218008336,45220326864,2318528
4513,45142450576,45228008336,45230458912,2450576
4514,45152980160,45238008336,45240988496,2980160
4515,45162819840,45248008336,45250828176,2819840
4516,45172804560,45258008336,45260812896,2804560
4517,45182510336,45268008336,45270518672,2510336
4518,45192685120,45278008336,45280693456,2685120
4519,45202682720,45288008336,45290691056,2682720
4520,45212829712,45298008336,45300838048,2829712
4521,45222533024,45308008336,45310541360,2533024
4522,45231196512,45318008336,45319204848,1196512
4523,45241163088,45328008336,45329171424,1163088
4524,45250943072,45338008336,45338951408,943072
4525,45261095264,45348008336,45349103600,1095264
4526,45271059360,45358008336,45359067696,1059360
4527,45281094192,45368008336,45369102528,1094192
4528,45290984496,45378008336,45378992832,984496
4529,45301231424,45388008336,45389239760,1231424
4530,45311117568,45398008336,45399125904,1117568
4531,45321608576,45408008336,45409616912,1608576
4532,45332039648,45418008336,45420047984,2039648
4533,45342533936,45428008336,45430542272,2533936
4534,45352777888,45438008336,45440786224,2777888
4535,45362843168,45448008336,45450851504,2843168
4536,45372939184,45458008336,45460947520,2939184
4537,45382439488,45468008336,45470447824,2439488
4538,45392965584,45478008336,45480973920,2965584
4539,45402806192,45488008336,45490814528,2806192
4540,45412574384,45498008336,45500582720,2574384
4541,45422693600,45508008336,45510701936,2693600
4542,45432654768,45518008336,45520663104,2654768
4543,45442725264,45528008336,45530733600,2725264
4544,45452364368,45538008336,45540372704,2364368
4545,45462790464,45548008336,45550798800,2790464
4546,45472674352,45558008336,45560682688,2674352
4547,45482472784,45568008336,45570481120,2472784
4548,45492557184,45578008336,45580565520,2557184
4549,45502676224,45588008336,45590684560,2676224
4550,45512766800,45598008336,45600775136,2766800
4551,45522870176,45608008336,45610878512,2870176
4552,45532645168,45618008336,45620653504,2645168
4553,45542715504,45628008336,45630723840,2715504
4554,45552676976,45638008336,45640685312,2676976
4555,45562833728,45648008336,45650842064,2833728
4556,45572808976,45658008336,45660817312,2808976
4557,45582576992,45668008336,45670585328,2576992
4558,45592707344,45678008336,45680715680,2707344
4559,45602737088,45688008336,45690745424,2737088
4560,45612492272,45698008336,45700500608,2492272
4561,45623087520,45708008336,45711095856,3087520
4562,45633123824,45718008336,45721132160,3123824
4563,45643127600,45728008336,45731135936,3127600
4564,45653026640,45738008336,45741034976,3026640
4565,45662377440,45748008336,45750385776,2377440
4566,45672846192,45758008336,45760854528,2846192
4567,45682805648,45768008336,45770813984,2805648
4568,45692721200,45778008336,45780729536,2721200
4569,45702717040,45788008336,45790725376,2717040
4570,45712629984,45798008336,45800638320,2629984
4571,45722803744,45808008336,45810812080,2803744
4572,45732441360,45818008336,45820449696,2441360
4573,45742606480,45828008336,45830614816,2606480
4574,45752663456,45838008336,45840671792,2663456
4575,45762546848,45848008336,45850555184,2546848
4576,45772937840,45858008336,45860946176,2937840
4577,45782633152,45868008336,45870641488,2633152
4578,45792860352,45878008336,45880868688,2860352
4579,45803002496,45888008336,45891010832,3002496
4580,45812663696,45898008336,45900672032,2663696
4581,45822559744,45908008336,45910568080,2559744
4582,45833017488,45918008336,45921025824,3017488
4583,45842955008,45928008336,45930963344,2955008
4584,45852884384,45938008336,45940892720,2884384
4585,45862808816,45948008336,45950817152,2808816
4586,45872992272,45958008336,45961000608,2992272
4587,45882785200,45968008336,45970793536,2785200
4588,45892812624,45978008336,45980820960,2812624
4589,45903059856,45988008336,45991068192,3059856
4590,45912820224,45998008336,46000828560,2820224
4591,45922963568,46008008336,46010971904,2963568
4592,45933134768,46018008336,46021143104,3134768
4593,45942631408,46028008336,46030639744,2631408
4594,45952818576,46038008336,46040826912,2818576
4595,45962310448,46048008336,46050318784,2310448
4596,45972866768,46058008336,46060875104,2866768
4597,45982811472,46068008336,46070819808,2811472
4598,45992832992,46078008336,46080841328,2832992
4599,46002856480,46088008336,46090864816,2856480
4600,46012673600,46098008336,46100681936,2673600
4601,46022824832,46108008336,46110833168,2824832
4602,46032818848,46118008336,46120827184,2818848
4603,46042710064,46128008336,46130718400,2710064
4604,46052611424,46138008336,46140619760,2611424
4605,46062728336,46148008336,46150736672,2728336
4606,46072499168,46158008336,46160507504,2499168
4607,46082733648,46168008336,46170741984,2733648
PERIODIC LATENCY CHUNK end=4608
4608,46092795648,46178008336,46180803984,2795648
4609,46102825216,46188008336,46190833552,2825216
4610,46112778304,46198008336,46200786640,2778304
4611,46122829248,46208008336,46210837584,2829248
4612,46132352736,46218008336,46220361072,2352736
4613,46142667104,46228008336,46230675440,2667104
4614,46152661104,46238008336,46240669440,2661104
4615,46162888864,46248008336,46250897200,2888864
4616,46172987136,46258008336,46260995472,2987136
4617,46182806800,46268008336,46270815136,2806800
4618,46192803168,46278008336,46280811504,2803168
4619,46202831568,46288008336,46290839904,2831568
4620,46212654032,46298008336,46300662368,2654032
4621,46222676816,46308008336,46310685152,2676816
4622,46232901520,46318008336,46320909856,2901520
4623,46242847136,46328008336,46330855472,2847136
4624,46252925776,46338008336,46340934112,2925776
4625,46262968528,46348008336,46350976864,2968528
4626,46272997136,46358008336,46361005472,2997136
4627,46282632880,46368008336,46370641216,2632880
4628,46293027136,46378008336,46381035472,3027136
4629,46302746240,46388008336,46390754576,2746240
4630,46312107312,46398008336,46400115648,2107312
4631,46322745152,46408008336,46410753488,2745152
4632,46332738880,46418008336,46420747216,2738880
4633,46342619936,46428008336,46430628272,2619936
4634,46352864720,46438008336,46440873056,2864720
4635,46362903488,46448008336,46450911824,2903488
4636,46372991968,46458008336,46461000304,2991968
4637,46382534016,46468008336,46470542352,2534016
4638,46392795008,46478008336,46480803344,2795008
4639,46402782016,46488008336,46490790352,2782016
4640,46412527168,46498008336,46500535504,2527168
4641,46422772928,46508008336,46510781264,2772928
4642,46432740848,46518008336,46520749184,2740848
4643,46442646208,46528008336,46530654544,2646208
4644,46452480912,46538008336,46540489248,2480912
4645,46462670576,46548008336,46550678912,2670576
4646,46473039680,46558008336,46561048016,3039680
4647,46482688240,46568008336,46570696576,2688240
4648,46492493248,46578008336,46580501584,2493248
4649,46502835632,46588008336,46590843968,2835632
4650,46512678128,46598008336,46600686464,2678128
4651,46522981456,46608008336,46610989792,2981456
4652,46533033008,46618008336,46621041344,3033008
4653,46542936144,46628008336,46630944480,2936144
4654,46552893504,46638008336,46640901840,2893504
4655,46562825088,46648008336,46650833424,2825088
4656,46572369088,46658008336,46660377424,2369088
4657,46582780400,46668008336,46670788736,2780400
4658,46592835984,46678008336,46680844320,2835984
4659,46602817728,46688008336,46690826064,2817728
4660,46612681024,46698008336,46700689360,2681024
4661,46622435472,46708008336,46710443808,2435472
4662,46632949840,46718008336,46720958176,2949840
4663,46642702624,46728008336,46730710960,2702624
4664,46652395616,46738008336,46740403952,2395616
4665,46662163296,46748008336,46750171632,2163296
4666,46672571328,46758008336,46760579664,2571328
4667,46682667984,46768008336,46770676320,2667984
4668,46692999808,46778008336,46781008144,2999808
4669,46702890992,46788008336,46790899328,2890992
4670,46712764000,46798008336,46800772336,2764000
4671,46722794352,46808008336,46810802688,2794352
4672,46732270592,46818008336,46820278928,2270592
4673,46742838080,46828008336,46830846416,2838080
4674,46752955760,46838008336,46840964096,2955760
4675,46762825408,46848008336,46850833744,2825408
4676,46772995824,46858008336,46861004160,2995824
4677,46782789280,46868008336,46870797616,2789280
4678,46792913088,46878008336,46880921424,2913088
4679,46803105664,46888008336,46891114000,3105664
4680,46812696208,46898008336,46900704544,2696208
4681,46822146128,46908008336,46910154464,2146128
4682,46833091760,46918008336,46921100096,3091760
4683,46842648768,46928008336,46930657104,2648768
4684,46852746704,46938008336,46940755040,2746704
4685,46862978528,46948008336,46950986864,2978528
4686,46872865824,46958008336,46960874160,2865824
4687,46882705824,46968008336,46970714160,2705824
4688,46892830816,46978008336,46980839152,2830816
4689,46902884032,46988008336,46990892368,2884032
4690,46912790704,46998008336,47000799040,2790704
4691,46922654336,47008008336,47010662672,2654336
4692,46932711472,47018008336,47020719808,2711472
4693,46942738192,47028008336,47030746528,2738192
4694,46952800544,47038008336,47040808880,2800544
4695,46962469200,47048008336,47050477536,2469200
4696,46972212640,47058008336,47060220976,2212640
4697,46982740864,47068008336,47070749200,2740864
4698,46992650144,47078008336,47080658480,2650144
4699,47002792320,47088008336,47090800656,2792320
4700,47012809888,47098008336,47100818224,2809888
4701,47022827344,47108008336,47110835680,2827344
4702,47032808336,47118008336,47120816672,2808336
4703,47042968384,47128008336,47130976720,2968384
4704,47052994288,47138008336,47141002624,2994288
4705,47062816272,47148008336,47150824608,2816272
4706,47072325088,47158008336,47160333424,2325088
4707,47082850416,47168008336,47170858752,2850416
4708,47092820112,47178008336,47180828448,2820112
4709,47102936768,47188008336,47190945104,2936768
4710,47113031104,47198008336,47201039440,3031104
4711,47122820480,47208008336,47210828816,2820480
4712,47132393792,47218008336,47220402128,2393792
4713,47142582976,47228008336,47230591312,2582976
4714,47152973152,47238008336,47240981488,2973152
4715,47162902720,47248008336,47250911056,2902720
4716,47172857696,47258008336,47260866032,2857696
4717,47182733072,47268008336,47270741408,2733072
4718,47192838208,47278008336,47280846544,2838208
4719,47202918672,47288008336,47290927008,2918672
4720,47212937072,47298008336,47300945408,2937072
4721,47222800448,47308008336,47310808784,2800448
4722,47232925984,47318008336,47320934320,2925984
4723,47242824880,47328008336,47330833216,2824880
4724,47253010784,47338008336,47341019120,3010784
4725,47262752752,47348008336,47350761088,2752752
4726,47272938976,47358008336,47360947312,2938976
4727,47282682192,47368008336,47370690528,2682192
4728,47292702736,47378008336,47380711072,2702736
4729,47302832992,47388008336,47390841328,2832992
4730,47312255696,47398008336,47400264032,2255696
4731,47322945248,47408008336,47410953584,2945248
4732,47332989792,47418008336,47420998128,2989792
4733,47342783040,47428008336,47430791376,2783040
4734,47353005440,47438008336,47441013776,3005440
4735,47362678704,47448008336,47450687040,2678704
4736,47372870064,47458008336,47460878400,2870064
4737,47382823696,47468008336,47470832032,2823696
4738,47392793264,47478008336,47480801600,2793264
4739,47402817792,47488008336,47490826128,2817792
4740,47412611104,47498008336,47500619440,2611104
4741,47422858192,47508008336,47510866528,2858192
4742,47432747872,47518008336,47520756208,2747872
4743,47442803344,47528008336,47530811680,2803344
4744,47452285472,47538008336,47540293808,2285472
4745,47462750960,47548008336,47550759296,2750960
4746,47472875712,47558008336,47560884048,2875712
4747,47482813984,47568008336,47570822320,2813984
4748,47492811440,47578008336,47580819776,2811440
4749,47502821888,47588008336,47590830224,2821888
4750,47512703248,47598008336,47600711584,2703248
4751,47522821808,47608008336,47610830144,2821808
4752,47532835584,47618008336,47620843920,2835584
4753,47542401392,47628008336,47630409728,2401392
4754,47552820832,47638008336,47640829168,2820832
4755,47562787088,47648008336,47650795424,2787088
4756,47572834608,47658008336,47660842944,2834608
4757,47582786640,47668008336,47670794976,2786640
4758,47592842944,47678008336,47680851280,2842944
4759,47602824608,47688008336,47690832944,2824608
4760,47612744880,47698008336,47700753216,2744880
4761,47622364400,47708008336,47710372736,2364400
4762,47632901504,47718008336,47720909840,2901504
4763,47642748416,47728008336,47730756752,2748416
4764,47652805344,47738008336,47740813680,2805344
4765,47662235920,47748008336,47750244256,2235920
4766,47672857632,47758008336,47760865968,2857632
4767,47682867744,47768008336,47770876080,2867744
4768,47692818608,47778008336,47780826944,2818608
4769,47702881168,47788008336,47790889504,2881168
4770,47712706576,47798008336,47800714912,2706576
4771,47723041008,47808008336,47811049344,3041008
4772,47732194704,47818008336,47820203040,2194704
4773,47743067024,47828008336,47831075360,3067024
4774,47752699584,47838008336,47840707920,2699584
4775,47762906096,47848008336,47850914432,2906096
4776,47772564928,47858008336,47860573264,2564928
4777,47782700176,47868008336,47870708512,2700176
4778,47792852640,47878008336,47880860976,2852640
4779,47802750656,47888008336,47890758992,2750656
4780,47812189712,47898008336,47900198048,2189712
4781,47822409968,47908008336,47910418304,2409968
4782,47832669776,47918008336,47920678112,2669776
4783,47842699280,47928008336,47930707616,2699280
4784,47852796416,47938008336,47940804752,2796416
4785,47863019136,47948008336,47951027472,3019136
4786,47872932832,47958008336,47960941168,2932832
4787,47882823072,47968008336,47970831408,2823072
4788,47892900576,47978008336,47980908912,2900576
4789,47902794896,47988008336,47990803232,2794896
4790,47912574992,47998008336,48000583328,2574992
4791,47922710464,48008008336,48010718800,2710464
4792,47932624832,48018008336,48020633168,2624832
4793,47942739024,48028008336,48030747360,2739024
4794,47953003840,48038008336,48041012176,3003840
4795,47962145056,48048008336,48050153392,2145056
4796,47972290992,48058008336,48060299328,2290992
4797,47982814224,48068008336,48070822560,2814224
4798,47992854416,48078008336,48080862752,2854416
4799,48003096960,48088008336,48091105296,3096960
4800,48012760848,48098008336,48100769184,2760848
4801,48022781552,48108008336,48110789888,2781552
4802,48032845952,48118008336,48120854288,2845952
4803,48042861808,48128008336,48130870144,2861808
4804,48052905920,48138008336,48140914256,2905920
4805,48062823424,48148008336,48150831760,2823424
4806,48072450528,48158008336,48160458864,2450528
4807,48082800896,48168008336,48170809232,2800896
4808,48093011104,48178008336,48181019440,3011104
4809,48102916528,48188008336,48190924864,2916528
4810,48112584944,48198008336,48200593280,2584944
4811,48122846944,48208008336,48210855280,2846944
4812,48132416896,48218008336,48220425232,2416896
4813,48142578784,48228008336,48230587120,2578784
4814,48152512688,48238008336,48240521024,2512688
4815,48162827456,48248008336,48250835792,2827456
4816,48172846864,48258008336,48260855200,2846864
4817,48182855280,48268008336,48270863616,2855280
4818,48192911056,48278008336,48280919392,2911056
4819,48202800112,48288008336,48290808448,2800112
4820,48212540400,48298008336,48300548736,2540400
4821,48222668448,48308008336,48310676784,2668448
4822,48232449968,48318008336,48320458304,2449968
4823,48242794624,48328008336,48330802960,2794624
4824,48252902608,48338008336,48340910944,2902608
4825,48262726112,48348008336,48350734448,2726112
4826,48273129248,48358008336,48361137584,3129248
4827,48282832304,48368008336,48370840640,2832304
4828,48291556464,48378008336,48379564800,1556464
4829,48301078096,48388008336,48389086432,1078096
4830,48311030512,48398008336,48399038848,1030512
4831,48321092816,48408008336,48409101152,1092816
4832,48331092192,48418008336,48419100528,1092192
4833,48341020656,48428008336,48429028992,1020656
4834,48351012304,48438008336,48439020640,1012304
4835,48361010656,48448008336,48449018992,1010656
4836,48371679680,48458008336,48459688016,1679680
4837,48382443152,48468008336,48470451488,2443152
4838,48392556816,48478008336,48480565152,2556816
4839,48403072656,48488008336,48491080992,3072656
4840,48412646448,48498008336,48500654784,2646448
4841,48422632528,48508008336,48510640864,2632528
4842,48432822880,48518008336,48520831216,2822880
4843,48442645600,48528008336,48530653936,2645600
4844,48452321504,48538008336,48540329840,2321504
4845,48462808352,48548008336,48550816688,2808352
4846,48472972976,48558008336,48560981312,2972976
4847,48483034096,48568008336,48571042432,3034096
4848,48493125696,48578008336,48581134032,3125696
4849,48503100160,48588008336,48591108496,3100160
4850,48512903680,48598008336,48600912016,2903680
4851,48523013632,48608008336,48611021968,3013632
4852,48532968288,48618008336,48620976624,2968288
4853,48543076944,48628008336,48631085280,3076944
4854,48552917744,48638008336,48640926080,2917744
4855,48563042320,48648008336,48651050656,3042320
4856,48572901312,48658008336,48660909648,2901312
4857,48582902032,48668008336,48670910368,2902032
4858,48592995680,48678008336,48681004016,2995680
4859,48602974064,48688008336,48690982400,2974064
4860,48612895280,48698008336,48700903616,2895280
4861,48623771744,48708008336,48711780080,3771744
4862,48632886272,48718008336,48720894608,2886272
4863,48643165184,48728008336,48731173520,3165184
PERIODIC LATENCY CHUNK end=4864
4864,48652995728,48738008336,48741004064,2995728
4865,48663265872,48748008336,48751274208,3265872
4866,48672839632,48758008336,48760847968,2839632
4867,48682569872,48768008336,48770578208,2569872
4868,48692944064,48778008336,48780952400,2944064
4869,48702900720,48788008336,48790909056,2900720
4870,48712916304,48798008336,48800924640,2916304
4871,48722984128,48808008336,48810992464,2984128
4872,48732098528,48818008336,48820106864,2098528
4873,48741982208,48828008336,48829990544,1982208
4874,48752039936,48838008336,48840048272,2039936
4875,48762389696,48848008336,48850398032,2389696
4876,48772698912,48858008336,48860707248,2698912
4877,48782477184,48868008336,48870485520,2477184
4878,48792562560,48878008336,48880570896,2562560
4879,48802666400,48888008336,48890674736,2666400
4880,48812458688,48898008336,48900467024,2458688
4881,48822952240,48908008336,48910960576,2952240
4882,48832257376,48918008336,48920265712,2257376
4883,48842598048,48928008336,48930606384,2598048
4884,48852843088,48938008336,48940851424,2843088
4885,48862888048,48948008336,48950896384,2888048
4886,48872800768,48958008336,48960809104,2800768
4887,48882862304,48968008336,48970870640,2862304
4888,48892062832,48978008336,48980071168,2062832
4889,48901097728,48988008336,48989106064,1097728
4890,48911186112,48998008336,48999194448,1186112
4891,48921900848,49008008336,49009909184,1900848
4892,48932833504,49018008336,49020841840,2833504
4893,48943008752,49028008336,49031017088,3008752
4894,48953127744,49038008336,49041136080,3127744
4895,48962655600,49048008336,49050663936,2655600
4896,48972421552,49058008336,49060429888,2421552
4897,48982870896,49068008336,49070879232,2870896
4898,48992816384,49078008336,49080824720,2816384
4899,49002910368,49088008336,49090918704,2910368
4900,49012799872,49098008336,49100808208,2799872
4901,49022715424,49108008336,49110723760,2715424
4902,49032877568,49118008336,49120885904,2877568
4903,49042816672,49128008336,49130825008,2816672
4904,49052826576,49138008336,49140834912,2826576
4905,49062788560,49148008336,49150796896,2788560
4906,49072242768,49158008336,49160251104,2242768
4907,49082693200,49168008336,49170701536,2693200
4908,49092784192,49178008336,49180792528,2784192
4909,49102672416,49188008336,49190680752,2672416
4910,49112722896,49198008336,49200731232,2722896
4911,49122817056,49208008336,49210825392,2817056
4912,49132344816,49218008336,49220353152,2344816
4913,49142434576,49228008336,49230442912,2434576
4914,49152589056,49238008336,49240597392,2589056
4915,49162689200,49248008336,49250697536,2689200
4916,49172454496,49258008336,49260462832,2454496
4917,49182600432,49268008336,49270608768,2600432
4918,49193034400,49278008336,49281042736,3034400
4919,49202733504,49288008336,49290741840,2733504
4920,49212238064,49298008336,49300246400,2238064
4921,49221537504,49308008336,49309545840,1537504
4922,49232185264,49318008336,49320193600,2185264
4923,49242727520,49328008336,49330735856,2727520
4924,49252873824,49338008336,49340882160,2873824
4925,49262748768,49348008336,49350757104,2748768
4926,49272482880,49358008336,49360491216,2482880
4927,49282651712,49368008336,49370660048,2651712
4928,49292652432,49378008336,49380660768,2652432
4929,49302825104,49388008336,49390833440,2825104
4930,49312380096,49398008336,49400388432,2380096
4931,49322821984,49408008336,49410830320,2821984
4932,49332783952,49418008336,49420792288,2783952
4933,49342707104,49428008336,49430715440,2707104
4934,49352776400,49438008336,49440784736,2776400
4935,49362633472,49448008336,49450641808,2633472
4936,49372654128,49458008336,49460662464,2654128
4937,49382902416,49468008336,49470910752,2902416
4938,49392567648,49478008336,49480575984,2567648
4939,49402840320,49488008336,49490848656,2840320
4940,49412630208,49498008336,49500638544,2630208
4941,49422184240,49508008336,49510192576,2184240
4942,49432677824,49518008336,49520686160,2677824
4943,49442682352,49528008336,49530690688,2682352
4944,49452098816,49538008336,49540107152,2098816
4945,49462551472,49548008336,49550559808,2551472
4946,49472644816,49558008336,49560653152,2644816
4947,49482801888,49568008336,49570810224,2801888
4948,49492800032,49578008336,49580808368,2800032
4949,49502532880,49588008336,49590541216,2532880
4950,49512873648,49598008336,49600881984,2873648
4951,49522802896,49608008336,49610811232,2802896
4952,49532938160,49618008336,49620946496,2938160
4953,49542672192,49628008336,49630680528,2672192
4954,49552774800,49638008336,49640783136,2774800
4955,49562842016,49648008336,49650850352,2842016
4956,49572658256,49658008336,49660666592,2658256
4957,49582574160,49668008336,49670582496,2574160
4958,49592698592,49678008336,49680706928,2698592
4959,49602834192,49688008336,49690842528,2834192
4960,49612668912,49698008336,49700677248,2668912
4961,49622760224,49708008336,49710768560,2760224
4962,49632822960,49718008336,49720831296,2822960
4963,49642783760,49728008336,49730792096,2783760
4964,49652551280,49738008336,49740559616,2551280
4965,49662573936,49748008336,49750582272,2573936
4966,49672719568,49758008336,49760727904,2719568
4967,49682938368,49768008336,49770946704,2938368
4968,49692905792,49778008336,49780914128,2905792
4969,49702792624,49788008336,49790800960,2792624
4970,49712733280,49798008336,49800741616,2733280
4971,49722811152,49808008336,49810819488,2811152
4972,49732335360,49818008336,49820343696,2335360
4973,49742702448,49828008336,49830710784,2702448
4974,49752851248,49838008336,49840859584,2851248
4975,49762875120,49848008336,49850883456,2875120
4976,49772681504,49858008336,49860689840,2681504
4977,49782707120,49868008336,49870715456,2707120
4978,49792791952,49878008336,49880800288,2791952
4979,49802727600,49888008336,49890735936,2727600
4980,49812755440,49898008336,49900763776,2755440
4981,49822445696,49908008336,49910454032,2445696
4982,49832884656,49918008336,49920892992,2884656
4983,49842828112,49928008336,49930836448,2828112
4984,49852756688,49938008336,49940765024,2756688
4985,49862913568,49948008336,49950921904,2913568
4986,49872664128,49958008336,49960672464,2664128
4987,49882787440,49968008336,49970795776,2787440
4988,49892770064,49978008336,49980778400,2770064
4989,49902924672,49988008336,49990933008,2924672
4990,49912871344,49998008336,50000879680,2871344
4991,49922889248,50008008336,50010897584,2889248
4992,49932896160,50018008336,50020904496,2896160
4993,49942921984,50028008336,50030930320,2921984
4994,49953086736,50038008336,50041095072,3086736
4995,49962353552,50048008336,50050361888,2353552
4996,49972746816,50058008336,50060755152,2746816
4997,49983136976,50068008336,50071145312,3136976
4998,49992604464,50078008336,50080612800,2604464
4999,50002575824,50088008336,50090584160,2575824
5000,50012697824,50098008336,50100706160,2697824
5001,50022949136,50108008336,50110957472,2949136
5002,50032795856,50118008336,50120804192,2795856
5003,50042876704,50128008336,50130885040,2876704
5004,50052912032,50138008336,50140920368,2912032
5005,50063115856,50148008336,50151124192,3115856
5006,50072381568,50158008336,50160389904,2381568
5007,50082788128,50168008336,50170796464,2788128
5008,50092708800,50178008336,50180717136,2708800
5009,50102843248,50188008336,50190851584,2843248
5010,50112704688,50198008336,50200713024,2704688
5011,50122848256,50208008336,50210856592,2848256
5012,50132408960,50218008336,50220417296,2408960
5013,50142532512,50228008336,50230540848,2532512
5014,50152616448,50238008336,50240624784,2616448
5015,50162611280,50248008336,50250619616,2611280
5016,50172798640,50258008336,50260806976,2798640
5017,50182893984,50268008336,50270902320,2893984
5018,50192769056,50278008336,50280777392,2769056
5019,50202623200,50288008336,50290631536,2623200
5020,50212560688,50298008336,50300569024,2560688
5021,50222589360,50308008336,50310597696,2589360
5022,50232541856,50318008336,50320550192,2541856
5023,50242707936,50328008336,50330716272,2707936
5024,50252762480,50338008336,50340770816,2762480
5025,50262580368,50348008336,50350588704,2580368
5026,50272446832,50358008336,50360455168,2446832
5027,50282622096,50368008336,50370630432,2622096
5028,50292532640,50378008336,50380540976,2532640
5029,50302559776,50388008336,50390568112,2559776
5030,50312354864,50398008336,50400363200,2354864
5031,50322818928,50408008336,50410827264,2818928
5032,50332683024,50418008336,50420691360,2683024
5033,50342825968,50428008336,50430834304,2825968
5034,50353169136,50438008336,50441177472,3169136
5035,50363313536,50448008336,50451321872,3313536
5036,50372686080,50458008336,50460694416,2686080
5037,50382537072,50468008336,50470545408,2537072
5038,50392794544,50478008336,50480802880,2794544
5039,50403138320,50488008336,50491146656,3138320
5040,50412470432,50498008336,50500478768,2470432
5041,50422719632,50508008336,50510727968,2719632
5042,50432846912,50518008336,50520855248,2846912
5043,50442813680,50528008336,50530822016,2813680
5044,50452492576,50538008336,50540500912,2492576
5045,50462969392,50548008336,50550977728,2969392
5046,50472701936,50558008336,50560710272,2701936
5047,50482817856,50568008336,50570826192,2817856
5048,50493319920,50578008336,50581328256,3319920
5049,50502692000,50588008336,50590700336,2692000
5050,50512568800,50598008336,50600577136,2568800
5051,50522558512,50608008336,50610566848,2558512
5052,50532769520,50618008336,50620777856,2769520
5053,50542875808,50628008336,50630884144,2875808
5054,50552899200,50638008336,50640907536,2899200
5055,50562914928,50648008336,50650923264,2914928
5056,50572660544,50658008336,50660668880,2660544
5057,50582808512,50668008336,50670816848,2808512
5058,50592800096,50678008336,50680808432,2800096
5059,50602767712,50688008336,50690776048,2767712
5060,50612803344,50698008336,50700811680,2803344
5061,50622611904,50708008336,50710620240,2611904
5062,50632994144,50718008336,50721002480,2994144
5063,50643016192,50728008336,50731024528,3016192
5064,50652784496,50738008336,50740792832,2784496
5065,50663023792,50748008336,50751032128,3023792
5066,50672709168,50758008336,50760717504,2709168
5067,50682654432,50768008336,50770662768,2654432
5068,50692643392,50778008336,50780651728,2643392
5069,50702858368,50788008336,50790866704,2858368
5070,50712769744,50798008336,50800778080,2769744
5071,50723003728,50808008336,50811012064,3003728
5072,50732291680,50818008336,50820300016,2291680
5073,50742688928,50828008336,50830697264,2688928
5074,50752929424,50838008336,50840937760,2929424
5075,50762482672,50848008336,50850491008,2482672
5076,50772569776,50858008336,50860578112,2569776
5077,50782690928,50868008336,50870699264,2690928
5078,50792810992,50878008336,50880819328,2810992
5079,50802898672,50888008336,50890907008,2898672
5080,50812708864,50898008336,50900717200,2708864
5081,50822442880,50908008336,50910451216,2442880
5082,50832856464,50918008336,50920864800,2856464
5083,50842730928,50928008336,50930739264,2730928
5084,50853012656,50938008336,50941020992,3012656
5085,50862847728,50948008336,50950856064,2847728
5086,50872660336,50958008336,50960668672,2660336
5087,50882838064,50968008336,50970846400,2838064
5088,50892427440,50978008336,50980435776,2427440
5089,50903023024,50988008336,50991031360,3023024
5090,50912715856,50998008336,51000724192,2715856
5091,50922698064,51008008336,51010706400,2698064
5092,50932792048,51018008336,51020800384,2792048
5093,50942844368,51028008336,51030852704,2844368
5094,50953024016,51038008336,51041032352,3024016
5095,50962321600,51048008336,51050329936,2321600
5096,50972891168,51058008336,51060899504,2891168
5097,50983038096,51068008336,51071046432,3038096
5098,50993057808,51078008336,51081066144,3057808
5099,51002689360,51088008336,51090697696,2689360
5100,51012699824,51098008336,51100708160,2699824
5101,51022714784,51108008336,51110723120,2714784
5102,51032627456,51118008336,51120635792,2627456
5103,51042720800,51128008336,51130729136,2720800
5104,51052823344,51138008336,51140831680,2823344
5105,51062855632,51148008336,51150863968,2855632
5106,51072069840,51158008336,51160078176,2069840
5107,51082721088,51168008336,51170729424,2721088
5108,51092813904,51178008336,51180822240,2813904
5109,51102937328,51188008336,51190945664,2937328
5110,51112843184,51198008336,51200851520,2843184
5111,51122920544,51208008336,51210928880,2920544
5112,51132446128,51218008336,51220454464,2446128
5113,51142716064,51228008336,51230724400,2716064
5114,51152833120,51238008336,51240841456,2833120
5115,51162588768,51248008336,51250597104,2588768
5116,51172765680,51258008336,51260774016,2765680
5117,51182882688,51268008336,51270891024,2882688
5118,51192877296,51278008336,51280885632,2877296
5119,51202861568,51288008336,51290869904,2861568
PERIODIC LATENCY CHUNK end=5120
5120,51212778288,51298008336,51300786624,2778288
5121,51222824080,51308008336,51310832416,2824080
5122,51232688960,51318008336,51320697296,2688960
5123,51242634112,51328008336,51330642448,2634112
5124,51252741184,51338008336,51340749520,2741184
5125,51262581120,51348008336,51350589456,2581120
5126,51272978976,51358008336,51360987312,2978976
5127,51282649168,51368008336,51370657504,2649168
5128,51292660624,51378008336,51380668960,2660624
5129,51302629808,51388008336,51390638144,2629808
5130,51312218272,51398008336,51400226608,2218272
5131,51322528512,51408008336,51410536848,2528512
5132,51332778512,51418008336,51420786848,2778512
5133,51342842096,51428008336,51430850432,2842096
5134,51352824384,51438008336,51440832720,2824384
5135,51361303872,51448008336,51449312208,1303872
5136,51371029664,51458008336,51459038000,1029664
5137,51381272976,51468008336,51469281312,1272976
5138,51391170768,51478008336,51479179104,1170768
5139,51400945584,51488008336,51488953920,945584
5140,51410989664,51498008336,51498998000,989664
5141,51420994896,51508008336,51509003232,994896
5142,51430933680,51518008336,51518942016,933680
5143,51441291776,51528008336,51529300112,1291776
5144,51451612576,51538008336,51539620912,1612576
5145,51462522992,51548008336,51550531328,2522992
5146,51472463968,51558008336,51560472304,2463968
5147,51482517568,51568008336,51570525904,2517568
5148,51492893968,51578008336,51580902304,2893968
5149,51502617392,51588008336,51590625728,2617392
5150,51512725600,51598008336,51600733936,2725600
5151,51522809152,51608008336,51610817488,2809152
5152,51532800448,51618008336,51620808784,2800448
5153,51542918272,51628008336,51630926608,2918272
5154,51552833552,51638008336,51640841888,2833552
5155,51562462912,51648008336,51650471248,2462912
5156,51572823408,51658008336,51660831744,2823408
5157,51582853200,51668008336,51670861536,2853200
5158,51592906464,51678008336,51680914800,2906464
5159,51603053920,51688008336,51691062256,3053920
5160,51613002960,51698008336,51701011296,3002960
5161,51622362672,51708008336,51710371008,2362672
5162,51632415152,51718008336,51720423488,2415152
5163,51642710288,51728008336,51730718624,2710288
5164,51652765024,51738008336,51740773360,2765024
5165,51663149968,51748008336,51751158304,3149968
5166,51673062368,51758008336,51761070704,3062368
5167,51683100480,51768008336,51771108816,3100480
5168,51692932544,51778008336,51780940880,2932544
5169,51702940496,51788008336,51790948832,2940496
5170,51712845840,51798008336,51800854176,2845840
5171,51722663136,51808008336,51810671472,2663136
5172,51732301488,51818008336,51820309824,2301488
5173,51742446864,51828008336,51830455200,2446864
5174,51753328528,51838008336,51841336864,3328528
5175,51762464368,51848008336,51850472704,2464368
5176,51772459536,51858008336,51860467872,2459536
5177,51782675792,51868008336,51870684128,2675792
5178,51792774544,51878008336,51880782880,2774544
5179,51803328464,51888008336,51891336800,3328464
5180,51812433456,51898008336,51900441792,2433456
5181,51822528128,51908008336,51910536464,2528128
5182,51832571952,51918008336,51920580288,2571952
5183,51842571648,51928008336,51930579984,2571648
5184,51852625472,51938008336,51940633808,2625472
5185,51862374400,51948008336,51950382736,2374400
5186,51872650480,51958008336,51960658816,2650480
5187,51882647296,51968008336,51970655632,2647296
5188,51892660800,51978008336,51980669136,2660800
5189,51902690192,51988008336,51990698528,2690192
5190,51912622880,51998008336,52000631216,2622880
5191,51922574240,52008008336,52010582576,2574240
5192,51932686800,52018008336,52020695136,2686800
5193,51942597328,52028008336,52030605664,2597328
5194,51952625376,52038008336,52040633712,2625376
5195,51962381648,52048008336,52050389984,2381648
5196,51972771232,52058008336,52060779568,2771232
5197,51982649024,52068008336,52070657360,2649024
5198,51992806848,52078008336,52080815184,2806848
5199,52002730624,52088008336,52090738960,2730624
5200,52012585072,52098008336,52100593408,2585072
5201,52022770272,52108008336,52110778608,2770272
5202,52032711696,52118008336,52120720032,2711696
5203,52042888752,52128008336,52130897088,2888752
5204,52052863456,52138008336,52140871792,2863456
5205,52062548720,52148008336,52150557056,2548720
5206,52072317616,52158008336,52160325952,2317616
5207,52082812080,52168008336,52170820416,2812080
5208,52092517408,52178008336,52180525744,2517408
5209,52102812992,52188008336,52190821328,2812992
5210,52112798368,52198008336,52200806704,2798368
5211,52122866720,52208008336,52210875056,2866720
5212,52132289056,52218008336,52220297392,2289056
5213,52143390368,52228008336,52231398704,3390368
5214,52153327024,52238008336,52241335360,3327024
5215,52162338704,52248008336,52250347040,2338704
5216,52172990912,52258008336,52260999248,2990912
5217,52183130768,52268008336,52271139104,3130768
5218,52193024064,52278008336,52281032400,3024064
5219,52202908880,52288008336,52290917216,2908880
5220,52212812464,52298008336,52300820800,2812464
5221,52222902416,52308008336,52310910752,2902416
5222,52232738272,52318008336,52320746608,2738272
5223,52242547648,52328008336,52330555984,2547648
5224,52253067360,52338008336,52341075696,3067360
5225,52262503712,52348008336,52350512048,2503712
5226,52273079328,52358008336,52361087664,3079328
5227,52282993632,52368008336,52371001968,2993632
5228,52293103472,52378008336,52381111808,3103472
5229,52302955056,52388008336,52390963392,2955056
5230,52312266848,52398008336,52400275184,2266848
5231,52322494928,52408008336,52410503264,2494928
5232,52333447808,52418008336,52421456144,3447808
5233,52342487056,52428008336,52430495392,2487056
5234,52353034048,52438008336,52441042384,3034048
5235,52362449712,52448008336,52450458048,2449712
5236,52372914256,52458008336,52460922592,2914256
5237,52382715040,52468008336,52470723376,2715040
5238,52392687328,52478008336,52480695664,2687328
5239,52402790976,52488008336,52490799312,2790976
5240,52412831920,52498008336,52500840256,2831920
5241,52422796496,52508008336,52510804832,2796496
5242,52432444704,52518008336,52520453040,2444704
5243,52442768624,52528008336,52530776960,2768624
5244,52452279328,52538008336,52540287664,2279328
5245,52462627664,52548008336,52550636000,2627664
5246,52472755184,52558008336,52560763520,2755184
5247,52483261584,52568008336,52571269920,3261584
5248,52491959632,52578008336,52579967968,1959632
5249,52502918576,52588008336,52590926912,2918576
5250,52512621008,52598008336,52600629344,2621008
5251,52522660608,52608008336,52610668944,2660608
5252,52533122960,52618008336,52621131296,3122960
5253,52542999008,52628008336,52631007344,2999008
5254,52552901024,52638008336,52640909360,2901024
5255,52562531472,52648008336,52650539808,2531472
5256,52572797392,52658008336,52660805728,2797392
5257,52582615680,52668008336,52670624016,2615680
5258,52592667600,52678008336,52680675936,2667600
5259,52602585664,52688008336,52690594000,2585664
5260,52612598640,52698008336,52700606976,2598640
5261,52622191648,52708008336,52710199984,2191648
5262,52632421024,52718008336,52720429360,2421024
5263,52642722880,52728008336,52730731216,2722880
5264,52652848560,52738008336,52740856896,2848560
5265,52662527392,52748008336,52750535728,2527392
5266,52672813168,52758008336,52760821504,2813168
5267,52683032768,52768008336,52771041104,3032768
5268,52692826640,52778008336,52780834976,2826640
5269,52702808160,52788008336,52790816496,2808160
5270,52712531568,52798008336,52800539904,2531568
5271,52722877600,52808008336,52810885936,2877600
5272,52732309472,52818008336,52820317808,2309472
5273,52742678464,52828008336,52830686800,2678464
5274,52752809536,52838008336,52840817872,2809536
5275,52762501312,52848008336,52850509648,2501312
5276,52772601504,52858008336,52860609840,2601504
5277,52782610464,52868008336,52870618800,2610464
5278,52792430608,52878008336,52880438944,2430608
5279,52802554832,52888008336,52890563168,2554832
5280,52812549904,52898008336,52900558240,2549904
5281,52822381408,52908008336,52910389744,2381408
5282,52832678096,52918008336,52920686432,2678096
5283,52843138592,52928008336,52931146928,3138592
5284,52852420512,52938008336,52940428848,2420512
5285,52861902208,52948008336,52949910544,1902208
5286,52872488176,52958008336,52960496512,2488176
5287,52882505856,52968008336,52970514192,2505856
5288,52892646880,52978008336,52980655216,2646880
5289,52902708896,52988008336,52990717232,2708896
5290,52912651312,52998008336,53000659648,2651312
5291,52922724272,53008008336,53010732608,2724272
5292,52932878512,53018008336,53020886848,2878512
5293,52942677344,53028008336,53030685680,2677344
5294,52952699808,53038008336,53040708144,2699808
5295,52962340624,53048008336,53050348960,2340624
5296,52972831792,53058008336,53060840128,2831792
5297,52982772208,53068008336,53070780544,2772208
5298,52992777440,53078008336,53080785776,2777440
5299,53002748880,53088008336,53090757216,2748880
5300,53012706208,53098008336,53100714544,2706208
5301,53022741904,53108008336,53110750240,2741904
5302,53032615776,53118008336,53120624112,2615776
5303,53042786640,53128008336,53130794976,2786640
5304,53052860752,53138008336,53140869088,2860752
5305,53062421440,53148008336,53150429776,2421440
5306,53071514448,53158008336,53159522784,1514448
5307,53081913792,53168008336,53169922128,1913792
5308,53092240160,53178008336,53180248496,2240160
5309,53102564352,53188008336,53190572688,2564352
5310,53112594832,53198008336,53200603168,2594832
5311,53122588064,53208008336,53210596400,2588064
5312,53132255472,53218008336,53220263808,2255472
5313,53142019440,53228008336,53230027776,2019440
5314,53153152256,53238008336,53241160592,3152256
5315,53162528480,53248008336,53250536816,2528480
5316,53172709168,53258008336,53260717504,2709168
5317,53182998496,53268008336,53271006832,2998496
5318,53193043184,53278008336,53281051520,3043184
5319,53203081248,53288008336,53291089584,3081248
5320,53212853664,53298008336,53300862000,2853664
5321,53222699296,53308008336,53310707632,2699296
5322,53232768944,53318008336,53320777280,2768944
5323,53242512256,53328008336,53330520592,2512256
5324,53253027904,53338008336,53341036240,3027904
5325,53262656848,53348008336,53350665184,2656848
5326,53272830000,53358008336,53360838336,2830000
5327,53283031072,53368008336,53371039408,3031072
5328,53293025584,53378008336,53381033920,3025584
5329,53302988000,53388008336,53390996336,2988000
5330,53313093312,53398008336,53401101648,3093312
5331,53322960800,53408008336,53410969136,2960800
5332,53333019616,53418008336,53421027952,3019616
5333,53342821888,53428008336,53430830224,2821888
5334,53352712768,53438008336,53440721104,2712768
5335,53362718672,53448008336,53450727008,2718672
5336,53372754160,53458008336,53460762496,2754160
5337,53382910608,53468008336,53470918944,2910608
5338,53392953120,53478008336,53480961456,2953120
5339,53402581552,53488008336,53490589888,2581552
5340,53412678112,53498008336,53500686448,2678112
5341,53422707664,53508008336,53510716000,2707664
5342,53432842848,53518008336,53520851184,2842848
5343,53442923920,53528008336,53530932256,2923920
5344,53452604272,53538008336,53540612608,2604272
5345,53462582528,53548008336,53550590864,2582528
5346,53473024736,53558008336,53561033072,3024736
5347,53482892608,53568008336,53570900944,2892608
5348,53492954624,53578008336,53580962960,2954624
5349,53503071136,53588008336,53591079472,3071136
5350,53512805440,53598008336,53600813776,2805440
5351,53522987856,53608008336,53610996192,2987856
5352,53532708112,53618008336,53620716448,2708112
5353,53542974128,53628008336,53630982464,2974128
5354,53552937264,53638008336,53640945600,2937264
5355,53562759232,53648008336,53650767568,2759232
5356,53572933264,53658008336,53660941600,2933264
5357,53583077664,53668008336,53671086000,3077664
5358,53592746176,53678008336,53680754512,2746176
5359,53602935504,53688008336,53690943840,2935504
5360,53612676896,53698008336,53700685232,2676896
5361,53622431632,53708008336,53710439968,2431632
5362,53632704944,53718008336,53720713280,2704944
5363,53642801984,53728008336,53730810320,2801984
5364,53652771872,53738008336,53740780208,2771872
5365,53662701680,53748008336,53750710016,2701680
5366,53672842192,53758008336,53760850528,2842192
5367,53682846656,53768008336,53770854992,2846656
5368,53692727424,53778008336,53780735760,2727424
5369,53702681440,53788008336,53790689776,2681440
5370,53712646912,53798008336,53800655248,2646912
5371,53722800064,53808008336,53810808400,2800064
5372,53732028528,53818008336,53820036864,2028528
5373,53742477056,53828008336,53830485392,2477056
5374,53753210704,53838008336,53841219040,3210704
5375,53762712976,53848008336,53850721312,2712976
PERIODIC LATENCY CHUNK end=5376
5376,53772713952,53858008336,53860722288,2713952
5377,53782846576,53868008336,53870854912,2846576
5378,53792793696,53878008336,53880802032,2793696
5379,53802759728,53888008336,53890768064,2759728
5380,53812696048,53898008336,53900704384,2696048
5381,53822490752,53908008336,53910499088,2490752
5382,53833008096,53918008336,53921016432,3008096
5383,53842908048,53928008336,53930916384,2908048
5384,53852773344,53938008336,53940781680,2773344
5385,53862735376,53948008336,53950743712,2735376
5386,53872947408,53958008336,53960955744,2947408
5387,53882771008,53968008336,53970779344,2771008
5388,53892720848,53978008336,53980729184,2720848
5389,53902797056,53988008336,53990805392,2797056
5390,53912683184,53998008336,54000691520,2683184
5391,53922890800,54008008336,54010899136,2890800
5392,53932385968,54018008336,54020394304,2385968
5393,53942865936,54028008336,54030874272,2865936
5394,53952609600,54038008336,54040617936,2609600
5395,53962602800,54048008336,54050611136,2602800
5396,53972190048,54058008336,54060198384,2190048
5397,53982664528,54068008336,54070672864,2664528
5398,53992306976,54078008336,54080315312,2306976
5399,54002740720,54088008336,54090749056,2740720
5400,54012173648,54098008336,54100181984,2173648
5401,54022479856,54108008336,54110488192,2479856
5402,54032898928,54118008336,54120907264,2898928
5403,54042902192,54128008336,54130910528,2902192
5404,54052913024,54138008336,54140921360,2913024
5405,54062714752,54148008336,54150723088,2714752
5406,54072247888,54158008336,54160256224,2247888
5407,54083144064,54168008336,54171152400,3144064
5408,54091867712,54178008336,54179876048,1867712
5409,54102246736,54188008336,54190255072,2246736
5410,54112425008,54198008336,54200433344,2425008
5411,54122729184,54208008336,54210737520,2729184
5412,54132533200,54218008336,54220541536,2533200
5413,54141768400,54228008336,54229776736,1768400
5414,54152514560,54238008336,54240522896,2514560
5415,54162603952,54248008336,54250612288,2603952
5416,54172603456,54258008336,54260611792,2603456
5417,54182918464,54268008336,54270926800,2918464
5418,54192911312,54278008336,54280919648,2911312
5419,54202786144,54288008336,54290794480,2786144
5420,54212722672,54298008336,54300731008,2722672
5421,54222763424,54308008336,54310771760,2763424
5422,54232824128,54318008336,54320832464,2824128
5423,54242795040,54328008336,54330803376,2795040
5424,54252457792,54338008336,54340466128,2457792
5425,54262710496,54348008336,54350718832,2710496
5426,54273069232,54358008336,54361077568,3069232
5427,54282900832,54368008336,54370909168,2900832
5428,54292878912,54378008336,54380887248,2878912
5429,54302924864,54388008336,54390933200,2924864
5430,54312393776,54398008336,54400402112,2393776
5431,54322682928,54408008336,54410691264,2682928
5432,54332525824,54418008336,54420534160,2525824
5433,54342845360,54428008336,54430853696,2845360
5434,54352919360,54438008336,54440927696,2919360
5435,54362736640,54448008336,54450744976,2736640
5436,54372888560,54458008336,54460896896,2888560
5437,54382280336,54468008336,54470288672,2280336
5438,54392691408,54478008336,54480699744,2691408
5439,54402698688,54488008336,54490707024,2698688
5440,54412521872,54498008336,54500530208,2521872
5441,54421126000,54508008336,54509134336,1126000
5442,54431072608,54518008336,54519080944,1072608
5443,54440957536,54528008336,54528965872,957536
5444,54451205984,54538008336,54539214320,1205984
5445,54461157424,54548008336,54549165760,1157424
5446,54471115472,54558008336,54559123808,1115472
5447,54481029968,54568008336,54569038304,1029968
5448,54490998912,54578008336,54579007248,998912
5449,54501057136,54588008336,54589065472,1057136
5450,54511823728,54598008336,54599832064,1823728
5451,54523178944,54608008336,54611187280,3178944
5452,54532860384,54618008336,54620868720,2860384
5453,54542994784,54628008336,54631003120,2994784
5454,54552818832,54638008336,54640827168,2818832
5455,54562515344,54648008336,54650523680,2515344
5456,54572816848,54658008336,54660825184,2816848
5457,54582463344,54668008336,54670471680,2463344
5458,54592834416,54678008336,54680842752,2834416
5459,54602914528,54688008336,54690922864,2914528
5460,54612733616,54698008336,54700741952,2733616
5461,54622252480,54708008336,54710260816,2252480
5462,54632007872,54718008336,54720016208,2007872
5463,54643329616,54728008336,54731337952,3329616
5464,54653002096,54738008336,54741010432,3002096
5465,54662713520,54748008336,54750721856,2713520
5466,54672954448,54758008336,54760962784,2954448
5467,54683119584,54768008336,54771127920,3119584
5468,54692927184,54778008336,54780935520,2927184
5469,54703144272,54788008336,54791152608,3144272
5470,54712871744,54798008336,54800880080,2871744
5471,54723037552,54808008336,54811045888,3037552
5472,54732539312,54818008336,54820547648,2539312
5473,54742866208,54828008336,54830874544,2866208
5474,54753074416,54838008336,54841082752,3074416
5475,54762898368,54848008336,54850906704,2898368
5476,54772696656,54858008336,54860704992,2696656
5477,54782703248,54868008336,54870711584,2703248
5478,54792870912,54878008336,54880879248,2870912
5479,54803006768,54888008336,54891015104,3006768
5480,54812865632,54898008336,54900873968,2865632
5481,54823855168,54908008336,54911863504,3855168
5482,54832382400,54918008336,54920390736,2382400
5483,54842777088,54928008336,54930785424,2777088
5484,54852715296,54938008336,54940723632,2715296
5485,54862687408,54948008336,54950695744,2687408
5486,54872902640,54958008336,54960910976,2902640
5487,54882981296,54968008336,54970989632,2981296
5488,54893039104,54978008336,54981047440,3039104
5489,54902854496,54988008336,54990862832,2854496
5490,54912693488,54998008336,55000701824,2693488
5491,54922699392,55008008336,55010707728,2699392
5492,54932731504,55018008336,55020739840,2731504
5493,54942872560,55028008336,55030880896,2872560
5494,54952976608,55038008336,55040984944,2976608
5495,54962041760,55048008336,55050050096,2041760
5496,54972926352,55058008336,55060934688,2926352
5497,54982701456,55068008336,55070709792,2701456
5498,54993084736,55078008336,55081093072,3084736
5499,55002695760,55088008336,55090704096,2695760
5500,55013439216,55098008336,55101447552,3439216
5501,55023066096,55108008336,55111074432,3066096
5502,55033227440,55118008336,55121235776,3227440
5503,55042946752,55128008336,55130955088,2946752
5504,55052981584,55138008336,55140989920,2981584
5505,55062857056,55148008336,55150865392,2857056
5506,55071854384,55158008336,55159862720,1854384
5507,55082400960,55168008336,55170409296,2400960
5508,55092667776,55178008336,55180676112,2667776
5509,55102646496,55188008336,55190654832,2646496
5510,55112663632,55198008336,55200671968,2663632
5511,55122705840,55208008336,55210714176,2705840
5512,55132333776,55218008336,55220342112,2333776
5513,55142584944,55228008336,55230593280,2584944
5514,55152819040,55238008336,55240827376,2819040
5515,55162698960,55248008336,55250707296,2698960
5516,55172732912,55258008336,55260741248,2732912
5517,55183175808,55268008336,55271184144,3175808
5518,55193115264,55278008336,55281123600,3115264
5519,55203122320,55288008336,55291130656,3122320
5520,55212659328,55298008336,55300667664,2659328
5521,55222955552,55308008336,55310963888,2955552
5522,55233039552,55318008336,55321047888,3039552
5523,55242886576,55328008336,55330894912,2886576
5524,55252870880,55338008336,55340879216,2870880
5525,55263172048,55348008336,55351180384,3172048
5526,55273217840,55358008336,55361226176,3217840
5527,55282952976,55368008336,55370961312,2952976
5528,55293117552,55378008336,55381125888,3117552
5529,55303088432,55388008336,55391096768,3088432
5530,55312391792,55398008336,55400400128,2391792
5531,55323190000,55408008336,55411198336,3190000
5532,55332753232,55418008336,55420761568,2753232
5533,55343876112,55428008336,55431884448,3876112
5534,55352692576,55438008336,55440700912,2692576
5535,55362913024,55448008336,55450921360,2913024
5536,55372848832,55458008336,55460857168,2848832
5537,55382807648,55468008336,55470815984,2807648
5538,55392686592,55478008336,55480694928,2686592
5539,55402800880,55488008336,55490809216,2800880
5540,55412651728,55498008336,55500660064,2651728
5541,55422878448,55508008336,55510886784,2878448
5542,55433122320,55518008336,55521130656,3122320
5543,55442992176,55528008336,55531000512,2992176
5544,55452319408,55538008336,55540327744,2319408
5545,55462546816,55548008336,55550555152,2546816
5546,55472881200,55558008336,55560889536,2881200
5547,55482819360,55568008336,55570827696,2819360
5548,55492821056,55578008336,55580829392,2821056
5549,55502827696,55588008336,55590836032,2827696
5550,55512758080,55598008336,55600766416,2758080
5551,55523105504,55608008336,55611113840,3105504
5552,55532958768,55618008336,55620967104,2958768
5553,55543313648,55628008336,55631321984,3313648
5554,55552487552,55638008336,55640495888,2487552
5555,55562553968,55648008336,55650562304,2553968
5556,55572841472,55658008336,55660849808,2841472
5557,55582751296,55668008336,55670759632,2751296
5558,55592786544,55678008336,55680794880,2786544
5559,55602967840,55688008336,55690976176,2967840
5560,55613039488,55698008336,55701047824,3039488
5561,55622392032,55708008336,55710400368,2392032
5562,55632666560,55718008336,55720674896,2666560
5563,55642997952,55728008336,55731006288,2997952
5564,55652535040,55738008336,55740543376,2535040
5565,55663159296,55748008336,55751167632,3159296
5566,55672405616,55758008336,55760413952,2405616
5567,55682751936,55768008336,55770760272,2751936
5568,55692788608,55778008336,55780796944,2788608
5569,55702685696,55788008336,55790694032,2685696
5570,55712715040,55798008336,55800723376,2715040
5571,55723122256,55808008336,55811130592,3122256
5572,55732403616,55818008336,55820411952,2403616
5573,55742861904,55828008336,55830870240,2861904
5574,55752522336,55838008336,55840530672,2522336
5575,55763047712,55848008336,55851056048,3047712
5576,55772919776,55858008336,55860928112,2919776
5577,55782594240,55868008336,55870602576,2594240
5578,55792729232,55878008336,55880737568,2729232
5579,55802732512,55888008336,55890740848,2732512
5580,55812869488,55898008336,55900877824,2869488
5581,55822634816,55908008336,55910643152,2634816
5582,55832710560,55918008336,55920718896,2710560
5583,55842814720,55928008336,55930823056,2814720
5584,55852609936,55938008336,55940618272,2609936
5585,55862453216,55948008336,55950461552,2453216
5586,55872907984,55958008336,55960916320,2907984
5587,55883187440,55968008336,55971195776,3187440
5588,55892903472,55978008336,55980911808,2903472
5589,55903021040,55988008336,55991029376,3021040
5590,55912750880,55998008336,56000759216,2750880
5591,55922626304,56008008336,56010634640,2626304
5592,55932836672,56018008336,56020845008,2836672
5593,55942830736,56028008336,56030839072,2830736
5594,55952551536,56038008336,56040559872,2551536
5595,55961844112,56048008336,56049852448,1844112
5596,55972121504,56058008336,56060129840,2121504
5597,55982651408,56068008336,56070659744,2651408
5598,55992610320,56078008336,56080618656,2610320
5599,56002806464,56088008336,56090814800,2806464
5600,56012809168,56098008336,56100817504,2809168
5601,56022805056,56108008336,56110813392,2805056
5602,56032837968,56118008336,56120846304,2837968
5603,56042835904,56128008336,56130844240,2835904
5604,56052802064,56138008336,56140810400,2802064
5605,56062846704,56148008336,56150855040,2846704
5606,56072095680,56158008336,56160104016,2095680
5607,56082591312,56168008336,56170599648,2591312
5608,56092734800,56178008336,56180743136,2734800
5609,56102782480,56188008336,56190790816,2782480
5610,56112732832,56198008336,56200741168,2732832
5611,56122793504,56208008336,56210801840,2793504
5612,56132509104,56218008336,56220517440,2509104
5613,56142623248,56228008336,56230631584,2623248
5614,56152519568,56238008336,56240527904,2519568
5615,56162458656,56248008336,56250466992,2458656
5616,56172538992,56258008336,56260547328,2538992
5617,56183187328,56268008336,56271195664,3187328
5618,56192368544,56278008336,56280376880,2368544
5619,56202415728,56288008336,56290424064,2415728
5620,56212363520,56298008336,56300371856,2363520
5621,56222523072,56308008336,56310531408,2523072
5622,56232404560,56318008336,56320412896,2404560
5623,56242685776,56328008336,56330694112,2685776
5624,56252677904,56338008336,56340686240,2677904
5625,56262528272,56348008336,56350536608,2528272
5626,56272554336,56358008336,56360562672,2554336
5627,56283073024,56368008336,56371081360,3073024
5628,56292035024,56378008336,56380043360,2035024
5629,56302497232,56388008336,56390505568,2497232
5630,56312435024,56398008336,56400443360,2435024
5631,56322357584,56408008336,56410365920,2357584
PERIODIC LATENCY CHUNK end=5632
5632,56332567424,56418008336,56420575760,2567424
5633,56342626800,56428008336,56430635136,2626800
5634,56352529312,56438008336,56440537648,2529312
5635,56362503392,56448008336,56450511728,2503392
5636,56372617744,56458008336,56460626080,2617744
5637,56383344848,56468008336,56471353184,3344848
5638,56392552176,56478008336,56480560512,2552176
5639,56402547424,56488008336,56490555760,2547424
5640,56412517840,56498008336,56500526176,2517840
5641,56422605200,56508008336,56510613536,2605200
5642,56432562944,56518008336,56520571280,2562944
5643,56442773728,56528008336,56530782064,2773728
5644,56452464640,56538008336,56540472976,2464640
5645,56462697216,56548008336,56550705552,2697216
5646,56472542000,56558008336,56560550336,2542000
5647,56482656576,56568008336,56570664912,2656576
5648,56492753760,56578008336,56580762096,2753760
5649,56502919344,56588008336,56590927680,2919344
5650,56512789408,56598008336,56600797744,2789408
5651,56522799440,56608008336,56610807776,2799440
5652,56532489920,56618008336,56620498256,2489920
5653,56542711040,56628008336,56630719376,2711040
5654,56552610928,56638008336,56640619264,2610928
5655,56562613248,56648008336,56650621584,2613248
5656,56572710640,56658008336,56660718976,2710640
5657,56582619904,56668008336,56670628240,2619904
5658,56592472864,56678008336,56680481200,2472864
5659,56602583840,56688008336,56690592176,2583840
5660,56612670048,56698008336,56700678384,2670048
5661,56622185024,56708008336,56710193360,2185024
5662,56632630768,56718008336,56720639104,2630768
5663,56642678416,56728008336,56730686752,2678416
5664,56652839600,56738008336,56740847936,2839600
5665,56662763888,56748008336,56750772224,2763888
5666,56672592032,56758008336,56760600368,2592032
5667,56682569088,56768008336,56770577424,2569088
5668,56692603440,56778008336,56780611776,2603440
5669,56702555584,56788008336,56790563920,2555584
5670,56712684752,56798008336,56800693088,2684752
5671,56722519696,56808008336,56810528032,2519696
5672,56732411744,56818008336,56820420080,2411744
5673,56742503296,56828008336,56830511632,2503296
5674,56752605152,56838008336,56840613488,2605152
5675,56762554112,56848008336,56850562448,2554112
5676,56772563808,56858008336,56860572144,2563808
5677,56782692752,56868008336,56870701088,2692752
5678,56792396208,56878008336,56880404544,2396208
5679,56802325776,56888008336,56890334112,2325776
5680,56812299040,56898008336,56900307376,2299040
5681,56822452096,56908008336,56910460432,2452096
5682,56832528960,56918008336,56920537296,2528960
5683,56842854288,56928008336,56930862624,2854288
5684,56853070864,56938008336,56941079200,3070864
5685,56862535984,56948008336,56950544320,2535984
5686,56872599248,56958008336,56960607584,2599248
5687,56882586576,56968008336,56970594912,2586576
5688,56892915280,56978008336,56980923616,2915280
5689,56902548800,56988008336,56990557136,2548800
5690,56912159488,56998008336,57000167824,2159488
5691,56922517328,57008008336,57010525664,2517328
5692,56932421664,57018008336,57020430000,2421664
5693,56942513568,57028008336,57030521904,2513568
5694,56952621712,57038008336,57040630048,2621712
5695,56962133936,57048008336,57050142272,2133936
5696,56972276128,57058008336,57060284464,2276128
5697,56982374288,57068008336,57070382624,2374288
5698,56992298768,57078008336,57080307104,2298768
5699,57002700096,57088008336,57090708432,2700096
5700,57012875120,57098008336,57100883456,2875120
5701,57022455008,57108008336,57110463344,2455008
5702,57032947808,57118008336,57120956144,2947808
5703,57042828336,57128008336,57130836672,2828336
5704,57052795344,57138008336,57140803680,2795344
5705,57062630912,57148008336,57150639248,2630912
5706,57072589328,57158008336,57160597664,2589328
5707,57082440928,57168008336,57170449264,2440928
5708,57092436704,57178008336,57180445040,2436704
5709,57102934160,57188008336,57190942496,2934160
5710,57112756864,57198008336,57200765200,2756864
5711,57122629536,57208008336,57210637872,2629536
5712,57132616000,57218008336,57220624336,2616000
5713,57141670592,57228008336,57229678928,1670592
5714,57152068336,57238008336,57240076672,2068336
5715,57162348272,57248008336,57250356608,2348272
5716,57172482048,57258008336,57260490384,2482048
5717,57182625280,57268008336,57270633616,2625280
5718,57192317168,57278008336,57280325504,2317168
5719,57202394848,57288008336,57290403184,2394848
5720,57212300192,57298008336,57300308528,2300192
5721,57222404784,57308008336,57310413120,2404784
5722,57232584560,57318008336,57320592896,2584560
5723,57242488768,57328008336,57330497104,2488768
5724,57252506720,57338008336,57340515056,2506720
5725,57262590064,57348008336,57350598400,2590064
5726,57272695968,57358008336,57360704304,2695968
5727,57282576720,57368008336,57370585056,2576720
5728,57292837376,57378008336,57380845712,2837376
5729,57303090704,57388008336,57391099040,3090704
5730,57312006896,57398008336,57400015232,2006896
5731,57321770864,57408008336,57409779200,1770864
5732,57332078272,57418008336,57420086608,2078272
5733,57342337968,57428008336,57430346304,2337968
5734,57352463152,57438008336,57440471488,2463152
5735,57362580896,57448008336,57450589232,2580896
5736,57372744192,57458008336,57460752528,2744192
5737,57382480992,57468008336,57470489328,2480992
5738,57392117456,57478008336,57480125792,2117456
5739,57402920000,57488008336,57490928336,2920000
5740,57412183552,57498008336,57500191888,2183552
5741,57422374288,57508008336,57510382624,2374288
5742,57432616432,57518008336,57520624768,2616432
5743,57442616128,57528008336,57530624464,2616128
5744,57451914704,57538008336,57539923040,1914704
5745,57461976064,57548008336,57549984400,1976064
5746,57472244224,57558008336,57560252560,2244224
5747,57482376064,57568008336,57570384400,2376064
5748,57491136032,57578008336,57579144368,1136032
5749,57501039360,57588008336,57589047696,1039360
5750,57511049504,57598008336,57599057840,1049504
5751,57521098016,57608008336,57609106352,1098016
5752,57530973360,57618008336,57618981696,973360
5753,57541000192,57628008336,57629008528,1000192
5754,57551188000,57638008336,57639196336,1188000
5755,57561187664,57648008336,57649196000,1187664
5756,57571760288,57658008336,57659768624,1760288
5757,57582574064,57668008336,57670582400,2574064
5758,57592656704,57678008336,57680665040,2656704
5759,57602865840,57688008336,57690874176,2865840
5760,57612679296,57698008336,57700687632,2679296
5761,57622331776,57708008336,57710340112,2331776
5762,57631800256,57718008336,57719808592,1800256
5763,57641904304,57728008336,57729912640,1904304
5764,57652199968,57738008336,57740208304,2199968
5765,57662423584,57748008336,57750431920,2423584
5766,57672615936,57758008336,57760624272,2615936
5767,57682619168,57768008336,57770627504,2619168
5768,57692860288,57778008336,57780868624,2860288
5769,57702484848,57788008336,57790493184,2484848
5770,57712162416,57798008336,57800170752,2162416
5771,57722296928,57808008336,57810305264,2296928
5772,57732348944,57818008336,57820357280,2348944
5773,57742492240,57828008336,57830500576,2492240
5774,57752571952,57838008336,57840580288,2571952
5775,57762509872,57848008336,57850518208,2509872
5776,57772676496,57858008336,57860684832,2676496
5777,57782666800,57868008336,57870675136,2666800
5778,57792611344,57878008336,57880619680,2611344
5779,57802559808,57888008336,57890568144,2559808
5780,57812774992,57898008336,57900783328,2774992
5781,57822722208,57908008336,57910730544,2722208
5782,57832472608,57918008336,57920480944,2472608
5783,57842545504,57928008336,57930553840,2545504
5784,57852736576,57938008336,57940744912,2736576
5785,57862623264,57948008336,57950631600,2623264
5786,57872581264,57958008336,57960589600,2581264
5787,57882262912,57968008336,57970271248,2262912
5788,57892584672,57978008336,57980593008,2584672
5789,57902854496,57988008336,57990862832,2854496
5790,57913325872,57998008336,58001334208,3325872
5791,57923353488,58008008336,58011361824,3353488
5792,57933406160,58018008336,58021414496,3406160
5793,57943419488,58028008336,58031427824,3419488
5794,57953221344,58038008336,58041229680,3221344
5795,57962490384,58048008336,58050498720,2490384
5796,57973464832,58058008336,58061473168,3464832
5797,57982629296,58068008336,58070637632,2629296
5798,57992727488,58078008336,58080735824,2727488
5799,58003465504,58088008336,58091473840,3465504
5800,58013196496,58098008336,58101204832,3196496
5801,58023197216,58108008336,58111205552,3197216
5802,58033322064,58118008336,58121330400,3322064
5803,58043490496,58128008336,58131498832,3490496
5804,58053153024,58138008336,58141161360,3153024
5805,58063131376,58148008336,58151139712,3131376
5806,58072805152,58158008336,58160813488,2805152
5807,58082389376,58168008336,58170397712,2389376
5808,58093430608,58178008336,58181438944,3430608
5809,58102759072,58188008336,58190767408,2759072
5810,58112867952,58198008336,58200876288,2867952
5811,58123229488,58208008336,58211237824,3229488
5812,58132419792,58218008336,58220428128,2419792
5813,58142850000,58228008336,58230858336,2850000
5814,58152796304,58238008336,58240804640,2796304
5815,58162984512,58248008336,58250992848,2984512
5816,58172988576,58258008336,58260996912,2988576
5817,58182684048,58268008336,58270692384,2684048
5818,58193374896,58278008336,58281383232,3374896
5819,58202917264,58288008336,58290925600,2917264
5820,58212849952,58298008336,58300858288,2849952
5821,58223142768,58308008336,58311151104,3142768
5822,58232939360,58318008336,58320947696,2939360
5823,58243392816,58328008336,58331401152,3392816
5824,58253838480,58338008336,58341846816,3838480
5825,58262580736,58348008336,58350589072,2580736
5826,58272713840,58358008336,58360722176,2713840
5827,58282910848,58368008336,58370919184,2910848
5828,58292811504,58378008336,58380819840,2811504
5829,58302937952,58388008336,58390946288,2937952
5830,58312713344,58398008336,58400721680,2713344
5831,58322673120,58408008336,58410681456,2673120
5832,58332962688,58418008336,58420971024,2962688
5833,58342927168,58428008336,58430935504,2927168
5834,58352471072,58438008336,58440479408,2471072
5835,58362470240,58448008336,58450478576,2470240
5836,58372437808,58458008336,58460446144,2437808
5837,58380978256,58468008336,58468986592,978256
5838,58391386560,58478008336,58479394896,1386560
5839,58401620336,58488008336,58489628672,1620336
5840,58412684592,58498008336,58500692928,2684592
5841,58423333216,58508008336,58511341552,3333216
5842,58433063360,58518008336,58521071696,3063360
5843,58442766288,58528008336,58530774624,2766288
5844,58452448400,58538008336,58540456736,2448400
5845,58462685840,58548008336,58550694176,2685840
5846,58472388400,58558008336,58560396736,2388400
5847,58483217376,58568008336,58571225712,3217376
5848,58493152784,58578008336,58581161120,3152784
5849,58503084176,58588008336,58591092512,3084176
5850,58513273632,58598008336,58601281968,3273632
5851,58522674960,58608008336,58610683296,2674960
5852,58532882944,58618008336,58620891280,2882944
5853,58542869184,58628008336,58630877520,2869184
5854,58552796528,58638008336,58640804864,2796528
5855,58562912912,58648008336,58650921248,2912912
5856,58572726912,58658008336,58660735248,2726912
5857,58582413584,58668008336,58670421920,2413584
5858,58592682064,58678008336,58680690400,2682064
5859,58602924288,58688008336,58690932624,2924288
5860,58613019440,58698008336,58701027776,3019440
5861,58622912400,58708008336,58710920736,2912400
5862,58632831984,58718008336,58720840320,2831984
5863,58643054128,58728008336,58731062464,3054128
5864,58653381280,58738008336,58741389616,3381280
5865,58662590384,58748008336,58750598720,2590384
5866,58672840864,58758008336,58760849200,2840864
5867,58683031008,58768008336,58771039344,3031008
5868,58692613632,58778008336,58780621968,2613632
5869,58702774160,58788008336,58790782496,2774160
5870,58713089168,58798008336,58801097504,3089168
5871,58722879744,58808008336,58810888080,2879744
5872,58732339408,58818008336,58820347744,2339408
5873,58743354320,58828008336,58831362656,3354320
5874,58753121856,58838008336,58841130192,3121856
5875,58763068432,58848008336,58851076768,3068432
5876,58772955776,58858008336,58860964112,2955776
5877,58782679520,58868008336,58870687856,2679520
5878,58792706400,58878008336,58880714736,2706400
5879,58802451232,58888008336,58890459568,2451232
5880,58812849152,58898008336,58900857488,2849152
5881,58823000912,58908008336,58911009248,3000912
5882,58832982240,58918008336,58920990576,2982240
5883,58843036960,58928008336,58931045296,3036960
5884,58853170256,58938008336,58941178592,3170256
5885,58862745856,58948008336,58950754192,2745856
5886,58872954800,58958008336,58960963136,2954800
5887,58883015808,58968008336,58971024144,3015808
PERIODIC LATENCY CHUNK end=5888
5888,58892774096,58978008336,58980782432,2774096
5889,58902825600,58988008336,58990833936,2825600
5890,58912899120,58998008336,59000907456,2899120
5891,58922749040,59008008336,59010757376,2749040
5892,58932987328,59018008336,59020995664,2987328
5893,58943016064,59028008336,59031024400,3016064
5894,58953070880,59038008336,59041079216,3070880
5895,58962706704,59048008336,59050715040,2706704
5896,58972945248,59058008336,59060953584,2945248
5897,58982946512,59068008336,59070954848,2946512
5898,58993025344,59078008336,59081033680,3025344
5899,59002945344,59088008336,59090953680,2945344
5900,59012937952,59098008336,59100946288,2937952
5901,59022692560,59108008336,59110700896,2692560
5902,59032960288,59118008336,59120968624,2960288
5903,59042998832,59128008336,59131007168,2998832
5904,59052800720,59138008336,59140809056,2800720
5905,59063146768,59148008336,59151155104,3146768
5906,59072352688,59158008336,59160361024,2352688
5907,59083098336,59168008336,59171106672,3098336
5908,59092656880,59178008336,59180665216,2656880
5909,59102670176,59188008336,59190678512,2670176
5910,59113036192,59198008336,59201044528,3036192
5911,59122826288,59208008336,59210834624,2826288
5912,59132542560,59218008336,59220550896,2542560
5913,59142570112,59228008336,59230578448,2570112
5914,59153124240,59238008336,59241132576,3124240
5915,59162787424,59248008336,59250795760,2787424
5916,59173114992,59258008336,59261123328,3114992
5917,59182904128,59268008336,59270912464,2904128
5918,59193073952,59278008336,59281082288,3073952
5919,59203263504,59288008336,59291271840,3263504
5920,59212974128,59298008336,59300982464,2974128
5921,59223105456,59308008336,59311113792,3105456
5922,59233531168,59318008336,59321539504,3531168
5923,59242762160,59328008336,59330770496,2762160
5924,59252836240,59338008336,59340844576,2836240
5925,59262267984,59348008336,59350276320,2267984
5926,59271108448,59358008336,59359116784,1108448
5927,59281188928,59368008336,59369197264,1188928
5928,59292601728,59378008336,59380610064,2601728
5929,59302887856,59388008336,59390896192,2887856
5930,59312662736,59398008336,59400671072,2662736
5931,59323111360,59408008336,59411119696,3111360
5932,59332998880,59418008336,59421007216,2998880
5933,59342982272,59428008336,59430990608,2982272
5934,59353049680,59438008336,59441058016,3049680
5935,59362847328,59448008336,59450855664,2847328
5936,59372930880,59458008336,59460939216,2930880
5937,59383145760,59468008336,59471154096,3145760
5938,59392702272,59478008336,59480710608,2702272
5939,59402816128,59488008336,59490824464,2816128
5940,59412684304,59498008336,59500692640,2684304
5941,59422429680,59508008336,59510438016,2429680
5942,59433145344,59518008336,59521153680,3145344
5943,59443044848,59528008336,59531053184,3044848
5944,59452464624,59538008336,59540472960,2464624
5945,59462865872,59548008336,59550874208,2865872
5946,59473054672,59558008336,59561063008,3054672
5947,59483165344,59568008336,59571173680,3165344
5948,59493108176,59578008336,59581116512,3108176
5949,59503403984,59588008336,59591412320,3403984
5950,59514012704,59598008336,59602021040,4012704
5951,59523017424,59608008336,59611025760,3017424
5952,59534030256,59618008336,59622038592,4030256
5953,59543033520,59628008336,59631041856,3033520
5954,59553294896,59638008336,59641303232,3294896
5955,59563018816,59648008336,59651027152,3018816
5956,59573155248,59658008336,59661163584,3155248
5957,59583004464,59668008336,59671012800,3004464
5958,59592746560,59678008336,59680754896,2746560
5959,59602470896,59688008336,59690479232,2470896
5960,59612381728,59698008336,59700390064,2381728
5961,59622417472,59708008336,59710425808,2417472
5962,59632790336,59718008336,59720798672,2790336
5963,59642944784,59728008336,59730953120,2944784
5964,59652925456,59738008336,59740933792,2925456
5965,59662491760,59748008336,59750500096,2491760
5966,59672891120,59758008336,59760899456,2891120
5967,59682736160,59768008336,59770744496,2736160
5968,59692912048,59778008336,59780920384,2912048
5969,59702777136,59788008336,59790785472,2777136
5970,59712823728,59798008336,59800832064,2823728
5971,59722856944,59808008336,59810865280,2856944
5972,59732631696,59818008336,59820640032,2631696
5973,59742927696,59828008336,59830936032,2927696
5974,59753119360,59838008336,59841127696,3119360
5975,59762470736,59848008336,59850479072,2470736
5976,59772699168,59858008336,59860707504,2699168
5977,59783107824,59868008336,59871116160,3107824
5978,59793172640,59878008336,59881180976,3172640
5979,59802847216,59888008336,59890855552,2847216
5980,59813220256,59898008336,59901228592,3220256
5981,59822217712,59908008336,59910226048,2217712
5982,59832832160,59918008336,59920840496,2832160
5983,59843112032,59928008336,59931120368,3112032
5984,59852430224,59938008336,59940438560,2430224
5985,59862445712,59948008336,59950454048,2445712
5986,59873196416,59958008336,59961204752,3196416
5987,59882511184,59968008336,59970519520,2511184
5988,59892735072,59978008336,59980743408,2735072
5989,59902499440,59988008336,59990507776,2499440
5990,59912885616,59998008336,60000893952,2885616
5991,59922447712,60008008336,60010456048,2447712
5992,59932905440,60018008336,60020913776,2905440
5993,59942755232,60028008336,60030763568,2755232
5994,59952766192,60038008336,60040774528,2766192
5995,59963018016,60048008336,60051026352,3018016
5996,59972400080,60058008336,60060408416,2400080
5997,59982730640,60068008336,60070738976,2730640
5998,59992984240,60078008336,60080992576,2984240
5999,60002308672,60088008336,60090317008,2308672
PERIODIC LATENCY CHUNK end=6000
PERIODIC LATENCY COMPLETE samples=6000
=== SUCCESS PATTERN MATCHED: PERIODIC LATENCY COMPLETE samples=6000 ===

[?1006l[?1015l[?1003l[?1002l[?1000l
✓ 已退出串口终端模式
[axbuild] qemu build+run package=axvisor target=scripts/targets/std/pie/aarch64-unknown-linux-musl.json config=/home/huhu/tgoskits-very_special/results/task1/qemu-20260825/native-vs-virtual-rerun-6000-01/board-qemu-aarch64-rr.toml ... done (153.60s)

Script done on 2026-08-25 20:34:44+08:00 [COMMAND_EXIT_CODE="0"]
