Script started on 2026-08-25 20:23:16+08:00 [COMMAND="env CROSS_CC=/home/huhu/tgoskits-very_special/.deps/task123/aarch64-linux-musl-cross/bin/aarch64-linux-musl-gcc CROSS_CXX=/home/huhu/tgoskits-very_special/.deps/task123/aarch64-linux-musl-cross/bin/aarch64-linux-musl-g++ CROSS_AR=/home/huhu/tgoskits-very_special/.deps/task123/aarch64-linux-musl-cross/bin/aarch64-linux-musl-ar timeout 220 cargo xtask axvisor qemu --config scripts/test/rt-partition/board-qemu-aarch64-fp-rr.toml --qemu-config /home/huhu/tgoskits-very_special/results/task1/qemu-20260825/native-vs-virtual-rerun-6000-01/virtual-qemu.toml --vmconfigs /home/huhu/tgoskits-very_special/results/task1/qemu-20260825/native-vs-virtual-rerun-6000-01/virtual-zephyr.toml" <not executed on terminal>]
    Finished `dev` profile [unoptimized + debuginfo] target(s) in 0.20s
     Running `target/debug/tg-xtask axvisor qemu --config scripts/test/rt-partition/board-qemu-aarch64-fp-rr.toml --qemu-config /home/huhu/tgoskits-very_special/results/task1/qemu-20260825/native-vs-virtual-rerun-6000-01/virtual-qemu.toml --vmconfigs /home/huhu/tgoskits-very_special/results/task1/qemu-20260825/native-vs-virtual-rerun-6000-01/virtual-zephyr.toml`
[2026-08-25T12:23:17Z INFO  axbuild::context] Workspace root: /home/huhu/tgoskits-very_special
[2026-08-25T12:23:17Z INFO  axbuild::context] Workspace member dir for axvisor: /home/huhu/tgoskits-very_special/os/axvisor
Using build config: scripts/test/rt-partition/board-qemu-aarch64-fp-rr.toml
syncing image registry from https://raw.githubusercontent.com/rcore-os/tgosimages/refs/heads/main/registry/default.toml...
file already exists and passed checksum verification
image archive verified at /tmp/tgosimages/rootfs-aarch64-alpine.img.tar.xz
image archive is unchanged; keeping rootfs at /home/huhu/tgoskits-very_special/tmp/axbuild/rootfs/rootfs-aarch64-alpine.img
[2026-08-25T12:23:19Z INFO  ostool::run::qemu] Using QEMU config file: /home/huhu/tgoskits-very_special/results/task1/qemu-20260825/native-vs-virtual-rerun-6000-01/virtual-qemu.toml
[axbuild] qemu build+run package=axvisor target=scripts/targets/std/pie/aarch64-unknown-linux-musl.json config=scripts/test/rt-partition/board-qemu-aarch64-fp-rr.toml ...
sh -c /home/huhu/tgoskits-very_special/tmp/axbuild/std/prebuild/prebuild-aarch64-unknown-linux-musl-deb0b7d687cbc974.sh
AR_aarch64_unknown_linux_musl=aarch64-linux-musl-ar
AXVISOR_VM_CONFIGS=/home/huhu/tgoskits-very_special/results/task1/qemu-20260825/native-vs-virtual-rerun-6000-01/virtual-zephyr.toml
AX_ARCH=aarch64
AX_LOG=info
AX_TARGET=aarch64-unknown-none-softfloat
CARGO_UNSTABLE_JSON_TARGET_SPEC=true
CC_aarch64_unknown_linux_musl=aarch64-linux-musl-cc
CFLAGS_aarch64_unknown_linux_musl=-mgeneral-regs-only -fno-stack-protector
CXXFLAGS_aarch64_unknown_linux_musl=-mgeneral-regs-only -fno-stack-protector
cargo build --config /home/huhu/tgoskits-very_special/tmp/axbuild/std/config-aarch64-unknown-linux-musl-dynamic.toml -p axvisor --target scripts/targets/std/pie/aarch64-unknown-linux-musl.json -Z unstable-options --target-dir /home/huhu/tgoskits-very_special/target --features fp-rr-scheduler,timer-latency-stats,log/release_max_level_info -Z json-target-spec --bin axvisor --release --message-format json-render-diagnostics
   Compiling axvisor v0.6.0 (/home/huhu/tgoskits-very_special/os/axvisor)
warning: unused import: `crate::sync::RawState`
  --> os/arceos/modules/axtask/src/run_queue.rs:17:5
   |
17 | use crate::sync::RawState;
   |     ^^^^^^^^^^^^^^^^^^^^^
   |
   = note: `#[warn(unused_imports)]` (part of `#[warn(unused)]`) on by default

warning: `ax-task` (lib) generated 1 warning (run `cargo fix --lib -p ax-task` to apply 1 suggestion)
warning: function `lr_blocked` is never used
  --> virtualization/axvm/src/irq/model.rs:50:15
   |
50 | pub(crate) fn lr_blocked(slots: &[(u64, u64)], vector: usize) -> bool {
   |               ^^^^^^^^^^
   |
   = note: `#[warn(dead_code)]` (part of `#[warn(unused)]`) on by default

warning: function `lr_slot_occupied` is never used
  --> virtualization/axvm/src/irq/model.rs:66:15
   |
66 | pub(crate) fn lr_slot_occupied(state: u32) -> bool {
   |               ^^^^^^^^^^^^^^^^

warning: function `with_vm` is never used
  --> virtualization/axvm/src/manager.rs:73:15
   |
73 | pub(crate) fn with_vm<F, R>(vm_id: VMId, f: F) -> Option<R>
   |               ^^^^^^^

warning: function `active_vcpu_mask` is never used
  --> virtualization/axvm/src/manager.rs:82:15
   |
82 | pub(crate) fn active_vcpu_mask(vm_id: VMId) -> Option<usize> {
   |               ^^^^^^^^^^^^^^^^

warning: function `inject_interrupt` is never used
  --> virtualization/axvm/src/manager.rs:94:15
   |
94 | pub(crate) fn inject_interrupt(vm_id: VMId, vcpu_id: usize, vector: usize) -> AxVmResult {
   |               ^^^^^^^^^^^^^^^^

warning: variant `Generic` is never constructed
  --> virtualization/axvm/src/runtime/hvc.rs:26:5
   |
25 | pub(crate) enum HyperCallAbi {
   |                 ------------ variant in this enum
26 |     Generic,
   |     ^^^^^^^
   |
   = note: `HyperCallAbi` has derived impls for the traits `Debug` and `Clone`, but these are intentionally ignored during dead code analysis

warning: function `cancel_timer` is never used
   --> virtualization/axvm/src/timer.rs:413:15
    |
413 | pub(crate) fn cancel_timer(token: usize) {
    |               ^^^^^^^^^^^^

warning: function `timer_token_owner` is never used
   --> virtualization/axvm/src/timer.rs:552:10
    |
552 | const fn timer_token_owner(token: usize) -> usize {
    |          ^^^^^^^^^^^^^^^^^

warning: associated items `with_planned_device_graph`, `handle_nested_page_fault`, and `debug_nested_page_fault` are never used
    --> virtualization/axvm/src/vm/mod.rs:1714:19
     |
1459 | impl AxVM {
     | --------- associated items in this implementation
...
1714 |     pub(crate) fn with_planned_device_graph<F, R>(&self, f: F) -> AxVmResult<R>
     |                   ^^^^^^^^^^^^^^^^^^^^^^^^^
...
2033 |     pub(crate) fn handle_nested_page_fault(
     |                   ^^^^^^^^^^^^^^^^^^^^^^^^
...
2048 |     fn debug_nested_page_fault(
     |        ^^^^^^^^^^^^^^^^^^^^^^^

warning: struct `SimpleVmPlan` is never constructed
  --> virtualization/axvm/src/vm/prepare/device_plan/mod.rs:65:19
   |
65 | pub(crate) struct SimpleVmPlan(VmDevicePlan);
   |                   ^^^^^^^^^^^^

warning: associated function `new` is never used
  --> virtualization/axvm/src/vm/prepare/device_plan/mod.rs:68:25
   |
67 | impl SimpleVmPlan {
   | ----------------- associated function in this implementation
68 |     pub(crate) const fn new(devices: VmDevicePlan) -> Self {
   |                         ^^^

warning: `axvm` (lib) generated 11 warnings
warning: function `submit_host_transaction` is never used
   --> os/axvisor/src/guest_console/host.rs:157:15
    |
157 | pub(crate) fn submit_host_transaction(transaction: impl FnOnce(&mut dyn FnMut(&[u8]))) {
    |               ^^^^^^^^^^^^^^^^^^^^^^^
    |
    = note: `#[warn(dead_code)]` (part of `#[warn(unused)]`) on by default

warning: associated functions `create_vm_from_toml`, `start_vm`, and `pause_vm` are never used
  --> os/axvisor/src/manager.rs:64:12
   |
24 | impl AxvmManager {
   | ---------------- associated functions in this implementation
...
64 |     pub fn create_vm_from_toml(raw_cfg: &str) -> Result<VMId> {
   |            ^^^^^^^^^^^^^^^^^^^
...
69 |     pub fn start_vm(vm_id: VMId) -> Result<()> {
   |            ^^^^^^^^
...
79 |     pub fn pause_vm(vm_id: VMId) -> Result<()> {
   |            ^^^^^^^^

warning: function `can_start_vm` is never used
  --> os/axvisor/src/shell/command/vm.rs:31:4
   |
31 | fn can_start_vm(status: VmStatus) -> Result<(), &'static str> {
   |    ^^^^^^^^^^^^

warning: function `start_single_vm` is never used
   --> os/axvisor/src/shell/command/vm.rs:242:4
    |
242 | fn start_single_vm(vm: axvm::AxVMRef) -> anyhow::Result<()> {
    |    ^^^^^^^^^^^^^^^

warning: function `start_vm_by_id` is never used
   --> os/axvisor/src/shell/command/vm.rs:253:4
    |
253 | fn start_vm_by_id(vm_id: usize, attach_console: bool) {
    |    ^^^^^^^^^^^^^^

warning: `axvisor` (bin "axvisor") generated 5 warnings
    Finished `release` profile [optimized] target(s) in 1.66s
warning: the following packages contain code that will be rejected by a future version of Rust: core v0.0.0 (/home/huhu/.rustup/toolchains/nightly-2026-07-15-x86_64-unknown-linux-gnu/lib/rustlib/src/rust/library/core), memchr v2.8.3
note: to see what the problems were, use the option `--future-incompat-report`, or run `cargo report future-incompatibilities --id 1`
Converting ELF to BIN format...
  elf: /home/huhu/tgoskits-very_special/target/aarch64-unknown-linux-musl/release/axvisor
  bin: /home/huhu/tgoskits-very_special/target/aarch64-unknown-linux-musl/release/axvisor.bin
/home/huhu/.rustup/toolchains/nightly-2026-07-15-x86_64-unknown-linux-gnu/lib/rustlib/x86_64-unknown-linux-gnu/bin/llvm-objcopy --strip-all -O binary /home/huhu/tgoskits-very_special/target/aarch64-unknown-linux-musl/release/axvisor /home/huhu/tgoskits-very_special/target/aarch64-unknown-linux-musl/release/axvisor.bin
qemu-system-aarch64 -nographic -cpu cortex-a72 -machine virt,virtualization=on,gic-version=3 -smp 2 -m 2g -append dedicated_cpus=1 -kernel /home/huhu/tgoskits-very_special/target/aarch64-unknown-linux-musl/release/axvisor.bin
[?1000h[?1002h[?1003h[?1015h[?1006hBoot entropy source: FDT /chosen/rng-seed
dedicated_cpus=1
VM Load @PA:0x40200000
VM Load Offset: 0xffff0000c0200000
Memory Map:
  Free   0x00000040000000 - 0x00000040200000 (2 MiB)
  KImg   0x00000040200000 - 0x00000040800000 (6 MiB)
  Free   0x00000040800000 - 0x000000c0000000 (1.99 GiB)
Initialize RAM allocator: 0x40800000..0xc0000000
Reserving CPU-local areas
CPU-local area stride: 0x45000 bytes
Total CPU-local allocation: 0x8a000 bytes (2 CPUs)
Flushed RAM used range to memory map: 0x40800000..0x40900000, current: 0x40900000
Flushed RAM used range to memory map: 0x40900000..0x4098a000, current: 0x4098a000
CPU-local areas allocated at 0x40900000 - 0x4098a000
EL: 2
Mapping early memory regions...
Ram                 : [0x0000000040000000, 0x00000000c0000000) -> [0x0000000040000000, 0x00000000c0000000) (2 GiB)
KImage              : [0x0000ffff80000000, 0x0000ffff80600000) -> [0x0000000040200000, 0x0000000040800000) (6 MiB)
PerCpu              : [0x0000ff0040900000, 0x0000ff004098a000) -> [0x0000000040900000, 0x000000004098a000) (552 KiB)
Debug serial        : [0x0000000009000000, 0x0000000009001000) -> [0x0000000009000000, 0x0000000009001000) (4 KiB)
Boot page table at physical address: PA:0x4098a000
Setting up table registers...
MMU Entry point at physical address: 0x403fb358
Trap vector at 0xffff801fd000
Memory Map:
  MMIO   0x00000009000000 - 0x00000009001000 (4 KiB)
  Free   0x00000040000000 - 0x00000040200000 (2 MiB)
  KImg   0x00000040200000 - 0x00000040800000 (6 MiB)
  Rsv    0x00000040800000 - 0x00000040900000 (1 MiB)
  PerCPU 0x00000040900000 - 0x0000004098a000 (552 KiB)
  Rsv    0x0000004098a000 - 0x00000040993000 (36 KiB)
  Free   0x00000040993000 - 0x000000c0000000 (1.99 GiB)
Jumping to main entry point at 0xffff801dd118 with SP 0x0000ff0040945000

       d8888                            .d88888b.   .d8888b.
      d88888                           d88P" "Y88b d88P  Y88b
     d88P888                           888     888 Y88b.
    d88P 888 888d888  .d8888b  .d88b.  888     888  "Y888b.
   d88P  888 888P"   d88P"    d8P  Y8b 888     888     "Y88b.
  d88P   888 888     888      88888888 888     888       "888
 d8888888888 888     Y88b.    Y8b.     Y88b. .d88P Y88b  d88P
d88P     888 888      "Y8888P  "Y8888   "Y88888P"   "Y8888P"

arch = aarch64
platform = linux,dummy-virt
target = aarch64-unknown-none-softfloat
build_mode = 
log_level = info
backtrace = false
smp = 2

[37max_runtime:254] [32mLogging is enabled.[m
[m[37max_runtime:255] [32mPrimary CPU 0 started, arg = 0x40800000.[m
[m[37max_runtime:257] [32mFound physcial memory regions:[m
[m[37max_runtime:259] [32m  [PA:0x9000000, PA:0x9001000) mmio (READ | WRITE | DEVICE | RESERVED)[m
[m[37max_runtime:259] [32m  [PA:0x40000000, PA:0x40200000) free memory (READ | WRITE | FREE)[m
[m[37max_runtime:259] [32m  [PA:0x40200000, PA:0x40800000) reserved (READ | WRITE | EXECUTE | RESERVED)[m
[m[37max_runtime:259] [32m  [PA:0x40800000, PA:0x40900000) reserved (READ | WRITE | EXECUTE | RESERVED)[m
[m[37max_runtime:259] [32m  [PA:0x40900000, PA:0x4098a000) reserved (READ | WRITE | EXECUTE | RESERVED)[m
[m[37max_runtime:259] [32m  [PA:0x4098a000, PA:0x40993000) reserved (READ | WRITE | EXECUTE | RESERVED)[m
[m[37max_runtime:259] [32m  [PA:0x40993000, PA:0xc0000000) free memory (READ | WRITE | FREE)[m
[m[37max_runtime:419] [32mInitialize global memory allocator...[m
[m[37max_runtime:420] [32m  use buddy-slab-allocator allocator.[m
[m[37max_alloc::buddy_slab:158] [32mInitialize global memory allocator, start_vaddr: 0x40993000, size: 0x7f66d000[m
[m[37max_alloc::buddy_slab:424] [32mglobal allocator initialized[m
[m[37max_alloc::buddy_slab:168] [32mAdd memory region, start_vaddr: 0x40000000, size: 0x200000[m
[m[37mbuddy_slab_allocator::global:151] [32mGlobalAllocator: skip region 0x40000000+0x200000, no allocator-visible memory after 2097152 alignment[m
[m[37max_runtime:294] [32mkernel aspace: [VA:0x0, VA:0xffffffffffffffff)[m
[m[37max_mm:107] [32mInitialize virtual memory management...[m
[m[37max_runtime:306] [32mInitialize platform devices...[m
[m[37msomeboot::arch::power:23] [32mPower management method : SMC[m
[m[37msomehal::driver:5] [32mInitializing rdrive with FDT at 0x40800000[m
[m[37msomehal::arch::gic::v3:274] [32mGICv3 CPU 0 EOI mode: two_step=true[m
[m[37max_runtime:602] [32mDedicated (no-tick) host CPUs: 0b10[m
[m[37max_task::api:249] [32mInitialize scheduling...[m
[m[37max_task::api:257] [32m  use Fixed-priority round-robin scheduler.[m
[m[37max_runtime:337] [32mInitialize interrupt handlers...[m
[m[37max_runtime::devices:2] [32mProbe platform devices...[m
[m[37max_driver::serial::pl011:22] [32mProbing PL011 serial device: pl011@9000000[m
[m[37max_driver::serial::pl011:38] [32mPL011 serial@0x9000000 registered successfully[m
[m[37max_runtime::serial:895] [32mserial runtime PL011 UART ready: cpu=0, irq=Some(Source(FdtInterrupt(FdtIrqSpec { controller: 44, cells: [0, 1, 4] }))), polling=false[m
[m
       d8888            888     888  d8b
      d88888            888     888  Y8P
     d88P888            888     888
    d88P 888  888  888  Y88b   d88P  888  .d8888b    .d88b.   888d888
   d88P  888  `Y8bd8P'   Y88b d88P   888  88K       d88""88b  888P"
  d88P   888    X88K      Y88o88P    888  "Y8888b.  888  888  888
 d8888888888  .d8""8b.     Y888P     888       X88  Y88..88P  888
d88P     888  888  888      Y8P      888   88888P'   "Y88P"   888

by AxVisor Team

[  0.139730 0:2 [37max_runtime:359] [32mruntime console active: serial0, ttyS0[m
[m
[  0.142825 1 [37msomehal::arch::gic::v3:274] [32mGICv3 CPU 1 EOI mode: two_step=true[m
[m
[  0.143225 0:2 [37max_runtime:399] [32mPrimary CPU 0 init OK.[m
[m
[  0.143201 1 [37max_runtime::mp:84] [32mSecondary CPU 1 started.[m
[m
[  0.148135 0:2 [37maxvisor:127] [32mRT partition host CPU mask established: 0b10[m
[m
[  0.144415 1:5 [37max_runtime::mp:123] [32mSecondary CPU 1 init OK.[m
[m
[  0.148176 0:2 [37maxvisor:130] [32mStarting virtualization...[m
[m
[  0.160455 1:10 [37maxvm::host::arceos:348] [32mCore 1 is initializing hardware virtualization support...[m
[m
[  0.148257 0:2 [37maxvm::host::arceos:330] [32mEnabling hardware virtualization support on all cores...[m
[m
[  0.160486 1:10 [37maxvm::timer:519] [32mInitializing AxVM timer wheel...[m
[m
[  0.148335 0:2 [37maxvm::host::arceos:336] [32mCore 0 is initializing hardware virtualization support...[m
[m
[  0.160678 1:10 [37maxvm::host::arceos:352] [32mHardware virtualization support enabled on core 1 (2/2)[m
[m
[  0.148387 0:2 [37maxvm::timer:519] [32mInitializing AxVM timer wheel...[m
[m
[  0.159392 0:2 [37maxvm::host::arceos:338] [32mHardware virtualization support enabled on core 0[m
[m
[  0.160032 0:2 [37maxvm::host::arceos:365] [32mWaiting for all cores to enable hardware virtualization...[m
[m
[  0.163021 0:2 [37maxvm::host::arceos:376] [32mAll cores have enabled hardware virtualization support.[m
[m
[  0.163142 0:2 [37maxvisor::config:91] [32mUsing static VM configs.[m
[m
[  0.181465 0:2 [37maxvm::boot::fdt::core:79] [32mVM[1] virtual GIC follows host firmware resources: GuestGicProfile { compatible: "arm,gic-v3", node_path: "/intc@8000000", node_phandle: Some(32771), distributor: GuestMmioRegion { base: 134217728, length: 65536 }, cpu_region: Redistributors(GuestGicRedistributorProfile { regions: [GuestMmioRegion { base: 134873088, length: 16121856 }], stride: 131072 }), its: [GuestItsProfile { id: ItsId(0), node_path: "/intc@8000000/its@8080000", node_phandle: Some(32772), registers: GuestMmioRegion { base: 134742016, length: 131072 } }] }[m
[m
[  0.183613 0:2 [37maxvm::boot::fdt::core:93] [32mVM[1] architectural timer follows host firmware PPIs[m
[m
[  0.194289 0:2 [37maxvm::boot::fdt::core::parser:597] [32mCPU node: /cpus/cpu@0, node_id: 0x0, hardware_cpu_id: 0x0[m
[m
[  0.194408 0:2 [37maxvm::boot::fdt::core::parser:597] [32mCPU node: /cpus/cpu@1, node_id: 0x1, hardware_cpu_id: 0x1[m
[m
[  0.194632 0:2 [37maxvm::boot::fdt::core::parser:604] [32mFound 2 host CPU nodes[m
[m
[  0.194866 0:2 [37maxvm::boot::fdt::core:144] [32mVM[1] DTB not found, generating from the VM configuration[m
[m
[  0.221427 0:2 [37maxvm::boot::fdt::core::device:107] [32mFound excluded devices: ["/intc@8000000", "/pl011@9000000", "/timer", "/intc@8000000/its@8080000"][m
[m
[  0.222684 0:2 [37maxvm::boot::fdt::core::parser:58] [32mVM[1] generated-FDT passthrough paths: [][m
[m
[  0.224327 0:2 [37maxvm::boot::fdt::core::parser:90] [32mVM[1] host-FDT PCI node path=/pcie@10000000 name=pcie@10000000 compatible=["pci-host-ecam-generic"] reg=[(275146342400, Some(268435456))] properties=[("compatible", 22), ("reg", 16), ("ranges", 84), ("interrupt-map", 640), ("interrupt-map-mask", 16), ("msi-map", 16), ("bus-range", 8)][m
[m
[  0.235527 0:2 [37maxvm::boot::fdt::core::parser:102] [32mVM[1] generated guest-FDT bytes=1100[m
[m
[  0.236868 0:2 [37maxvm::boot::fdt::core::parser:113] [32mVM[1] generated guest-FDT PCI paths: [][m
[m
[  0.247352 0:2 [37maxvm::boot::fdt::core::device:107] [32mFound excluded devices: ["/intc@8000000", "/pl011@9000000", "/timer", "/intc@8000000/its@8080000"][m
[m
[  0.248694 0:2 [37maxvisor::config:309] [32mCreating VM[1] "task1-virtual-zephyr-only"[m
[m
[  0.272924 0:2 [37maxvm::vm:1484] [32mVM created: id=1[m
[m
[  1.412616 1:12 [37maxvm::runtime::vcpus:1121] [32mVM[1] VCpu[0] waiting for running[m
[m
[  1.381602 0:2 [37maxvisor::config:321] [32mVM[1] created success, loading images...[m
[m
[  1.413013 1:12 [37maxvm::runtime::vcpus:1159] [32mVM[1] VCpu[0] running on CPU1...[m
[m
[  1.400937 0:2 [37maxdevice::device:993] [32mDeviceRuntime: registered device id=0[m
[m
[  1.401277 0:2 [37maxdevice::device:993] [32mDeviceRuntime: registered device id=1[m
[m
[  1.401393 0:2 [37maxdevice::device:993] [32mDeviceRuntime: registered device id=2[m
[m
[  1.403373 0:2 [37maxdevice::device:993] [32mDeviceRuntime: registered device id=3[m
[m
[  1.406957 0:2 [37maxvm::vm::prepare:86] [32mVM setup: id=1[m
[m
[  1.407522 0:2 [37maxvm::runtime:73] [32mInitializing VMM...[m
[m
[  1.407657 0:2 [37maxvm::runtime:84] [32mVMM starting, booting VMs...[m
[m
[  1.407986 0:2 [37maxvm::vm:1777] [32mStarting VM[1][m
[m
[  1.408240 0:2 [37maxvm::runtime::vcpus:1047] [32mSpawning task for VM[1] VCpu[0][m
[m
[  1.408799 0:2 [37maxvm::runtime::vcpus:1066] [32mVCpu task Task(12, "VM[1]-VCpu[0]") created priority=90 cpumask: [1, ][m
[m
[  1.412706 0:2 [37maxvm::runtime:92] [32mVM[1] boot success[m
[m
[  1.413717 0:2 [37maxvisor:172] [32m[OK] Default guest initialized[m
[m
[  1.413769 0:2 [37maxvisor:177] [32mshell task on CPU0[m
[m
*** Booting Zephyr OS build dccb09599635bdff17633fa7e9dab014b91dce90 ***
sequence,timestamp_ns,deadline_ns,actual_ns,jitter_ns
0,11997376,97008176,99005552,1997376
1,20961168,107008176,107969344,961168
2,30943264,117008176,117951440,943264
3,41010896,127008176,128019072,1010896
4,51012752,137008176,138020928,1012752
5,60962048,147008176,147970224,962048
6,70951776,157008176,157959952,951776
7,80961488,167008176,167969664,961488
8,91022400,177008176,178030576,1022400
9,101022096,187008176,188030272,1022096
10,110965632,197008176,197973808,965632
11,120949696,207008176,207957872,949696
12,130966976,217008176,217975152,966976
13,140939552,227008176,227947728,939552
14,150969232,237008176,237977408,969232
15,160954496,247008176,247962672,954496
16,170995744,257008176,258003920,995744
17,181054528,267008176,268062704,1054528
18,190945968,277008176,277954144,945968
19,200952576,287008176,287960752,952576
20,210937920,297008176,297946096,937920
21,220838064,307008176,307846240,838064
22,230960144,317008176,317968320,960144
23,240925568,327008176,327933744,925568
24,251127584,337008176,338135760,1127584
25,262103392,347008176,349111568,2103392
26,272552864,357008176,359561040,2552864
27,282604112,367008176,369612288,2604112
28,292818464,377008176,379826640,2818464
29,302601024,387008176,389609200,2601024
30,312198112,397008176,399206288,2198112
31,322724032,407008176,409732208,2724032
32,332889872,417008176,419898048,2889872
33,343322352,427008176,430330528,3322352
34,352904768,437008176,439912944,2904768
35,362603488,447008176,449611664,2603488
36,373380832,457008176,460389008,3380832
37,382625808,467008176,469633984,2625808
38,392699664,477008176,479707840,2699664
39,402829968,487008176,489838144,2829968
40,412162432,497008176,499170608,2162432
41,422609008,507008176,509617184,2609008
42,432818864,517008176,519827040,2818864
43,442405152,527008176,529413328,2405152
44,452718640,537008176,539726816,2718640
45,462643152,547008176,549651328,2643152
46,472730032,557008176,559738208,2730032
47,482780240,567008176,569788416,2780240
48,492746224,577008176,579754400,2746224
49,502635664,587008176,589643840,2635664
50,512630064,597008176,599638240,2630064
51,522905056,607008176,609913232,2905056
52,532803504,617008176,619811680,2803504
53,542953648,627008176,629961824,2953648
54,552781808,637008176,639789984,2781808
55,562897904,647008176,649906080,2897904
56,572757344,657008176,659765520,2757344
57,583343344,667008176,670351520,3343344
58,593077408,677008176,680085584,3077408
59,602821680,687008176,689829856,2821680
60,612458640,697008176,699466816,2458640
61,622619984,707008176,709628160,2619984
62,632767456,717008176,719775632,2767456
63,642710656,727008176,729718832,2710656
64,652492640,737008176,739500816,2492640
65,662054944,747008176,749063120,2054944
66,672407424,757008176,759415600,2407424
67,682513424,767008176,769521600,2513424
68,692604160,777008176,779612336,2604160
69,702672400,787008176,789680576,2672400
70,712593856,797008176,799602032,2593856
71,722641536,807008176,809649712,2641536
72,732530896,817008176,819539072,2530896
73,742769280,827008176,829777456,2769280
74,752660352,837008176,839668528,2660352
75,762345968,847008176,849354144,2345968
76,773344176,857008176,860352352,3344176
77,782483264,867008176,869491440,2483264
78,793177024,877008176,880185200,3177024
79,802972176,887008176,889980352,2972176
80,812278544,897008176,899286720,2278544
81,822539008,907008176,909547184,2539008
82,832587664,917008176,919595840,2587664
83,842624464,927008176,929632640,2624464
84,852665584,937008176,939673760,2665584
85,862979776,947008176,949987952,2979776
86,872799280,957008176,959807456,2799280
87,882613040,967008176,969621216,2613040
88,892312128,977008176,979320304,2312128
89,902099808,987008176,989107984,2099808
90,912646608,997008176,999654784,2646608
91,922623856,1007008176,1009632032,2623856
92,932556272,1017008176,1019564448,2556272
93,942704032,1027008176,1029712208,2704032
94,952815968,1037008176,1039824144,2815968
95,962593360,1047008176,1049601536,2593360
96,972420048,1057008176,1059428224,2420048
97,982644816,1067008176,1069652992,2644816
98,992730624,1077008176,1079738800,2730624
99,1002731472,1087008176,1089739648,2731472
100,1012324208,1097008176,1099332384,2324208
101,1022644144,1107008176,1109652320,2644144
102,1032784224,1117008176,1119792400,2784224
103,1043130592,1127008176,1130138768,3130592
104,1052644832,1137008176,1139653008,2644832
105,1062753968,1147008176,1149762144,2753968
106,1072312672,1157008176,1159320848,2312672
107,1082755232,1167008176,1169763408,2755232
108,1091033040,1177008176,1178041216,1033040
109,1101155552,1187008176,1188163728,1155552
110,1111225664,1197008176,1198233840,1225664
111,1121098240,1207008176,1208106416,1098240
112,1131093536,1217008176,1218101712,1093536
113,1141018800,1227008176,1228026976,1018800
114,1151017680,1237008176,1238025856,1017680
115,1160844752,1247008176,1247852928,844752
116,1171204880,1257008176,1258213056,1204880
117,1182580144,1267008176,1269588320,2580144
118,1192630656,1277008176,1279638832,2630656
119,1202699232,1287008176,1289707408,2699232
120,1212852512,1297008176,1299860688,2852512
121,1223866832,1307008176,1310875008,3866832
122,1232685536,1317008176,1319693712,2685536
123,1242605920,1327008176,1329614096,2605920
124,1253028944,1337008176,1340037120,3028944
125,1263776944,1347008176,1350785120,3776944
126,1272390496,1357008176,1359398672,2390496
127,1283308368,1367008176,1370316544,3308368
128,1292984016,1377008176,1379992192,2984016
129,1303690576,1387008176,1390698752,3690576
130,1313090848,1397008176,1400099024,3090848
131,1322636624,1407008176,1409644800,2636624
132,1332998704,1417008176,1420006880,2998704
133,1342311776,1427008176,1429319952,2311776
134,1352643952,1437008176,1439652128,2643952
135,1362835504,1447008176,1449843680,2835504
136,1372851072,1457008176,1459859248,2851072
137,1382711696,1467008176,1469719872,2711696
138,1392560832,1477008176,1479569008,2560832
139,1402327408,1487008176,1489335584,2327408
140,1412348752,1497008176,1499356928,2348752
141,1423478288,1507008176,1510486464,3478288
142,1433368640,1517008176,1520376816,3368640
143,1442406768,1527008176,1529414944,2406768
144,1452570672,1537008176,1539578848,2570672
145,1462690800,1547008176,1549698976,2690800
146,1472469792,1557008176,1559477968,2469792
147,1482322512,1567008176,1569330688,2322512
148,1492678832,1577008176,1579687008,2678832
149,1502673776,1587008176,1589681952,2673776
150,1512720000,1597008176,1599728176,2720000
151,1522738944,1607008176,1609747120,2738944
152,1532859520,1617008176,1619867696,2859520
153,1542787920,1627008176,1629796096,2787920
154,1552820512,1637008176,1639828688,2820512
155,1563279920,1647008176,1650288096,3279920
156,1573099376,1657008176,1660107552,3099376
157,1582434336,1667008176,1669442512,2434336
158,1592712352,1677008176,1679720528,2712352
159,1602724032,1687008176,1689732208,2724032
160,1613243312,1697008176,1700251488,3243312
161,1622698112,1707008176,1709706288,2698112
162,1632840688,1717008176,1719848864,2840688
163,1642695760,1727008176,1729703936,2695760
164,1652701024,1737008176,1739709200,2701024
165,1662844176,1747008176,1749852352,2844176
166,1672790736,1757008176,1759798912,2790736
167,1682729136,1767008176,1769737312,2729136
168,1692743808,1777008176,1779751984,2743808
169,1702850032,1787008176,1789858208,2850032
170,1712884144,1797008176,1799892320,2884144
171,1722791488,1807008176,1809799664,2791488
172,1732929136,1817008176,1819937312,2929136
173,1742755472,1827008176,1829763648,2755472
174,1754184368,1837008176,1841192544,4184368
175,1762043616,1847008176,1849051792,2043616
176,1772423152,1857008176,1859431328,2423152
177,1782732256,1867008176,1869740432,2732256
178,1792853264,1877008176,1879861440,2853264
179,1802923616,1887008176,1889931792,2923616
180,1812694304,1897008176,1899702480,2694304
181,1822805216,1907008176,1909813392,2805216
182,1833948544,1917008176,1920956720,3948544
183,1842385344,1927008176,1929393520,2385344
184,1852512432,1937008176,1939520608,2512432
185,1862690624,1947008176,1949698800,2690624
186,1872749440,1957008176,1959757616,2749440
187,1882828704,1967008176,1969836880,2828704
188,1892758080,1977008176,1979766256,2758080
189,1901440704,1987008176,1988448880,1440704
190,1911997120,1997008176,1999005296,1997120
191,1922501232,2007008176,2009509408,2501232
192,1933561760,2017008176,2020569936,3561760
193,1942454000,2027008176,2029462176,2454000
194,1952693456,2037008176,2039701632,2693456
195,1962799280,2047008176,2049807456,2799280
196,1972900160,2057008176,2059908336,2900160
197,1982547280,2067008176,2069555456,2547280
198,1992423712,2077008176,2079431888,2423712
199,2002350960,2087008176,2089359136,2350960
200,2013007088,2097008176,2100015264,3007088
201,2023010672,2107008176,2110018848,3010672
202,2032930640,2117008176,2119938816,2930640
203,2042822640,2127008176,2129830816,2822640
204,2052921168,2137008176,2139929344,2921168
205,2062849440,2147008176,2149857616,2849440
206,2072624848,2157008176,2159633024,2624848
207,2082172672,2167008176,2169180848,2172672
208,2092973424,2177008176,2179981600,2973424
209,2102890720,2187008176,2189898896,2890720
210,2112872544,2197008176,2199880720,2872544
211,2123098544,2207008176,2210106720,3098544
212,2133730400,2217008176,2220738576,3730400
213,2142755600,2227008176,2229763776,2755600
214,2152713760,2237008176,2239721936,2713760
215,2162504352,2247008176,2249512528,2504352
216,2172310640,2257008176,2259318816,2310640
217,2182946608,2267008176,2269954784,2946608
218,2192323600,2277008176,2279331776,2323600
219,2202635984,2287008176,2289644160,2635984
220,2212663136,2297008176,2299671312,2663136
221,2223244832,2307008176,2310253008,3244832
222,2232230944,2317008176,2319239120,2230944
223,2242489440,2327008176,2329497616,2489440
224,2252629968,2337008176,2339638144,2629968
225,2262699728,2347008176,2349707904,2699728
226,2272614592,2357008176,2359622768,2614592
227,2282716512,2367008176,2369724688,2716512
228,2293307296,2377008176,2380315472,3307296
229,2302846432,2387008176,2389854608,2846432
230,2312164464,2397008176,2399172640,2164464
231,2322590544,2407008176,2409598720,2590544
232,2333462144,2417008176,2420470320,3462144
233,2342769376,2427008176,2429777552,2769376
234,2352639632,2437008176,2439647808,2639632
235,2362967760,2447008176,2449975936,2967760
236,2372636144,2457008176,2459644320,2636144
237,2382837904,2467008176,2469846080,2837904
238,2392776992,2477008176,2479785168,2776992
239,2402712832,2487008176,2489721008,2712832
240,2412250416,2497008176,2499258592,2250416
241,2423553424,2507008176,2510561600,3553424
242,2432349808,2517008176,2519357984,2349808
243,2442821968,2527008176,2529830144,2821968
244,2452736480,2537008176,2539744656,2736480
245,2462870752,2547008176,2549878928,2870752
246,2472462544,2557008176,2559470720,2462544
247,2482715824,2567008176,2569724000,2715824
248,2492830224,2577008176,2579838400,2830224
249,2502700048,2587008176,2589708224,2700048
250,2512946000,2597008176,2599954176,2946000
251,2522801152,2607008176,2609809328,2801152
252,2532446848,2617008176,2619455024,2446848
253,2542662528,2627008176,2629670704,2662528
254,2552851264,2637008176,2639859440,2851264
255,2562786288,2647008176,2649794464,2786288
PERIODIC LATENCY CHUNK end=256
256,2572750592,2657008176,2659758768,2750592
257,2582477488,2667008176,2669485664,2477488
258,2592695088,2677008176,2679703264,2695088
259,2603494480,2687008176,2690502656,3494480
260,2612615184,2697008176,2699623360,2615184
261,2623409536,2707008176,2710417712,3409536
262,2632436192,2717008176,2719444368,2436192
263,2643475712,2727008176,2730483888,3475712
264,2652727104,2737008176,2739735280,2727104
265,2662377824,2747008176,2749386000,2377824
266,2673441712,2757008176,2760449888,3441712
267,2682919136,2767008176,2769927312,2919136
268,2692925248,2777008176,2779933424,2925248
269,2703585088,2787008176,2790593264,3585088
270,2712735872,2797008176,2799744048,2735872
271,2723107088,2807008176,2810115264,3107088
272,2733430272,2817008176,2820438448,3430272
273,2742777696,2827008176,2829785872,2777696
274,2753037776,2837008176,2840045952,3037776
275,2762196816,2847008176,2849204992,2196816
276,2772776944,2857008176,2859785120,2776944
277,2783199200,2867008176,2870207376,3199200
278,2793505424,2877008176,2880513600,3505424
279,2803400688,2887008176,2890408864,3400688
280,2812709088,2897008176,2899717264,2709088
281,2822728704,2907008176,2909736880,2728704
282,2833126976,2917008176,2920135152,3126976
283,2842734448,2927008176,2929742624,2734448
284,2852821456,2937008176,2939829632,2821456
285,2862874240,2947008176,2949882416,2874240
286,2872875552,2957008176,2959883728,2875552
287,2882963808,2967008176,2969971984,2963808
288,2892884368,2977008176,2979892544,2884368
289,2902929088,2987008176,2989937264,2929088
290,2912718928,2997008176,2999727104,2718928
291,2923428704,3007008176,3010436880,3428704
292,2932867888,3017008176,3019876064,2867888
293,2942772736,3027008176,3029780912,2772736
294,2953069248,3037008176,3040077424,3069248
295,2962408288,3047008176,3049416464,2408288
296,2973212928,3057008176,3060221104,3212928
297,2982341392,3067008176,3069349568,2341392
298,2992532224,3077008176,3079540400,2532224
299,3002576704,3087008176,3089584880,2576704
300,3013191392,3097008176,3100199568,3191392
301,3022672224,3107008176,3109680400,2672224
302,3032547488,3117008176,3119555664,2547488
303,3042334672,3127008176,3129342848,2334672
304,3052631440,3137008176,3139639616,2631440
305,3063001984,3147008176,3150010160,3001984
306,3072351024,3157008176,3159359200,2351024
307,3082792320,3167008176,3169800496,2792320
308,3092945936,3177008176,3179954112,2945936
309,3102763680,3187008176,3189771856,2763680
310,3112153040,3197008176,3199161216,2153040
311,3122407296,3207008176,3209415472,2407296
312,3132678144,3217008176,3219686320,2678144
313,3143066192,3227008176,3230074368,3066192
314,3153032336,3237008176,3240040512,3032336
315,3162337872,3247008176,3249346048,2337872
316,3172261184,3257008176,3259269360,2261184
317,3182162256,3267008176,3269170432,2162256
318,3192563008,3277008176,3279571184,2563008
319,3202702720,3287008176,3289710896,2702720
320,3212683888,3297008176,3299692064,2683888
321,3222593552,3307008176,3309601728,2593552
322,3232678352,3317008176,3319686528,2678352
323,3242783824,3327008176,3329792000,2783824
324,3252738752,3337008176,3339746928,2738752
325,3262636944,3347008176,3349645120,2636944
326,3272525120,3357008176,3359533296,2525120
327,3282707136,3367008176,3369715312,2707136
328,3293145664,3377008176,3380153840,3145664
329,3302323696,3387008176,3389331872,2323696
330,3312114480,3397008176,3399122656,2114480
331,3322557456,3407008176,3409565632,2557456
332,3332465872,3417008176,3419474048,2465872
333,3342655424,3427008176,3429663600,2655424
334,3353057584,3437008176,3440065760,3057584
335,3362875872,3447008176,3449884048,2875872
336,3373022832,3457008176,3460031008,3022832
337,3382876816,3467008176,3469884992,2876816
338,3392773280,3477008176,3479781456,2773280
339,3402911232,3487008176,3489919408,2911232
340,3412224880,3497008176,3499233056,2224880
341,3422661808,3507008176,3509669984,2661808
342,3432580912,3517008176,3519589088,2580912
343,3442592576,3527008176,3529600752,2592576
344,3452831504,3537008176,3539839680,2831504
345,3462976976,3547008176,3549985152,2976976
346,3473019968,3557008176,3560028144,3019968
347,3482885120,3567008176,3569893296,2885120
348,3492695296,3577008176,3579703472,2695296
349,3502777264,3587008176,3589785440,2777264
350,3512638560,3597008176,3599646736,2638560
351,3522729792,3607008176,3609737968,2729792
352,3532749744,3617008176,3619757920,2749744
353,3542805984,3627008176,3629814160,2805984
354,3552548272,3637008176,3639556448,2548272
355,3562796848,3647008176,3649805024,2796848
356,3572954720,3657008176,3659962896,2954720
357,3582861104,3667008176,3669869280,2861104
358,3592469680,3677008176,3679477856,2469680
359,3602816640,3687008176,3689824816,2816640
360,3612829216,3697008176,3699837392,2829216
361,3622852512,3707008176,3709860688,2852512
362,3632630448,3717008176,3719638624,2630448
363,3642693904,3727008176,3729702080,2693904
364,3652866128,3737008176,3739874304,2866128
365,3662959872,3747008176,3749968048,2959872
366,3672923680,3757008176,3759931856,2923680
367,3682784480,3767008176,3769792656,2784480
368,3692729808,3777008176,3779737984,2729808
369,3702774912,3787008176,3789783088,2774912
370,3712867760,3797008176,3799875936,2867760
371,3723066032,3807008176,3810074208,3066032
372,3732880800,3817008176,3819888976,2880800
373,3742664416,3827008176,3829672592,2664416
374,3752773760,3837008176,3839781936,2773760
375,3762304032,3847008176,3849312208,2304032
376,3772549968,3857008176,3859558144,2549968
377,3782808352,3867008176,3869816528,2808352
378,3792850208,3877008176,3879858384,2850208
379,3802860864,3887008176,3889869040,2860864
380,3812911744,3897008176,3899919920,2911744
381,3822629488,3907008176,3909637664,2629488
382,3832623952,3917008176,3919632128,2623952
383,3842584768,3927008176,3929592944,2584768
384,3852819616,3937008176,3939827792,2819616
385,3862851296,3947008176,3949859472,2851296
386,3872877744,3957008176,3959885920,2877744
387,3882772720,3967008176,3969780896,2772720
388,3892717152,3977008176,3979725328,2717152
389,3902211696,3987008176,3989219872,2211696
390,3912781584,3997008176,3999789760,2781584
391,3922720048,4007008176,4009728224,2720048
392,3932863072,4017008176,4019871248,2863072
393,3942921248,4027008176,4029929424,2921248
394,3952651840,4037008176,4039660016,2651840
395,3962650048,4047008176,4049658224,2650048
396,3972942960,4057008176,4059951136,2942960
397,3982706304,4067008176,4069714480,2706304
398,3992608272,4077008176,4079616448,2608272
399,4002656080,4087008176,4089664256,2656080
400,4012838528,4097008176,4099846704,2838528
401,4023525536,4107008176,4110533712,3525536
402,4032389280,4117008176,4119397456,2389280
403,4042342816,4127008176,4129350992,2342816
404,4052637872,4137008176,4139646048,2637872
405,4062619184,4147008176,4149627360,2619184
406,4072336048,4157008176,4159344224,2336048
407,4082400336,4167008176,4169408512,2400336
408,4092850128,4177008176,4179858304,2850128
409,4102907024,4187008176,4189915200,2907024
410,4112784800,4197008176,4199792976,2784800
411,4122801872,4207008176,4209810048,2801872
412,4132573152,4217008176,4219581328,2573152
413,4142083504,4227008176,4229091680,2083504
414,4152364048,4237008176,4239372224,2364048
415,4161644336,4247008176,4248652512,1644336
416,4171451168,4257008176,4258459344,1451168
417,4181743104,4267008176,4268751280,1743104
418,4191416528,4277008176,4278424704,1416528
419,4201240080,4287008176,4288248256,1240080
420,4211273088,4297008176,4298281264,1273088
421,4221250864,4307008176,4308259040,1250864
422,4231770768,4317008176,4318778944,1770768
423,4242834192,4327008176,4329842368,2834192
424,4252456816,4337008176,4339464992,2456816
425,4263675712,4347008176,4350683888,3675712
426,4272017312,4357008176,4359025488,2017312
427,4283405536,4367008176,4370413712,3405536
428,4293424240,4377008176,4380432416,3424240
429,4303101712,4387008176,4390109888,3101712
430,4312640736,4397008176,4399648912,2640736
431,4322297248,4407008176,4409305424,2297248
432,4332564368,4417008176,4419572544,2564368
433,4342677936,4427008176,4429686112,2677936
434,4353331952,4437008176,4440340128,3331952
435,4362475264,4447008176,4449483440,2475264
436,4372957712,4457008176,4459965888,2957712
437,4382584352,4467008176,4469592528,2584352
438,4393103200,4477008176,4480111376,3103200
439,4402314432,4487008176,4489322608,2314432
440,4412382416,4497008176,4499390592,2382416
441,4422715216,4507008176,4509723392,2715216
442,4432581344,4517008176,4519589520,2581344
443,4442561024,4527008176,4529569200,2561024
444,4452683584,4537008176,4539691760,2683584
445,4462654848,4547008176,4549663024,2654848
446,4472538720,4557008176,4559546896,2538720
447,4482937168,4567008176,4569945344,2937168
448,4492352240,4577008176,4579360416,2352240
449,4502543904,4587008176,4589552080,2543904
450,4512196928,4597008176,4599205104,2196928
451,4523058608,4607008176,4610066784,3058608
452,4532974128,4617008176,4619982304,2974128
453,4542723632,4627008176,4629731808,2723632
454,4553481728,4637008176,4640489904,3481728
455,4562967632,4647008176,4649975808,2967632
456,4572965856,4657008176,4659974032,2965856
457,4582754784,4667008176,4669762960,2754784
458,4592744944,4677008176,4679753120,2744944
459,4602734160,4687008176,4689742336,2734160
460,4613314944,4697008176,4700323120,3314944
461,4622274192,4707008176,4709282368,2274192
462,4632406000,4717008176,4719414176,2406000
463,4642660496,4727008176,4729668672,2660496
464,4653369536,4737008176,4740377712,3369536
465,4662903168,4747008176,4749911344,2903168
466,4672394752,4757008176,4759402928,2394752
467,4682681392,4767008176,4769689568,2681392
468,4692897552,4777008176,4779905728,2897552
469,4702764128,4787008176,4789772304,2764128
470,4712723264,4797008176,4799731440,2723264
471,4722494720,4807008176,4809502896,2494720
472,4732692704,4817008176,4819700880,2692704
473,4742876288,4827008176,4829884464,2876288
474,4752835744,4837008176,4839843920,2835744
475,4762320928,4847008176,4849329104,2320928
476,4772633424,4857008176,4859641600,2633424
477,4782591616,4867008176,4869599792,2591616
478,4792664656,4877008176,4879672832,2664656
479,4802620384,4887008176,4889628560,2620384
480,4812588800,4897008176,4899596976,2588800
481,4822579632,4907008176,4909587808,2579632
482,4832520512,4917008176,4919528688,2520512
483,4842580048,4927008176,4929588224,2580048
484,4852616496,4937008176,4939624672,2616496
485,4862746688,4947008176,4949754864,2746688
486,4872701168,4957008176,4959709344,2701168
487,4882765152,4967008176,4969773328,2765152
488,4892601504,4977008176,4979609680,2601504
489,4902753392,4987008176,4989761568,2753392
490,4912240976,4997008176,4999249152,2240976
491,4922978608,5007008176,5009986784,2978608
492,4932361296,5017008176,5019369472,2361296
493,4942440992,5027008176,5029449168,2440992
494,4952621728,5037008176,5039629904,2621728
495,4962509792,5047008176,5049517968,2509792
496,4972627456,5057008176,5059635632,2627456
497,4982607872,5067008176,5069616048,2607872
498,4992530512,5077008176,5079538688,2530512
499,5002549728,5087008176,5089557904,2549728
500,5012633488,5097008176,5099641664,2633488
501,5022565616,5107008176,5109573792,2565616
502,5032618496,5117008176,5119626672,2618496
503,5043181760,5127008176,5130189936,3181760
504,5052452896,5137008176,5139461072,2452896
505,5062505728,5147008176,5149513904,2505728
506,5072235216,5157008176,5159243392,2235216
507,5082537584,5167008176,5169545760,2537584
508,5092070736,5177008176,5179078912,2070736
509,5102980528,5187008176,5189988704,2980528
510,5113156832,5197008176,5200165008,3156832
511,5122685056,5207008176,5209693232,2685056
PERIODIC LATENCY CHUNK end=512
512,5132786720,5217008176,5219794896,2786720
513,5142685776,5227008176,5229693952,2685776
514,5153305520,5237008176,5240313696,3305520
515,5163554272,5247008176,5250562448,3554272
516,5172870368,5257008176,5259878544,2870368
517,5183069280,5267008176,5270077456,3069280
518,5192695184,5277008176,5279703360,2695184
519,5203376864,5287008176,5290385040,3376864
520,5212709680,5297008176,5299717856,2709680
521,5223107248,5307008176,5310115424,3107248
522,5232802752,5317008176,5319810928,2802752
523,5243232128,5327008176,5330240304,3232128
524,5252862464,5337008176,5339870640,2862464
525,5263162128,5347008176,5350170304,3162128
526,5273148832,5357008176,5360157008,3148832
527,5282619280,5367008176,5369627456,2619280
528,5292753936,5377008176,5379762112,2753936
529,5302836912,5387008176,5389845088,2836912
530,5312164352,5397008176,5399172528,2164352
531,5322442208,5407008176,5409450384,2442208
532,5332149712,5417008176,5419157888,2149712
533,5342349072,5427008176,5429357248,2349072
534,5352634768,5437008176,5439642944,2634768
535,5362682320,5447008176,5449690496,2682320
536,5372712688,5457008176,5459720864,2712688
537,5382787104,5467008176,5469795280,2787104
538,5392682608,5477008176,5479690784,2682608
539,5402658704,5487008176,5489666880,2658704
540,5412248032,5497008176,5499256208,2248032
541,5422424944,5507008176,5509433120,2424944
542,5432576768,5517008176,5519584944,2576768
543,5442694784,5527008176,5529702960,2694784
544,5452683264,5537008176,5539691440,2683264
545,5462651072,5547008176,5549659248,2651072
546,5472681200,5557008176,5559689376,2681200
547,5482783728,5567008176,5569791904,2783728
548,5493337088,5577008176,5580345264,3337088
549,5502550432,5587008176,5589558608,2550432
550,5512456160,5597008176,5599464336,2456160
551,5522570400,5607008176,5609578576,2570400
552,5532713024,5617008176,5619721200,2713024
553,5542362688,5627008176,5629370864,2362688
554,5552606752,5637008176,5639614928,2606752
555,5562513264,5647008176,5649521440,2513264
556,5572559040,5657008176,5659567216,2559040
557,5582546992,5667008176,5669555168,2546992
558,5592534704,5677008176,5679542880,2534704
559,5602820944,5687008176,5689829120,2820944
560,5612635824,5697008176,5699644000,2635824
561,5622841456,5707008176,5709849632,2841456
562,5632614560,5717008176,5719622736,2614560
563,5642821984,5727008176,5729830160,2821984
564,5653436208,5737008176,5740444384,3436208
565,5662546384,5747008176,5749554560,2546384
566,5673086768,5757008176,5760094944,3086768
567,5682521584,5767008176,5769529760,2521584
568,5692782640,5777008176,5779790816,2782640
569,5702735536,5787008176,5789743712,2735536
570,5712578976,5797008176,5799587152,2578976
571,5722352016,5807008176,5809360192,2352016
572,5732606592,5817008176,5819614768,2606592
573,5742630368,5827008176,5829638544,2630368
574,5753443760,5837008176,5840451936,3443760
575,5762218144,5847008176,5849226320,2218144
576,5772645056,5857008176,5859653232,2645056
577,5782677088,5867008176,5869685264,2677088
578,5792505072,5877008176,5879513248,2505072
579,5802462608,5887008176,5889470784,2462608
580,5813028720,5897008176,5900036896,3028720
581,5822182688,5907008176,5909190864,2182688
582,5832520144,5917008176,5919528320,2520144
583,5842736208,5927008176,5929744384,2736208
584,5853001056,5937008176,5940009232,3001056
585,5862753152,5947008176,5949761328,2753152
586,5873030352,5957008176,5960038528,3030352
587,5882745792,5967008176,5969753968,2745792
588,5892693792,5977008176,5979701968,2693792
589,5901412672,5987008176,5988420848,1412672
590,5912439408,5997008176,5999447584,2439408
591,5922908928,6007008176,6009917104,2908928
592,5932950064,6017008176,6019958240,2950064
593,5943242528,6027008176,6030250704,3242528
594,5953293872,6037008176,6040302048,3293872
595,5962612368,6047008176,6049620544,2612368
596,5973428592,6057008176,6060436768,3428592
597,5982613424,6067008176,6069621600,2613424
598,5993198976,6077008176,6080207152,3198976
599,6002713264,6087008176,6089721440,2713264
600,6012863616,6097008176,6099871792,2863616
601,6022604608,6107008176,6109612784,2604608
602,6032996464,6117008176,6120004640,2996464
603,6042804560,6127008176,6129812736,2804560
604,6052826960,6137008176,6139835136,2826960
605,6063228960,6147008176,6150237136,3228960
606,6073107552,6157008176,6160115728,3107552
607,6083302848,6167008176,6170311024,3302848
608,6092924080,6177008176,6179932256,2924080
609,6103113696,6187008176,6190121872,3113696
610,6112877344,6197008176,6199885520,2877344
611,6123329920,6207008176,6210338096,3329920
612,6133700128,6217008176,6220708304,3700128
613,6142180608,6227008176,6229188784,2180608
614,6152747616,6237008176,6239755792,2747616
615,6162965888,6247008176,6249974064,2965888
616,6173000704,6257008176,6260008880,3000704
617,6182192336,6267008176,6269200512,2192336
618,6192803968,6277008176,6279812144,2803968
619,6202956528,6287008176,6289964704,2956528
620,6212737536,6297008176,6299745712,2737536
621,6222429440,6307008176,6309437616,2429440
622,6232867664,6317008176,6319875840,2867664
623,6242502656,6327008176,6329510832,2502656
624,6252791168,6337008176,6339799344,2791168
625,6262748800,6347008176,6349756976,2748800
626,6272648704,6357008176,6359656880,2648704
627,6282961536,6367008176,6369969712,2961536
628,6293600000,6377008176,6380608176,3600000
629,6303245040,6387008176,6390253216,3245040
630,6312177184,6397008176,6399185360,2177184
631,6322369904,6407008176,6409378080,2369904
632,6332854736,6417008176,6419862912,2854736
633,6342853744,6427008176,6429861920,2853744
634,6352803760,6437008176,6439811936,2803760
635,6362860672,6447008176,6449868848,2860672
636,6372721424,6457008176,6459729600,2721424
637,6382881584,6467008176,6469889760,2881584
638,6392791392,6477008176,6479799568,2791392
639,6402748304,6487008176,6489756480,2748304
640,6412249584,6497008176,6499257760,2249584
641,6422393536,6507008176,6509401712,2393536
642,6432656096,6517008176,6519664272,2656096
643,6442800912,6527008176,6529809088,2800912
644,6452723328,6537008176,6539731504,2723328
645,6462765648,6547008176,6549773824,2765648
646,6472774144,6557008176,6559782320,2774144
647,6482673408,6567008176,6569681584,2673408
648,6492549136,6577008176,6579557312,2549136
649,6502830336,6587008176,6589838512,2830336
650,6512959520,6597008176,6599967696,2959520
651,6522820576,6607008176,6609828752,2820576
652,6533044880,6617008176,6620053056,3044880
653,6543137008,6627008176,6630145184,3137008
654,6552522640,6637008176,6639530816,2522640
655,6562678848,6647008176,6649687024,2678848
656,6572861696,6657008176,6659869872,2861696
657,6582971136,6667008176,6669979312,2971136
658,6593032992,6677008176,6680041168,3032992
659,6602812032,6687008176,6689820208,2812032
660,6612946096,6697008176,6699954272,2946096
661,6622995648,6707008176,6710003824,2995648
662,6632810528,6717008176,6719818704,2810528
663,6643198256,6727008176,6730206432,3198256
664,6653138880,6737008176,6740147056,3138880
665,6662706672,6747008176,6749714848,2706672
666,6672246672,6757008176,6759254848,2246672
667,6682869040,6767008176,6769877216,2869040
668,6693319360,6777008176,6780327536,3319360
669,6703298448,6787008176,6790306624,3298448
670,6713204096,6797008176,6800212272,3204096
671,6722510368,6807008176,6809518544,2510368
672,6732342432,6817008176,6819350608,2342432
673,6742485088,6827008176,6829493264,2485088
674,6752988896,6837008176,6839997072,2988896
675,6762436208,6847008176,6849444384,2436208
676,6772921968,6857008176,6859930144,2921968
677,6782455600,6867008176,6869463776,2455600
678,6792746016,6877008176,6879754192,2746016
679,6802665952,6887008176,6889674128,2665952
680,6812835504,6897008176,6899843680,2835504
681,6822618160,6907008176,6909626336,2618160
682,6832816208,6917008176,6919824384,2816208
683,6842805920,6927008176,6929814096,2805920
684,6852902768,6937008176,6939910944,2902768
685,6862839744,6947008176,6949847920,2839744
686,6872446880,6957008176,6959455056,2446880
687,6882653696,6967008176,6969661872,2653696
688,6892740000,6977008176,6979748176,2740000
689,6902608176,6987008176,6989616352,2608176
690,6912092656,6997008176,6999100832,2092656
691,6922606992,7007008176,7009615168,2606992
692,6932946896,7017008176,7019955072,2946896
693,6942686432,7027008176,7029694608,2686432
694,6952848080,7037008176,7039856256,2848080
695,6962966656,7047008176,7049974832,2966656
696,6972722448,7057008176,7059730624,2722448
697,6982845440,7067008176,7069853616,2845440
698,6992393056,7077008176,7079401232,2393056
699,7002493872,7087008176,7089502048,2493872
700,7012934416,7097008176,7099942592,2934416
701,7022376688,7107008176,7109384864,2376688
702,7032620608,7117008176,7119628784,2620608
703,7042607920,7127008176,7129616096,2607920
704,7052779520,7137008176,7139787696,2779520
705,7063394144,7147008176,7150402320,3394144
706,7072607024,7157008176,7159615200,2607024
707,7082437760,7167008176,7169445936,2437760
708,7092652624,7177008176,7179660800,2652624
709,7102924816,7187008176,7189932992,2924816
710,7112799280,7197008176,7199807456,2799280
711,7122661888,7207008176,7209670064,2661888
712,7132816016,7217008176,7219824192,2816016
713,7141988192,7227008176,7228996368,1988192
714,7152713616,7237008176,7239721792,2713616
715,7163027488,7247008176,7250035664,3027488
716,7171521488,7257008176,7258529664,1521488
717,7181159296,7267008176,7268167472,1159296
718,7191680544,7277008176,7278688720,1680544
719,7202682272,7287008176,7289690448,2682272
720,7212254448,7297008176,7299262624,2254448
721,7221089536,7307008176,7308097712,1089536
722,7231254016,7317008176,7318262192,1254016
723,7241134880,7327008176,7328143056,1134880
724,7251236416,7337008176,7338244592,1236416
725,7261386432,7347008176,7348394608,1386432
726,7271222672,7357008176,7358230848,1222672
727,7281228656,7367008176,7368236832,1228656
728,7292049216,7377008176,7379057392,2049216
729,7302376304,7387008176,7389384480,2376304
730,7312205136,7397008176,7399213312,2205136
731,7322502592,7407008176,7409510768,2502592
732,7332913808,7417008176,7419921984,2913808
733,7342687456,7427008176,7429695632,2687456
734,7352924528,7437008176,7439932704,2924528
735,7363301392,7447008176,7450309568,3301392
736,7372744976,7457008176,7459753152,2744976
737,7382755136,7467008176,7469763312,2755136
738,7392599568,7477008176,7479607744,2599568
739,7402656224,7487008176,7489664400,2656224
740,7412092208,7497008176,7499100384,2092208
741,7422635008,7507008176,7509643184,2635008
742,7433191616,7517008176,7520199792,3191616
743,7442601184,7527008176,7529609360,2601184
744,7453168112,7537008176,7540176288,3168112
745,7463100848,7547008176,7550109024,3100848
746,7472988880,7557008176,7559997056,2988880
747,7483757056,7567008176,7570765232,3757056
748,7492941856,7577008176,7579950032,2941856
749,7502806432,7587008176,7589814608,2806432
750,7512774928,7597008176,7599783104,2774928
751,7522632144,7607008176,7609640320,2632144
752,7533556576,7617008176,7620564752,3556576
753,7542594608,7627008176,7629602784,2594608
754,7552820736,7637008176,7639828912,2820736
755,7562733520,7647008176,7649741696,2733520
756,7572918880,7657008176,7659927056,2918880
757,7582764736,7667008176,7669772912,2764736
758,7592850480,7677008176,7679858656,2850480
759,7602736112,7687008176,7689744288,2736112
760,7612880048,7697008176,7699888224,2880048
761,7623266960,7707008176,7710275136,3266960
762,7632637792,7717008176,7719645968,2637792
763,7642847232,7727008176,7729855408,2847232
764,7653265712,7737008176,7740273888,3265712
765,7662852480,7747008176,7749860656,2852480
766,7672827808,7757008176,7759835984,2827808
767,7682807184,7767008176,7769815360,2807184
PERIODIC LATENCY CHUNK end=768
768,7693070432,7777008176,7780078608,3070432
769,7702791648,7787008176,7789799824,2791648
770,7713477168,7797008176,7800485344,3477168
771,7722669024,7807008176,7809677200,2669024
772,7732790624,7817008176,7819798800,2790624
773,7742780608,7827008176,7829788784,2780608
774,7752735344,7837008176,7839743520,2735344
775,7762353584,7847008176,7849361760,2353584
776,7772997312,7857008176,7860005488,2997312
777,7782685040,7867008176,7869693216,2685040
778,7793373680,7877008176,7880381856,3373680
779,7802939872,7887008176,7889948048,2939872
780,7812842944,7897008176,7899851120,2842944
781,7822622368,7907008176,7909630544,2622368
782,7833017360,7917008176,7920025536,3017360
783,7842620592,7927008176,7929628768,2620592
784,7853532960,7937008176,7940541136,3532960
785,7863022000,7947008176,7950030176,3022000
786,7873079232,7957008176,7960087408,3079232
787,7883009856,7967008176,7970018032,3009856
788,7893200144,7977008176,7980208320,3200144
789,7902346736,7987008176,7989354912,2346736
790,7912885648,7997008176,7999893824,2885648
791,7922705056,8007008176,8009713232,2705056
792,7933384464,8017008176,8020392640,3384464
793,7942725136,8027008176,8029733312,2725136
794,7952927712,8037008176,8039935888,2927712
795,7962814400,8047008176,8049822576,2814400
796,7973318272,8057008176,8060326448,3318272
797,7982592944,8067008176,8069601120,2592944
798,7992542304,8077008176,8079550480,2542304
799,8002991344,8087008176,8089999520,2991344
800,8012684704,8097008176,8099692880,2684704
801,8022712880,8107008176,8109721056,2712880
802,8033142128,8117008176,8120150304,3142128
803,8042963312,8127008176,8129971488,2963312
804,8053276336,8137008176,8140284512,3276336
805,8062719456,8147008176,8149727632,2719456
806,8072476224,8157008176,8159484400,2476224
807,8082689536,8167008176,8169697712,2689536
808,8092718848,8177008176,8179727024,2718848
809,8102910128,8187008176,8189918304,2910128
810,8112676640,8197008176,8199684816,2676640
811,8122656896,8207008176,8209665072,2656896
812,8132694224,8217008176,8219702400,2694224
813,8142669328,8227008176,8229677504,2669328
814,8152480592,8237008176,8239488768,2480592
815,8162776208,8247008176,8249784384,2776208
816,8172600368,8257008176,8259608544,2600368
817,8182349856,8267008176,8269358032,2349856
818,8192824080,8277008176,8279832256,2824080
819,8202801360,8287008176,8289809536,2801360
820,8212745616,8297008176,8299753792,2745616
821,8223225120,8307008176,8310233296,3225120
822,8233053184,8317008176,8320061360,3053184
823,8243048768,8327008176,8330056944,3048768
824,8252640992,8337008176,8339649168,2640992
825,8262789008,8347008176,8349797184,2789008
826,8272446608,8357008176,8359454784,2446608
827,8282920048,8367008176,8369928224,2920048
828,8293038832,8377008176,8380047008,3038832
829,8302996512,8387008176,8390004688,2996512
830,8311835568,8397008176,8398843744,1835568
831,8321775568,8407008176,8408783744,1775568
832,8332344304,8417008176,8419352480,2344304
833,8342550256,8427008176,8429558432,2550256
834,8352841312,8437008176,8439849488,2841312
835,8362902848,8447008176,8449911024,2902848
836,8372903824,8457008176,8459912000,2903824
837,8382787840,8467008176,8469796016,2787840
838,8392753440,8477008176,8479761616,2753440
839,8402602144,8487008176,8489610320,2602144
840,8411210272,8497008176,8498218448,1210272
841,8421210784,8507008176,8508218960,1210784
842,8431279872,8517008176,8518288048,1279872
843,8441104224,8527008176,8528112400,1104224
844,8451268688,8537008176,8538276864,1268688
845,8461364960,8547008176,8548373136,1364960
846,8471175184,8557008176,8558183360,1175184
847,8481209344,8567008176,8568217520,1209344
848,8491141872,8577008176,8578150048,1141872
849,8501158352,8587008176,8588166528,1158352
850,8511156160,8597008176,8598164336,1156160
851,8521802480,8607008176,8608810656,1802480
852,8531761584,8617008176,8618769760,1761584
853,8541698432,8627008176,8628706608,1698432
854,8551190864,8637008176,8638199040,1190864
855,8561183616,8647008176,8648191792,1183616
856,8571188832,8657008176,8658197008,1188832
857,8581211552,8667008176,8668219728,1211552
858,8591183248,8677008176,8678191424,1183248
859,8601144352,8687008176,8688152528,1144352
860,8611241824,8697008176,8698250000,1241824
861,8621094832,8707008176,8708103008,1094832
862,8631144320,8717008176,8718152496,1144320
863,8641430144,8727008176,8728438320,1430144
864,8651276384,8737008176,8738284560,1276384
865,8661852576,8747008176,8748860752,1852576
866,8671255104,8757008176,8758263280,1255104
867,8681305696,8767008176,8768313872,1305696
868,8691155568,8777008176,8778163744,1155568
869,8701148944,8787008176,8788157120,1148944
870,8711187408,8797008176,8798195584,1187408
871,8721010896,8807008176,8808019072,1010896
872,8731042704,8817008176,8818050880,1042704
873,8741157744,8827008176,8828165920,1157744
874,8751040976,8837008176,8838049152,1040976
875,8761169696,8847008176,8848177872,1169696
876,8770800208,8857008176,8857808384,800208
877,8780783136,8867008176,8867791312,783136
878,8791073872,8877008176,8878082048,1073872
879,8801001328,8887008176,8888009504,1001328
880,8811191376,8897008176,8898199552,1191376
881,8822058160,8907008176,8909066336,2058160
882,8832158720,8917008176,8919166896,2158720
883,8841938368,8927008176,8928946544,1938368
884,8851855440,8937008176,8938863616,1855440
885,8862293696,8947008176,8949301872,2293696
886,8871721120,8957008176,8958729296,1721120
887,8882015680,8967008176,8969023856,2015680
888,8891901968,8977008176,8978910144,1901968
889,8902015280,8987008176,8989023456,2015280
890,8911505008,8997008176,8998513184,1505008
891,8921871312,9007008176,9008879488,1871312
892,8932304480,9017008176,9019312656,2304480
893,8941866592,9027008176,9028874768,1866592
894,8951578848,9037008176,9038587024,1578848
895,8961541488,9047008176,9048549664,1541488
896,8971384832,9057008176,9058393008,1384832
897,8981413408,9067008176,9068421584,1413408
898,8991369920,9077008176,9078378096,1369920
899,9001427824,9087008176,9088436000,1427824
900,9011567008,9097008176,9098575184,1567008
901,9021486160,9107008176,9108494336,1486160
902,9031586736,9117008176,9118594912,1586736
903,9041629280,9127008176,9128637456,1629280
904,9051481936,9137008176,9138490112,1481936
905,9061361120,9147008176,9148369296,1361120
906,9071446896,9157008176,9158455072,1446896
907,9083071312,9167008176,9170079488,3071312
908,9091801376,9177008176,9178809552,1801376
909,9101409232,9187008176,9188417408,1409232
910,9111386064,9197008176,9198394240,1386064
911,9121411296,9207008176,9208419472,1411296
912,9131689888,9217008176,9218698064,1689888
913,9141468448,9227008176,9228476624,1468448
914,9151436704,9237008176,9238444880,1436704
915,9161382112,9247008176,9248390288,1382112
916,9171375376,9257008176,9258383552,1375376
917,9181396208,9267008176,9268404384,1396208
918,9191708272,9277008176,9278716448,1708272
919,9201705840,9287008176,9288714016,1705840
920,9211831360,9297008176,9298839536,1831360
921,9221199552,9307008176,9308207728,1199552
922,9231237200,9317008176,9318245376,1237200
923,9241200176,9327008176,9328208352,1200176
924,9251211872,9337008176,9338220048,1211872
925,9261214752,9347008176,9348222928,1214752
926,9271241696,9357008176,9358249872,1241696
927,9281021360,9367008176,9368029536,1021360
928,9291013296,9377008176,9378021472,1013296
929,9300944048,9387008176,9387952224,944048
930,9311097904,9397008176,9398106080,1097904
931,9320837456,9407008176,9407845632,837456
932,9331130144,9417008176,9418138320,1130144
933,9341155680,9427008176,9428163856,1155680
934,9351168768,9437008176,9438176944,1168768
935,9361087504,9447008176,9448095680,1087504
936,9371625936,9457008176,9458634112,1625936
937,9381249120,9467008176,9468257296,1249120
938,9391222736,9477008176,9478230912,1222736
939,9401088880,9487008176,9488097056,1088880
940,9411189104,9497008176,9498197280,1189104
941,9421007184,9507008176,9508015360,1007184
942,9431026464,9517008176,9518034640,1026464
943,9441078576,9527008176,9528086752,1078576
944,9451051648,9537008176,9538059824,1051648
945,9461183712,9547008176,9548191888,1183712
946,9471135280,9557008176,9558143456,1135280
947,9480915008,9567008176,9567923184,915008
948,9491086784,9577008176,9578094960,1086784
949,9500977056,9587008176,9587985232,977056
950,9511466640,9597008176,9598474816,1466640
951,9521566864,9607008176,9608575040,1566864
952,9531453232,9617008176,9618461408,1453232
953,9541478976,9627008176,9628487152,1478976
954,9552021328,9637008176,9639029504,2021328
955,9562349296,9647008176,9649357472,2349296
956,9572301120,9657008176,9659309296,2301120
957,9582763040,9667008176,9669771216,2763040
958,9592690032,9677008176,9679698208,2690032
959,9602825152,9687008176,9689833328,2825152
960,9612934368,9697008176,9699942544,2934368
961,9622702576,9707008176,9709710752,2702576
962,9632929344,9717008176,9719937520,2929344
963,9643360384,9727008176,9730368560,3360384
964,9653154320,9737008176,9740162496,3154320
965,9662679184,9747008176,9749687360,2679184
966,9672732896,9757008176,9759741072,2732896
967,9682716944,9767008176,9769725120,2716944
968,9692609232,9777008176,9779617408,2609232
969,9702666656,9787008176,9789674832,2666656
970,9712612224,9797008176,9799620400,2612224
971,9723256736,9807008176,9810264912,3256736
972,9732610736,9817008176,9819618912,2610736
973,9742896976,9827008176,9829905152,2896976
974,9752715856,9837008176,9839724032,2715856
975,9762175312,9847008176,9849183488,2175312
976,9772630944,9857008176,9859639120,2630944
977,9782618352,9867008176,9869626528,2618352
978,9792767584,9877008176,9879775760,2767584
979,9802641648,9887008176,9889649824,2641648
980,9812440624,9897008176,9899448800,2440624
981,9823343328,9907008176,9910351504,3343328
982,9832648896,9917008176,9919657072,2648896
983,9842908512,9927008176,9929916688,2908512
984,9852743600,9937008176,9939751776,2743600
985,9862714256,9947008176,9949722432,2714256
986,9872917840,9957008176,9959926016,2917840
987,9882827360,9967008176,9969835536,2827360
988,9892626816,9977008176,9979634992,2626816
989,9902060112,9987008176,9989068288,2060112
990,9912432864,9997008176,9999441040,2432864
991,9922774992,10007008176,10009783168,2774992
992,9932556368,10017008176,10019564544,2556368
993,9942675392,10027008176,10029683568,2675392
994,9952736096,10037008176,10039744272,2736096
995,9962672480,10047008176,10049680656,2672480
996,9972691472,10057008176,10059699648,2691472
997,9982731568,10067008176,10069739744,2731568
998,9992670208,10077008176,10079678384,2670208
999,10002868944,10087008176,10089877120,2868944
1000,10012240192,10097008176,10099248368,2240192
1001,10022656576,10107008176,10109664752,2656576
1002,10033512736,10117008176,10120520912,3512736
1003,10042637600,10127008176,10129645776,2637600
1004,10052733648,10137008176,10139741824,2733648
1005,10062769296,10147008176,10149777472,2769296
1006,10072411936,10157008176,10159420112,2411936
1007,10082837136,10167008176,10169845312,2837136
1008,10092885296,10177008176,10179893472,2885296
1009,10102650336,10187008176,10189658512,2650336
1010,10112367776,10197008176,10199375952,2367776
1011,10122897248,10207008176,10209905424,2897248
1012,10132792832,10217008176,10219801008,2792832
1013,10142298528,10227008176,10229306704,2298528
1014,10153411248,10237008176,10240419424,3411248
1015,10163292560,10247008176,10250300736,3292560
1016,10172661376,10257008176,10259669552,2661376
1017,10182319168,10267008176,10269327344,2319168
1018,10192531152,10277008176,10279539328,2531152
1019,10202785856,10287008176,10289794032,2785856
1020,10212370656,10297008176,10299378832,2370656
1021,10222826608,10307008176,10309834784,2826608
1022,10232756032,10317008176,10319764208,2756032
1023,10242684864,10327008176,10329693040,2684864
PERIODIC LATENCY CHUNK end=1024
1024,10252709216,10337008176,10339717392,2709216
1025,10262579088,10347008176,10349587264,2579088
1026,10272011408,10357008176,10359019584,2011408
1027,10281425776,10367008176,10368433952,1425776
1028,10291149328,10377008176,10378157504,1149328
1029,10301361072,10387008176,10388369248,1361072
1030,10311226528,10397008176,10398234704,1226528
1031,10321003552,10407008176,10408011728,1003552
1032,10330997392,10417008176,10418005568,997392
1033,10341250720,10427008176,10428258896,1250720
1034,10351158288,10437008176,10438166464,1158288
1035,10360945200,10447008176,10447953376,945200
1036,10371925296,10457008176,10458933472,1925296
1037,10383620384,10467008176,10470628560,3620384
1038,10392703408,10477008176,10479711584,2703408
1039,10402474176,10487008176,10489482352,2474176
1040,10412718384,10497008176,10499726560,2718384
1041,10422461888,10507008176,10509470064,2461888
1042,10432988960,10517008176,10519997136,2988960
1043,10442798560,10527008176,10529806736,2798560
1044,10452665552,10537008176,10539673728,2665552
1045,10462661888,10547008176,10549670064,2661888
1046,10472751840,10557008176,10559760016,2751840
1047,10481744240,10567008176,10568752416,1744240
1048,10490974896,10577008176,10577983072,974896
1049,10500943232,10587008176,10587951408,943232
1050,10511060224,10597008176,10598068400,1060224
1051,10521044160,10607008176,10608052336,1044160
1052,10531007712,10617008176,10618015888,1007712
1053,10540974640,10627008176,10627982816,974640
1054,10550957520,10637008176,10637965696,957520
1055,10561156320,10647008176,10648164496,1156320
1056,10571161456,10657008176,10658169632,1161456
1057,10581164816,10667008176,10668172992,1164816
1058,10590979424,10677008176,10677987600,979424
1059,10600967872,10687008176,10687976048,967872
1060,10611170912,10697008176,10698179088,1170912
1061,10620975984,10707008176,10707984160,975984
1062,10630955872,10717008176,10717964048,955872
1063,10640846208,10727008176,10727854384,846208
1064,10650870112,10737008176,10737878288,870112
1065,10661096160,10747008176,10748104336,1096160
1066,10671063440,10757008176,10758071616,1063440
1067,10681470752,10767008176,10768478928,1470752
1068,10691685296,10777008176,10778693472,1685296
1069,10701563152,10787008176,10788571328,1563152
1070,10711500848,10797008176,10798509024,1500848
1071,10721429568,10807008176,10808437744,1429568
1072,10731575616,10817008176,10818583792,1575616
1073,10741023936,10827008176,10828032112,1023936
1074,10750980384,10837008176,10837988560,980384
1075,10761276768,10847008176,10848284944,1276768
1076,10770913840,10857008176,10857922016,913840
1077,10781159904,10867008176,10868168080,1159904
1078,10791039600,10877008176,10878047776,1039600
1079,10800897536,10887008176,10887905712,897536
1080,10811225600,10897008176,10898233776,1225600
1081,10820959120,10907008176,10907967296,959120
1082,10830856336,10917008176,10917864512,856336
1083,10840853872,10927008176,10927862048,853872
1084,10850945024,10937008176,10937953200,945024
1085,10860989072,10947008176,10947997248,989072
1086,10871411504,10957008176,10958419680,1411504
1087,10881180112,10967008176,10968188288,1180112
1088,10891063680,10977008176,10978071856,1063680
1089,10901185152,10987008176,10988193328,1185152
1090,10911394176,10997008176,10998402352,1394176
1091,10921346448,11007008176,11008354624,1346448
1092,10930981104,11017008176,11017989280,981104
1093,10940886320,11027008176,11027894496,886320
1094,10951608464,11037008176,11038616640,1608464
1095,10962655552,11047008176,11049663728,2655552
1096,10972509360,11057008176,11059517536,2509360
1097,10982561984,11067008176,11069570160,2561984
1098,10992672896,11077008176,11079681072,2672896
1099,11002766080,11087008176,11089774256,2766080
1100,11011938800,11097008176,11098946976,1938800
1101,11022650256,11107008176,11109658432,2650256
1102,11032744368,11117008176,11119752544,2744368
1103,11042525056,11127008176,11129533232,2525056
1104,11052583792,11137008176,11139591968,2583792
1105,11061330000,11147008176,11148338176,1330000
1106,11072300784,11157008176,11159308960,2300784
1107,11082005024,11167008176,11169013200,2005024
1108,11092648848,11177008176,11179657024,2648848
1109,11102570832,11187008176,11189579008,2570832
1110,11112618624,11197008176,11199626800,2618624
1111,11122612944,11207008176,11209621120,2612944
1112,11132886640,11217008176,11219894816,2886640
1113,11142225616,11227008176,11229233792,2225616
1114,11152712192,11237008176,11239720368,2712192
1115,11162865456,11247008176,11249873632,2865456
1116,11173043776,11257008176,11260051952,3043776
1117,11182329680,11267008176,11269337856,2329680
1118,11192583392,11277008176,11279591568,2583392
1119,11202323920,11287008176,11289332096,2323920
1120,11212566576,11297008176,11299574752,2566576
1121,11222830864,11307008176,11309839040,2830864
1122,11233081520,11317008176,11320089696,3081520
1123,11242837504,11327008176,11329845680,2837504
1124,11252746640,11337008176,11339754816,2746640
1125,11262707808,11347008176,11349715984,2707808
1126,11272278464,11357008176,11359286640,2278464
1127,11282711568,11367008176,11369719744,2711568
1128,11292911104,11377008176,11379919280,2911104
1129,11302712208,11387008176,11389720384,2712208
1130,11312621664,11397008176,11399629840,2621664
1131,11322112112,11407008176,11409120288,2112112
1132,11332467232,11417008176,11419475408,2467232
1133,11342311808,11427008176,11429319984,2311808
1134,11351235328,11437008176,11438243504,1235328
1135,11361827168,11447008176,11448835344,1827168
1136,11373175984,11457008176,11460184160,3175984
1137,11382767520,11467008176,11469775696,2767520
1138,11393490800,11477008176,11480498976,3490800
1139,11402751056,11487008176,11489759232,2751056
1140,11412131824,11497008176,11499140000,2131824
1141,11422575024,11507008176,11509583200,2575024
1142,11432808720,11517008176,11519816896,2808720
1143,11443351872,11527008176,11530360048,3351872
1144,11453426464,11537008176,11540434640,3426464
1145,11462664128,11547008176,11549672304,2664128
1146,11472807744,11557008176,11559815920,2807744
1147,11483274032,11567008176,11570282208,3274032
1148,11492631264,11577008176,11579639440,2631264
1149,11502572544,11587008176,11589580720,2572544
1150,11511945520,11597008176,11598953696,1945520
1151,11522222400,11607008176,11609230576,2222400
1152,11532468976,11617008176,11619477152,2468976
1153,11543125184,11627008176,11630133360,3125184
1154,11553596608,11637008176,11640604784,3596608
1155,11562699552,11647008176,11649707728,2699552
1156,11572660832,11657008176,11659669008,2660832
1157,11582697968,11667008176,11669706144,2697968
1158,11592639104,11677008176,11679647280,2639104
1159,11602601408,11687008176,11689609584,2601408
1160,11612744560,11697008176,11699752736,2744560
1161,11623485376,11707008176,11710493552,3485376
1162,11632684304,11717008176,11719692480,2684304
1163,11643579296,11727008176,11730587472,3579296
1164,11652668432,11737008176,11739676608,2668432
1165,11663402144,11747008176,11750410320,3402144
1166,11673362944,11757008176,11760371120,3362944
1167,11682530000,11767008176,11769538176,2530000
1168,11692718144,11777008176,11779726320,2718144
1169,11702890496,11787008176,11789898672,2890496
1170,11712566128,11797008176,11799574304,2566128
1171,11722857200,11807008176,11809865376,2857200
1172,11732809056,11817008176,11819817232,2809056
1173,11742678368,11827008176,11829686544,2678368
1174,11752706960,11837008176,11839715136,2706960
1175,11762113632,11847008176,11849121808,2113632
1176,11773177344,11857008176,11860185520,3177344
1177,11782480752,11867008176,11869488928,2480752
1178,11792822256,11877008176,11879830432,2822256
1179,11803320288,11887008176,11890328464,3320288
1180,11812572256,11897008176,11899580432,2572256
1181,11822824160,11907008176,11909832336,2824160
1182,11832484848,11917008176,11919493024,2484848
1183,11843142512,11927008176,11930150688,3142512
1184,11853201136,11937008176,11940209312,3201136
1185,11862515584,11947008176,11949523760,2515584
1186,11873296624,11957008176,11960304800,3296624
1187,11882679808,11967008176,11969687984,2679808
1188,11892671344,11977008176,11979679520,2671344
1189,11902758016,11987008176,11989766192,2758016
1190,11912359328,11997008176,11999367504,2359328
1191,11922733296,12007008176,12009741472,2733296
1192,11932845824,12017008176,12019854000,2845824
1193,11942628192,12027008176,12029636368,2628192
1194,11952677232,12037008176,12039685408,2677232
1195,11962713184,12047008176,12049721360,2713184
1196,11972751680,12057008176,12059759856,2751680
1197,11982785440,12067008176,12069793616,2785440
1198,11992677584,12077008176,12079685760,2677584
1199,12002739520,12087008176,12089747696,2739520
1200,12012609712,12097008176,12099617888,2609712
1201,12022730400,12107008176,12109738576,2730400
1202,12032915072,12117008176,12119923248,2915072
1203,12042685232,12127008176,12129693408,2685232
1204,12052861632,12137008176,12139869808,2861632
1205,12062792752,12147008176,12149800928,2792752
1206,12071853440,12157008176,12158861616,1853440
1207,12082643680,12167008176,12169651856,2643680
1208,12092907680,12177008176,12179915856,2907680
1209,12102944192,12187008176,12189952368,2944192
1210,12112574128,12197008176,12199582304,2574128
1211,12122567792,12207008176,12209575968,2567792
1212,12133140560,12217008176,12220148736,3140560
1213,12141838528,12227008176,12228846704,1838528
1214,12152639152,12237008176,12239647328,2639152
1215,12162784224,12247008176,12249792400,2784224
1216,12172409232,12257008176,12259417408,2409232
1217,12181416224,12267008176,12268424400,1416224
1218,12191902304,12277008176,12278910480,1902304
1219,12202446848,12287008176,12289455024,2446848
1220,12212513632,12297008176,12299521808,2513632
1221,12222884736,12307008176,12309892912,2884736
1222,12232737824,12317008176,12319746000,2737824
1223,12242714112,12327008176,12329722288,2714112
1224,12252728912,12337008176,12339737088,2728912
1225,12261004720,12347008176,12348012896,1004720
1226,12271913616,12357008176,12358921792,1913616
1227,12282741232,12367008176,12369749408,2741232
1228,12292711568,12377008176,12379719744,2711568
1229,12302785568,12387008176,12389793744,2785568
1230,12312243312,12397008176,12399251488,2243312
1231,12322825536,12407008176,12409833712,2825536
1232,12332867200,12417008176,12419875376,2867200
1233,12341740960,12427008176,12428749136,1740960
1234,12352227120,12437008176,12439235296,2227120
1235,12362569744,12447008176,12449577920,2569744
1236,12372731424,12457008176,12459739600,2731424
1237,12382574544,12467008176,12469582720,2574544
1238,12392867904,12477008176,12479876080,2867904
1239,12402746656,12487008176,12489754832,2746656
1240,12412214064,12497008176,12499222240,2214064
1241,12422632752,12507008176,12509640928,2632752
1242,12432729392,12517008176,12519737568,2729392
1243,12442680960,12527008176,12529689136,2680960
1244,12452925840,12537008176,12539934016,2925840
1245,12462069952,12547008176,12549078128,2069952
1246,12472603648,12557008176,12559611824,2603648
1247,12482706384,12567008176,12569714560,2706384
1248,12492685152,12577008176,12579693328,2685152
1249,12502800576,12587008176,12589808752,2800576
1250,12512733920,12597008176,12599742096,2733920
1251,12522567664,12607008176,12609575840,2567664
1252,12532795168,12617008176,12619803344,2795168
1253,12542808768,12627008176,12629816944,2808768
1254,12552672608,12637008176,12639680784,2672608
1255,12562791312,12647008176,12649799488,2791312
1256,12572764160,12657008176,12659772336,2764160
1257,12582698544,12667008176,12669706720,2698544
1258,12592718656,12677008176,12679726832,2718656
1259,12602654048,12687008176,12689662224,2654048
1260,12612763296,12697008176,12699771472,2763296
1261,12622740800,12707008176,12709748976,2740800
1262,12632755120,12717008176,12719763296,2755120
1263,12642824944,12727008176,12729833120,2824944
1264,12652611968,12737008176,12739620144,2611968
1265,12662610304,12747008176,12749618480,2610304
1266,12672684944,12757008176,12759693120,2684944
1267,12682587456,12767008176,12769595632,2587456
1268,12692653280,12777008176,12779661456,2653280
1269,12703394544,12787008176,12790402720,3394544
1270,12713026192,12797008176,12800034368,3026192
1271,12722976624,12807008176,12809984800,2976624
1272,12732931408,12817008176,12819939584,2931408
1273,12742500528,12827008176,12829508704,2500528
1274,12753576032,12837008176,12840584208,3576032
1275,12762397552,12847008176,12849405728,2397552
1276,12772641760,12857008176,12859649936,2641760
1277,12782822528,12867008176,12869830704,2822528
1278,12792760544,12877008176,12879768720,2760544
1279,12802921008,12887008176,12889929184,2921008
PERIODIC LATENCY CHUNK end=1280
1280,12812764144,12897008176,12899772320,2764144
1281,12822666336,12907008176,12909674512,2666336
1282,12832708784,12917008176,12919716960,2708784
1283,12843035056,12927008176,12930043232,3035056
1284,12852848720,12937008176,12939856896,2848720
1285,12862727248,12947008176,12949735424,2727248
1286,12872686768,12957008176,12959694944,2686768
1287,12882856432,12967008176,12969864608,2856432
1288,12892752976,12977008176,12979761152,2752976
1289,12902211856,12987008176,12989220032,2211856
1290,12912747184,12997008176,12999755360,2747184
1291,12922676688,13007008176,13009684864,2676688
1292,12932792320,13017008176,13019800496,2792320
1293,12942669952,13027008176,13029678128,2669952
1294,12952489504,13037008176,13039497680,2489504
1295,12962713952,13047008176,13049722128,2713952
1296,12972929056,13057008176,13059937232,2929056
1297,12982954688,13067008176,13069962864,2954688
1298,12993159312,13077008176,13080167488,3159312
1299,13002608016,13087008176,13089616192,2608016
1300,13012688656,13097008176,13099696832,2688656
1301,13022933088,13107008176,13109941264,2933088
1302,13032954208,13117008176,13119962384,2954208
1303,13042070896,13127008176,13129079072,2070896
1304,13052324896,13137008176,13139333072,2324896
1305,13062619776,13147008176,13149627952,2619776
1306,13072211456,13157008176,13159219632,2211456
1307,13082450192,13167008176,13169458368,2450192
1308,13092494176,13177008176,13179502352,2494176
1309,13102628448,13187008176,13189636624,2628448
1310,13112640800,13197008176,13199648976,2640800
1311,13122595056,13207008176,13209603232,2595056
1312,13132666080,13217008176,13219674256,2666080
1313,13141394416,13227008176,13228402592,1394416
1314,13152363600,13237008176,13239371776,2363600
1315,13162936320,13247008176,13249944496,2936320
1316,13172714960,13257008176,13259723136,2714960
1317,13182082560,13267008176,13269090736,2082560
1318,13192045056,13277008176,13279053232,2045056
1319,13202496016,13287008176,13289504192,2496016
1320,13212672576,13297008176,13299680752,2672576
1321,13222678096,13307008176,13309686272,2678096
1322,13232804560,13317008176,13319812736,2804560
1323,13242518240,13327008176,13329526416,2518240
1324,13252834528,13337008176,13339842704,2834528
1325,13262796432,13347008176,13349804608,2796432
1326,13272275776,13357008176,13359283952,2275776
1327,13282719088,13367008176,13369727264,2719088
1328,13292725120,13377008176,13379733296,2725120
1329,13302916464,13387008176,13389924640,2916464
1330,13312205248,13397008176,13399213424,2205248
1331,13322721808,13407008176,13409729984,2721808
1332,13332724400,13417008176,13419732576,2724400
1333,13341364544,13427008176,13428372720,1364544
1334,13351366544,13437008176,13438374720,1366544
1335,13361065184,13447008176,13448073360,1065184
1336,13371288448,13457008176,13458296624,1288448
1337,13380874016,13467008176,13467882192,874016
1338,13391044224,13477008176,13478052400,1044224
1339,13401151056,13487008176,13488159232,1151056
1340,13411077920,13497008176,13498086096,1077920
1341,13421262608,13507008176,13508270784,1262608
1342,13431825312,13517008176,13518833488,1825312
1343,13442235552,13527008176,13529243728,2235552
1344,13453110208,13537008176,13540118384,3110208
1345,13462515680,13547008176,13549523856,2515680
1346,13473392624,13557008176,13560400800,3392624
1347,13482677872,13567008176,13569686048,2677872
1348,13493484032,13577008176,13580492208,3484032
1349,13502446512,13587008176,13589454688,2446512
1350,13512555008,13597008176,13599563184,2555008
1351,13523437472,13607008176,13610445648,3437472
1352,13533410256,13617008176,13620418432,3410256
1353,13542889712,13627008176,13629897888,2889712
1354,13553147936,13637008176,13640156112,3147936
1355,13563187568,13647008176,13650195744,3187568
1356,13573542432,13657008176,13660550608,3542432
1357,13582876800,13667008176,13669884976,2876800
1358,13593643008,13677008176,13680651184,3643008
1359,13603217472,13687008176,13690225648,3217472
1360,13612604896,13697008176,13699613072,2604896
1361,13622964784,13707008176,13709972960,2964784
1362,13632567168,13717008176,13719575344,2567168
1363,13643130592,13727008176,13730138768,3130592
1364,13653202864,13737008176,13740211040,3202864
1365,13663713040,13747008176,13750721216,3713040
1366,13672945264,13757008176,13759953440,2945264
1367,13683928832,13767008176,13770937008,3928832
1368,13692864720,13777008176,13779872896,2864720
1369,13702913824,13787008176,13789922000,2913824
1370,13713426848,13797008176,13800435024,3426848
1371,13723391712,13807008176,13810399888,3391712
1372,13733528000,13817008176,13820536176,3528000
1373,13743086848,13827008176,13830095024,3086848
1374,13753298976,13837008176,13840307152,3298976
1375,13762023072,13847008176,13849031248,2023072
1376,13773566624,13857008176,13860574800,3566624
1377,13783482832,13867008176,13870491008,3482832
1378,13792816368,13877008176,13879824544,2816368
1379,13803486720,13887008176,13890494896,3486720
1380,13813476800,13897008176,13900484976,3476800
1381,13823365200,13907008176,13910373376,3365200
1382,13833479936,13917008176,13920488112,3479936
1383,13841877664,13927008176,13928885840,1877664
1384,13852479520,13937008176,13939487696,2479520
1385,13862647888,13947008176,13949656064,2647888
1386,13872930528,13957008176,13959938704,2930528
1387,13883035904,13967008176,13970044080,3035904
1388,13892870080,13977008176,13979878256,2870080
1389,13901698400,13987008176,13988706576,1698400
1390,13912220960,13997008176,13999229136,2220960
1391,13922551360,14007008176,14009559536,2551360
1392,13933508048,14017008176,14020516224,3508048
1393,13941939680,14027008176,14028947856,1939680
1394,13952176912,14037008176,14039185088,2176912
1395,13962874816,14047008176,14049882992,2874816
1396,13972583600,14057008176,14059591776,2583600
1397,13982634144,14067008176,14069642320,2634144
1398,13992746224,14077008176,14079754400,2746224
1399,14002507824,14087008176,14089516000,2507824
1400,14012608448,14097008176,14099616624,2608448
1401,14022589520,14107008176,14109597696,2589520
1402,14032424048,14117008176,14119432224,2424048
1403,14042630544,14127008176,14129638720,2630544
1404,14052614800,14137008176,14139622976,2614800
1405,14062532656,14147008176,14149540832,2532656
1406,14072149568,14157008176,14159157744,2149568
1407,14082315616,14167008176,14169323792,2315616
1408,14092592656,14177008176,14179600832,2592656
1409,14102732368,14187008176,14189740544,2732368
1410,14112651488,14197008176,14199659664,2651488
1411,14122606336,14207008176,14209614512,2606336
1412,14132739104,14217008176,14219747280,2739104
1413,14141811648,14227008176,14228819824,1811648
1414,14152737584,14237008176,14239745760,2737584
1415,14163497072,14247008176,14250505248,3497072
1416,14172783792,14257008176,14259791968,2783792
1417,14182331536,14267008176,14269339712,2331536
1418,14192444720,14277008176,14279452896,2444720
1419,14202873984,14287008176,14289882160,2873984
1420,14212880800,14297008176,14299888976,2880800
1421,14222863504,14307008176,14309871680,2863504
1422,14232533392,14317008176,14319541568,2533392
1423,14242560592,14327008176,14329568768,2560592
1424,14252598384,14337008176,14339606560,2598384
1425,14262731344,14347008176,14349739520,2731344
1426,14272279296,14357008176,14359287472,2279296
1427,14282778352,14367008176,14369786528,2778352
1428,14292764832,14377008176,14379773008,2764832
1429,14302740016,14387008176,14389748192,2740016
1430,14312245728,14397008176,14399253904,2245728
1431,14322270288,14407008176,14409278464,2270288
1432,14332637920,14417008176,14419646096,2637920
1433,14342751888,14427008176,14429760064,2751888
1434,14352623888,14437008176,14439632064,2623888
1435,14363025072,14447008176,14450033248,3025072
1436,14372829120,14457008176,14459837296,2829120
1437,14382876096,14467008176,14469884272,2876096
1438,14392890464,14477008176,14479898640,2890464
1439,14402781936,14487008176,14489790112,2781936
1440,14412109168,14497008176,14499117344,2109168
1441,14422913408,14507008176,14509921584,2913408
1442,14432182512,14517008176,14519190688,2182512
1443,14442951888,14527008176,14529960064,2951888
1444,14453180640,14537008176,14540188816,3180640
1445,14463008608,14547008176,14550016784,3008608
1446,14472757424,14557008176,14559765600,2757424
1447,14482818512,14567008176,14569826688,2818512
1448,14492561168,14577008176,14579569344,2561168
1449,14502678720,14587008176,14589686896,2678720
1450,14512534384,14597008176,14599542560,2534384
1451,14522586480,14607008176,14609594656,2586480
1452,14532500208,14617008176,14619508384,2500208
1453,14542955520,14627008176,14629963696,2955520
1454,14552531472,14637008176,14639539648,2531472
1455,14562639120,14647008176,14649647296,2639120
1456,14572718128,14657008176,14659726304,2718128
1457,14582695120,14667008176,14669703296,2695120
1458,14592800640,14677008176,14679808816,2800640
1459,14602713232,14687008176,14689721408,2713232
1460,14612713888,14697008176,14699722064,2713888
1461,14622709328,14707008176,14709717504,2709328
1462,14632296144,14717008176,14719304320,2296144
1463,14642507392,14727008176,14729515568,2507392
1464,14652938400,14737008176,14739946576,2938400
1465,14663025232,14747008176,14750033408,3025232
1466,14673236224,14757008176,14760244400,3236224
1467,14682817216,14767008176,14769825392,2817216
1468,14692531248,14777008176,14779539424,2531248
1469,14702802432,14787008176,14789810608,2802432
1470,14712838544,14797008176,14799846720,2838544
1471,14722444576,14807008176,14809452752,2444576
1472,14732715600,14817008176,14819723776,2715600
1473,14742642416,14827008176,14829650592,2642416
1474,14752553744,14837008176,14839561920,2553744
1475,14762180928,14847008176,14849189104,2180928
1476,14772523920,14857008176,14859532096,2523920
1477,14782782112,14867008176,14869790288,2782112
1478,14792721136,14877008176,14879729312,2721136
1479,14802567296,14887008176,14889575472,2567296
1480,14812657920,14897008176,14899666096,2657920
1481,14822626272,14907008176,14909634448,2626272
1482,14832374112,14917008176,14919382288,2374112
1483,14842547728,14927008176,14929555904,2547728
1484,14852652928,14937008176,14939661104,2652928
1485,14862632816,14947008176,14949640992,2632816
1486,14872544304,14957008176,14959552480,2544304
1487,14883041568,14967008176,14970049744,3041568
1488,14893011216,14977008176,14980019392,3011216
1489,14902901088,14987008176,14989909264,2901088
1490,14912904144,14997008176,14999912320,2904144
1491,14922822816,15007008176,15009830992,2822816
1492,14932768064,15017008176,15019776240,2768064
1493,14942730336,15027008176,15029738512,2730336
1494,14952913856,15037008176,15039922032,2913856
1495,14962327424,15047008176,15049335600,2327424
1496,14972481936,15057008176,15059490112,2481936
1497,14982476992,15067008176,15069485168,2476992
1498,14992527712,15077008176,15079535888,2527712
1499,15002524928,15087008176,15089533104,2524928
1500,15012652256,15097008176,15099660432,2652256
1501,15022553280,15107008176,15109561456,2553280
1502,15032387232,15117008176,15119395408,2387232
1503,15042382912,15127008176,15129391088,2382912
1504,15052577248,15137008176,15139585424,2577248
1505,15062575680,15147008176,15149583856,2575680
1506,15072147232,15157008176,15159155408,2147232
1507,15082536992,15167008176,15169545168,2536992
1508,15092524192,15177008176,15179532368,2524192
1509,15102686496,15187008176,15189694672,2686496
1510,15113279392,15197008176,15200287568,3279392
1511,15122395344,15207008176,15209403520,2395344
1512,15132473536,15217008176,15219481712,2473536
1513,15141222928,15227008176,15228231104,1222928
1514,15151727936,15237008176,15238736112,1727936
1515,15161989312,15247008176,15248997488,1989312
1516,15172792592,15257008176,15259800768,2792592
1517,15182331936,15267008176,15269340112,2331936
1518,15192392000,15277008176,15279400176,2392000
1519,15202392496,15287008176,15289400672,2392496
1520,15212542544,15297008176,15299550720,2542544
1521,15222571360,15307008176,15309579536,2571360
1522,15232588336,15317008176,15319596512,2588336
1523,15242438016,15327008176,15329446192,2438016
1524,15252632560,15337008176,15339640736,2632560
1525,15262592432,15347008176,15349600608,2592432
1526,15272532048,15357008176,15359540224,2532048
1527,15282526192,15367008176,15369534368,2526192
1528,15292539488,15377008176,15379547664,2539488
1529,15302636208,15387008176,15389644384,2636208
1530,15312277344,15397008176,15399285520,2277344
1531,15322657616,15407008176,15409665792,2657616
1532,15332468176,15417008176,15419476352,2468176
1533,15342635504,15427008176,15429643680,2635504
1534,15352698512,15437008176,15439706688,2698512
1535,15362644368,15447008176,15449652544,2644368
PERIODIC LATENCY CHUNK end=1536
1536,15372201648,15457008176,15459209824,2201648
1537,15382843152,15467008176,15469851328,2843152
1538,15392304944,15477008176,15479313120,2304944
1539,15402455792,15487008176,15489463968,2455792
1540,15412077024,15497008176,15499085200,2077024
1541,15423468640,15507008176,15510476816,3468640
1542,15432478832,15517008176,15519487008,2478832
1543,15442587680,15527008176,15529595856,2587680
1544,15453052416,15537008176,15540060592,3052416
1545,15462897792,15547008176,15549905968,2897792
1546,15472921984,15557008176,15559930160,2921984
1547,15482695408,15567008176,15569703584,2695408
1548,15493497232,15577008176,15580505408,3497232
1549,15502890352,15587008176,15589898528,2890352
1550,15513037360,15597008176,15600045536,3037360
1551,15522846064,15607008176,15609854240,2846064
1552,15532664640,15617008176,15619672816,2664640
1553,15543544496,15627008176,15630552672,3544496
1554,15553422336,15637008176,15640430512,3422336
1555,15563145168,15647008176,15650153344,3145168
1556,15572891984,15657008176,15659900160,2891984
1557,15583504576,15667008176,15670512752,3504576
1558,15592908992,15677008176,15679917168,2908992
1559,15602554368,15687008176,15689562544,2554368
1560,15613020208,15697008176,15700028384,3020208
1561,15622639168,15707008176,15709647344,2639168
1562,15633092496,15717008176,15720100672,3092496
1563,15641929712,15727008176,15728937888,1929712
1564,15653304624,15737008176,15740312800,3304624
1565,15662886576,15747008176,15749894752,2886576
1566,15672730752,15757008176,15759738928,2730752
1567,15682774128,15767008176,15769782304,2774128
1568,15692643120,15777008176,15779651296,2643120
1569,15702745392,15787008176,15789753568,2745392
1570,15713164400,15797008176,15800172576,3164400
1571,15722250544,15807008176,15809258720,2250544
1572,15732647888,15817008176,15819656064,2647888
1573,15742621392,15827008176,15829629568,2621392
1574,15752633520,15837008176,15839641696,2633520
1575,15762233920,15847008176,15849242096,2233920
1576,15772809376,15857008176,15859817552,2809376
1577,15783647920,15867008176,15870656096,3647920
1578,15792530912,15877008176,15879539088,2530912
1579,15802588448,15887008176,15889596624,2588448
1580,15812985344,15897008176,15899993520,2985344
1581,15822909936,15907008176,15909918112,2909936
1582,15832724560,15917008176,15919732736,2724560
1583,15842721104,15927008176,15929729280,2721104
1584,15852957600,15937008176,15939965776,2957600
1585,15862946048,15947008176,15949954224,2946048
1586,15872905664,15957008176,15959913840,2905664
1587,15883406672,15967008176,15970414848,3406672
1588,15892646064,15977008176,15979654240,2646064
1589,15902449696,15987008176,15989457872,2449696
1590,15912796912,15997008176,15999805088,2796912
1591,15922841248,16007008176,16009849424,2841248
1592,15932683536,16017008176,16019691712,2683536
1593,15942425072,16027008176,16029433248,2425072
1594,15952601152,16037008176,16039609328,2601152
1595,15963424432,16047008176,16050432608,3424432
1596,15972408304,16057008176,16059416480,2408304
1597,15982844256,16067008176,16069852432,2844256
1598,15993252112,16077008176,16080260288,3252112
1599,16002717184,16087008176,16089725360,2717184
1600,16012990576,16097008176,16099998752,2990576
1601,16022906288,16107008176,16109914464,2906288
1602,16033487744,16117008176,16120495920,3487744
1603,16043112640,16127008176,16130120816,3112640
1604,16053015936,16137008176,16140024112,3015936
1605,16063124688,16147008176,16150132864,3124688
1606,16073386656,16157008176,16160394832,3386656
1607,16083116448,16167008176,16170124624,3116448
1608,16093189232,16177008176,16180197408,3189232
1609,16102591744,16187008176,16189599920,2591744
1610,16112510432,16197008176,16199518608,2510432
1611,16123073904,16207008176,16210082080,3073904
1612,16132685600,16217008176,16219693776,2685600
1613,16142197328,16227008176,16229205504,2197328
1614,16153490304,16237008176,16240498480,3490304
1615,16162762624,16247008176,16249770800,2762624
1616,16172612096,16257008176,16259620272,2612096
1617,16182183440,16267008176,16269191616,2183440
1618,16192933472,16277008176,16279941648,2933472
1619,16202437408,16287008176,16289445584,2437408
1620,16213340656,16297008176,16300348832,3340656
1621,16222785008,16307008176,16309793184,2785008
1622,16232311408,16317008176,16319319584,2311408
1623,16243067440,16327008176,16330075616,3067440
1624,16252986304,16337008176,16339994480,2986304
1625,16262775632,16347008176,16349783808,2775632
1626,16272537792,16357008176,16359545968,2537792
1627,16282864768,16367008176,16369872944,2864768
1628,16292688848,16377008176,16379697024,2688848
1629,16302786208,16387008176,16389794384,2786208
1630,16312121904,16397008176,16399130080,2121904
1631,16322571424,16407008176,16409579600,2571424
1632,16332867856,16417008176,16419876032,2867856
1633,16342500400,16427008176,16429508576,2500400
1634,16352616224,16437008176,16439624400,2616224
1635,16363202720,16447008176,16450210896,3202720
1636,16372564544,16457008176,16459572720,2564544
1637,16383197520,16467008176,16470205696,3197520
1638,16393839024,16477008176,16480847200,3839024
1639,16401287536,16487008176,16488295712,1287536
1640,16411264512,16497008176,16498272688,1264512
1641,16420876336,16507008176,16507884512,876336
1642,16432033712,16517008176,16519041888,2033712
1643,16441529184,16527008176,16528537360,1529184
1644,16451187184,16537008176,16538195360,1187184
1645,16460973712,16547008176,16547981888,973712
1646,16471399504,16557008176,16558407680,1399504
1647,16481864320,16567008176,16568872496,1864320
1648,16492790352,16577008176,16579798528,2790352
1649,16502945296,16587008176,16589953472,2945296
1650,16512655472,16597008176,16599663648,2655472
1651,16522530496,16607008176,16609538672,2530496
1652,16532361536,16617008176,16619369712,2361536
1653,16543859600,16627008176,16630867776,3859600
1654,16552754032,16637008176,16639762208,2754032
1655,16562484832,16647008176,16649493008,2484832
1656,16572764928,16657008176,16659773104,2764928
1657,16582738192,16667008176,16669746368,2738192
1658,16592821920,16677008176,16679830096,2821920
1659,16602787776,16687008176,16689795952,2787776
1660,16612787696,16697008176,16699795872,2787696
1661,16622514896,16707008176,16709523072,2514896
1662,16632574368,16717008176,16719582544,2574368
1663,16642251520,16727008176,16729259696,2251520
1664,16652866880,16737008176,16739875056,2866880
1665,16662571424,16747008176,16749579600,2571424
1666,16672496816,16757008176,16759504992,2496816
1667,16682554064,16767008176,16769562240,2554064
1668,16692229408,16777008176,16779237584,2229408
1669,16702630336,16787008176,16789638512,2630336
1670,16712720976,16797008176,16799729152,2720976
1671,16722151712,16807008176,16809159888,2151712
1672,16732581536,16817008176,16819589712,2581536
1673,16742487216,16827008176,16829495392,2487216
1674,16752792928,16837008176,16839801104,2792928
1675,16762115904,16847008176,16849124080,2115904
1676,16772569408,16857008176,16859577584,2569408
1677,16782486688,16867008176,16869494864,2486688
1678,16792680688,16877008176,16879688864,2680688
1679,16802315504,16887008176,16889323680,2315504
1680,16812580704,16897008176,16899588880,2580704
1681,16822181328,16907008176,16909189504,2181328
1682,16832679408,16917008176,16919687584,2679408
1683,16842359008,16927008176,16929367184,2359008
1684,16852636352,16937008176,16939644528,2636352
1685,16862499024,16947008176,16949507200,2499024
1686,16872540832,16957008176,16959549008,2540832
1687,16882184560,16967008176,16969192736,2184560
1688,16892598432,16977008176,16979606608,2598432
1689,16901972704,16987008176,16988980880,1972704
1690,16912333136,16997008176,16999341312,2333136
1691,16922054240,17007008176,17009062416,2054240
1692,16932030608,17017008176,17019038784,2030608
1693,16942277808,17027008176,17029285984,2277808
1694,16952189232,17037008176,17039197408,2189232
1695,16962013712,17047008176,17049021888,2013712
1696,16972713984,17057008176,17059722160,2713984
1697,16982780816,17067008176,17069788992,2780816
1698,16992776976,17077008176,17079785152,2776976
1699,17002706944,17087008176,17089715120,2706944
1700,17012732176,17097008176,17099740352,2732176
1701,17022554512,17107008176,17109562688,2554512
1702,17032638560,17117008176,17119646736,2638560
1703,17042667008,17127008176,17129675184,2667008
1704,17052845504,17137008176,17139853680,2845504
1705,17062820800,17147008176,17149828976,2820800
1706,17072269920,17157008176,17159278096,2269920
1707,17082472448,17167008176,17169480624,2472448
1708,17092404096,17177008176,17179412272,2404096
1709,17102525168,17187008176,17189533344,2525168
1710,17112163696,17197008176,17199171872,2163696
1711,17122220864,17207008176,17209229040,2220864
1712,17132895056,17217008176,17219903232,2895056
1713,17142352496,17227008176,17229360672,2352496
1714,17152789040,17237008176,17239797216,2789040
1715,17162941104,17247008176,17249949280,2941104
1716,17172482432,17257008176,17259490608,2482432
1717,17182451408,17267008176,17269459584,2451408
1718,17192750384,17277008176,17279758560,2750384
1719,17202930560,17287008176,17289938736,2930560
1720,17213009312,17297008176,17300017488,3009312
1721,17222625232,17307008176,17309633408,2625232
1722,17233044176,17317008176,17320052352,3044176
1723,17242833280,17327008176,17329841456,2833280
1724,17252811568,17337008176,17339819744,2811568
1725,17262826528,17347008176,17349834704,2826528
1726,17272212768,17357008176,17359220944,2212768
1727,17282941168,17367008176,17369949344,2941168
1728,17292825552,17377008176,17379833728,2825552
1729,17302820096,17387008176,17389828272,2820096
1730,17311215616,17397008176,17398223792,1215616
1731,17322244624,17407008176,17409252800,2244624
1732,17332347872,17417008176,17419356048,2347872
1733,17342530784,17427008176,17429538960,2530784
1734,17352492608,17437008176,17439500784,2492608
1735,17362663360,17447008176,17449671536,2663360
1736,17372859552,17457008176,17459867728,2859552
1737,17382581792,17467008176,17469589968,2581792
1738,17392533536,17477008176,17479541712,2533536
1739,17402603920,17487008176,17489612096,2603920
1740,17412003632,17497008176,17499011808,2003632
1741,17422355600,17507008176,17509363776,2355600
1742,17432911280,17517008176,17519919456,2911280
1743,17441823568,17527008176,17528831744,1823568
1744,17452755984,17537008176,17539764160,2755984
1745,17462914160,17547008176,17549922336,2914160
1746,17472668640,17557008176,17559676816,2668640
1747,17482747888,17567008176,17569756064,2747888
1748,17492772992,17577008176,17579781168,2772992
1749,17502724784,17587008176,17589732960,2724784
1750,17512896288,17597008176,17599904464,2896288
1751,17522530256,17607008176,17609538432,2530256
1752,17532799792,17617008176,17619807968,2799792
1753,17542796448,17627008176,17629804624,2796448
1754,17552802144,17637008176,17639810320,2802144
1755,17562668816,17647008176,17649676992,2668816
1756,17572677728,17657008176,17659685904,2677728
1757,17582836240,17667008176,17669844416,2836240
1758,17592850112,17677008176,17679858288,2850112
1759,17602738000,17687008176,17689746176,2738000
1760,17612584464,17697008176,17699592640,2584464
1761,17622549152,17707008176,17709557328,2549152
1762,17632679168,17717008176,17719687344,2679168
1763,17642451872,17727008176,17729460048,2451872
1764,17652706368,17737008176,17739714544,2706368
1765,17662518784,17747008176,17749526960,2518784
1766,17672571312,17757008176,17759579488,2571312
1767,17682566704,17767008176,17769574880,2566704
1768,17692618704,17777008176,17779626880,2618704
1769,17702776816,17787008176,17789784992,2776816
1770,17712679872,17797008176,17799688048,2679872
1771,17722612592,17807008176,17809620768,2612592
1772,17732661184,17817008176,17819669360,2661184
1773,17742710080,17827008176,17829718256,2710080
1774,17752664832,17837008176,17839673008,2664832
1775,17762231792,17847008176,17849239968,2231792
1776,17772725568,17857008176,17859733744,2725568
1777,17782755888,17867008176,17869764064,2755888
1778,17793045664,17877008176,17880053840,3045664
1779,17802639600,17887008176,17889647776,2639600
1780,17812814896,17897008176,17899823072,2814896
1781,17822788880,17907008176,17909797056,2788880
1782,17833022944,17917008176,17920031120,3022944
1783,17842867216,17927008176,17929875392,2867216
1784,17852838176,17937008176,17939846352,2838176
1785,17863201072,17947008176,17950209248,3201072
1786,17872592864,17957008176,17959601040,2592864
1787,17882869776,17967008176,17969877952,2869776
1788,17892705664,17977008176,17979713840,2705664
1789,17901583808,17987008176,17988591984,1583808
1790,17912174448,17997008176,17999182624,2174448
1791,17921966656,18007008176,18008974832,1966656
PERIODIC LATENCY CHUNK end=1792
1792,17932390544,18017008176,18019398720,2390544
1793,17942605504,18027008176,18029613680,2605504
1794,17953304656,18037008176,18040312832,3304656
1795,17963072352,18047008176,18050080528,3072352
1796,17972635760,18057008176,18059643936,2635760
1797,17982589904,18067008176,18069598080,2589904
1798,17992580112,18077008176,18079588288,2580112
1799,18002653808,18087008176,18089661984,2653808
1800,18012689472,18097008176,18099697648,2689472
1801,18022587696,18107008176,18109595872,2587696
1802,18032650720,18117008176,18119658896,2650720
1803,18042296848,18127008176,18129305024,2296848
1804,18052891584,18137008176,18139899760,2891584
1805,18062737760,18147008176,18149745936,2737760
1806,18072534080,18157008176,18159542256,2534080
1807,18082538560,18167008176,18169546736,2538560
1808,18092530624,18177008176,18179538800,2530624
1809,18102764848,18187008176,18189773024,2764848
1810,18112742192,18197008176,18199750368,2742192
1811,18122379904,18207008176,18209388080,2379904
1812,18132748176,18217008176,18219756352,2748176
1813,18142320864,18227008176,18229329040,2320864
1814,18151832704,18237008176,18238840880,1832704
1815,18162676528,18247008176,18249684704,2676528
1816,18172745200,18257008176,18259753376,2745200
1817,18182601408,18267008176,18269609584,2601408
1818,18192638512,18277008176,18279646688,2638512
1819,18202258496,18287008176,18289266672,2258496
1820,18212392400,18297008176,18299400576,2392400
1821,18222440848,18307008176,18309449024,2440848
1822,18232511104,18317008176,18319519280,2511104
1823,18242672768,18327008176,18329680944,2672768
1824,18252950352,18337008176,18339958528,2950352
1825,18262855536,18347008176,18349863712,2855536
1826,18272549360,18357008176,18359557536,2549360
1827,18282924576,18367008176,18369932752,2924576
1828,18293528960,18377008176,18380537136,3528960
1829,18302467920,18387008176,18389476096,2467920
1830,18312835648,18397008176,18399843824,2835648
1831,18322856144,18407008176,18409864320,2856144
1832,18332823680,18417008176,18419831856,2823680
1833,18342892656,18427008176,18429900832,2892656
1834,18353075616,18437008176,18440083792,3075616
1835,18363012112,18447008176,18450020288,3012112
1836,18372897424,18457008176,18459905600,2897424
1837,18382904864,18467008176,18469913040,2904864
1838,18393452176,18477008176,18480460352,3452176
1839,18403216976,18487008176,18490225152,3216976
1840,18412945664,18497008176,18499953840,2945664
1841,18422643568,18507008176,18509651744,2643568
1842,18433077472,18517008176,18520085648,3077472
1843,18442486976,18527008176,18529495152,2486976
1844,18452339008,18537008176,18539347184,2339008
1845,18462395120,18547008176,18549403296,2395120
1846,18473027136,18557008176,18560035312,3027136
1847,18482773936,18567008176,18569782112,2773936
1848,18492907200,18577008176,18579915376,2907200
1849,18502471520,18587008176,18589479696,2471520
1850,18512219200,18597008176,18599227376,2219200
1851,18522400016,18607008176,18609408192,2400016
1852,18532586272,18617008176,18619594448,2586272
1853,18542666864,18627008176,18629675040,2666864
1854,18552578576,18637008176,18639586752,2578576
1855,18562664368,18647008176,18649672544,2664368
1856,18572619808,18657008176,18659627984,2619808
1857,18582722112,18667008176,18669730288,2722112
1858,18592631456,18677008176,18679639632,2631456
1859,18602566480,18687008176,18689574656,2566480
1860,18612812672,18697008176,18699820848,2812672
1861,18622294752,18707008176,18709302928,2294752
1862,18632554576,18717008176,18719562752,2554576
1863,18642455424,18727008176,18729463600,2455424
1864,18652348992,18737008176,18739357168,2348992
1865,18662439472,18747008176,18749447648,2439472
1866,18672479568,18757008176,18759487744,2479568
1867,18682502224,18767008176,18769510400,2502224
1868,18692471296,18777008176,18779479472,2471296
1869,18702372720,18787008176,18789380896,2372720
1870,18712767584,18797008176,18799775760,2767584
1871,18722288576,18807008176,18809296752,2288576
1872,18732923536,18817008176,18819931712,2923536
1873,18742696048,18827008176,18829704224,2696048
1874,18752752048,18837008176,18839760224,2752048
1875,18762393792,18847008176,18849401968,2393792
1876,18772776640,18857008176,18859784816,2776640
1877,18782720560,18867008176,18869728736,2720560
1878,18792868016,18877008176,18879876192,2868016
1879,18803566096,18887008176,18890574272,3566096
1880,18812670144,18897008176,18899678320,2670144
1881,18822452304,18907008176,18909460480,2452304
1882,18832644864,18917008176,18919653040,2644864
1883,18842779184,18927008176,18929787360,2779184
1884,18853106016,18937008176,18940114192,3106016
1885,18862438544,18947008176,18949446720,2438544
1886,18872507232,18957008176,18959515408,2507232
1887,18882738816,18967008176,18969746992,2738816
1888,18892834464,18977008176,18979842640,2834464
1889,18901733280,18987008176,18988741456,1733280
1890,18912855456,18997008176,18999863632,2855456
1891,18922231952,19007008176,19009240128,2231952
1892,18932402064,19017008176,19019410240,2402064
1893,18942910688,19027008176,19029918864,2910688
1894,18952223808,19037008176,19039231984,2223808
1895,18962642880,19047008176,19049651056,2642880
1896,18972755040,19057008176,19059763216,2755040
1897,18982619600,19067008176,19069627776,2619600
1898,18992605504,19077008176,19079613680,2605504
1899,19003320912,19087008176,19090329088,3320912
1900,19013428416,19097008176,19100436592,3428416
1901,19022657824,19107008176,19109666000,2657824
1902,19032263760,19117008176,19119271936,2263760
1903,19042387552,19127008176,19129395728,2387552
1904,19052521488,19137008176,19139529664,2521488
1905,19062531712,19147008176,19149539888,2531712
1906,19072333344,19157008176,19159341520,2333344
1907,19082516176,19167008176,19169524352,2516176
1908,19092583824,19177008176,19179592000,2583824
1909,19102690384,19187008176,19189698560,2690384
1910,19112611536,19197008176,19199619712,2611536
1911,19122504144,19207008176,19209512320,2504144
1912,19132742064,19217008176,19219750240,2742064
1913,19142961952,19227008176,19229970128,2961952
1914,19152388272,19237008176,19239396448,2388272
1915,19162533584,19247008176,19249541760,2533584
1916,19172770960,19257008176,19259779136,2770960
1917,19182345824,19267008176,19269354000,2345824
1918,19192542032,19277008176,19279550208,2542032
1919,19202533264,19287008176,19289541440,2533264
1920,19212650592,19297008176,19299658768,2650592
1921,19222416256,19307008176,19309424432,2416256
1922,19232675104,19317008176,19319683280,2675104
1923,19243099648,19327008176,19330107824,3099648
1924,19252510512,19337008176,19339518688,2510512
1925,19262626368,19347008176,19349634544,2626368
1926,19272525008,19357008176,19359533184,2525008
1927,19282630560,19367008176,19369638736,2630560
1928,19292721584,19377008176,19379729760,2721584
1929,19302574032,19387008176,19389582208,2574032
1930,19312160464,19397008176,19399168640,2160464
1931,19322442432,19407008176,19409450608,2442432
1932,19333202320,19417008176,19420210496,3202320
1933,19342701696,19427008176,19429709872,2701696
1934,19352686880,19437008176,19439695056,2686880
1935,19362834512,19447008176,19449842688,2834512
1936,19372888272,19457008176,19459896448,2888272
1937,19382894096,19467008176,19469902272,2894096
1938,19392892608,19477008176,19479900784,2892608
1939,19402072624,19487008176,19489080800,2072624
1940,19411338176,19497008176,19498346352,1338176
1941,19421618176,19507008176,19508626352,1618176
1942,19431632832,19517008176,19518641008,1632832
1943,19441452000,19527008176,19528460176,1452000
1944,19451948304,19537008176,19538956480,1948304
1945,19462002688,19547008176,19549010864,2002688
1946,19471259952,19557008176,19558268128,1259952
1947,19480985552,19567008176,19567993728,985552
1948,19491250288,19577008176,19578258464,1250288
1949,19501184448,19587008176,19588192624,1184448
1950,19511057504,19597008176,19598065680,1057504
1951,19521117440,19607008176,19608125616,1117440
1952,19530921888,19617008176,19617930064,921888
1953,19541563664,19627008176,19628571840,1563664
1954,19551971360,19637008176,19638979536,1971360
1955,19562485856,19647008176,19649494032,2485856
1956,19571922560,19657008176,19658930736,1922560
1957,19582365072,19667008176,19669373248,2365072
1958,19592662032,19677008176,19679670208,2662032
1959,19602644736,19687008176,19689652912,2644736
1960,19612697200,19697008176,19699705376,2697200
1961,19622569200,19707008176,19709577376,2569200
1962,19632707440,19717008176,19719715616,2707440
1963,19642556224,19727008176,19729564400,2556224
1964,19652486464,19737008176,19739494640,2486464
1965,19662687760,19747008176,19749695936,2687760
1966,19672756672,19757008176,19759764848,2756672
1967,19682608352,19767008176,19769616528,2608352
1968,19692737088,19777008176,19779745264,2737088
1969,19702894224,19787008176,19789902400,2894224
1970,19712729712,19797008176,19799737888,2729712
1971,19723009472,19807008176,19810017648,3009472
1972,19732460368,19817008176,19819468544,2460368
1973,19742523280,19827008176,19829531456,2523280
1974,19752708640,19837008176,19839716816,2708640
1975,19762783248,19847008176,19849791424,2783248
1976,19772560320,19857008176,19859568496,2560320
1977,19782757168,19867008176,19869765344,2757168
1978,19792939264,19877008176,19879947440,2939264
1979,19802949008,19887008176,19889957184,2949008
1980,19813509456,19897008176,19900517632,3509456
1981,19822690640,19907008176,19909698816,2690640
1982,19832919536,19917008176,19919927712,2919536
1983,19843261904,19927008176,19930270080,3261904
1984,19853171008,19937008176,19940179184,3171008
1985,19862445584,19947008176,19949453760,2445584
1986,19872672336,19957008176,19959680512,2672336
1987,19882700896,19967008176,19969709072,2700896
1988,19892770192,19977008176,19979778368,2770192
1989,19902695584,19987008176,19989703760,2695584
1990,19913014752,19997008176,20000022928,3014752
1991,19922904624,20007008176,20009912800,2904624
1992,19932989552,20017008176,20019997728,2989552
1993,19942544144,20027008176,20029552320,2544144
1994,19952750512,20037008176,20039758688,2750512
1995,19962879056,20047008176,20049887232,2879056
1996,19972884800,20057008176,20059892976,2884800
1997,19982415040,20067008176,20069423216,2415040
1998,19992585040,20077008176,20079593216,2585040
1999,20003195536,20087008176,20090203712,3195536
2000,20012470640,20097008176,20099478816,2470640
2001,20022500128,20107008176,20109508304,2500128
2002,20032688400,20117008176,20119696576,2688400
2003,20043120688,20127008176,20130128864,3120688
2004,20052751392,20137008176,20139759568,2751392
2005,20062725280,20147008176,20149733456,2725280
2006,20072901520,20157008176,20159909696,2901520
2007,20081248128,20167008176,20168256304,1248128
2008,20092740032,20177008176,20179748208,2740032
2009,20103033104,20187008176,20190041280,3033104
2010,20112885248,20197008176,20199893424,2885248
2011,20122627872,20207008176,20209636048,2627872
2012,20132744688,20217008176,20219752864,2744688
2013,20142177744,20227008176,20229185920,2177744
2014,20152575216,20237008176,20239583392,2575216
2015,20163130784,20247008176,20250138960,3130784
2016,20172987392,20257008176,20259995568,2987392
2017,20182260320,20267008176,20269268496,2260320
2018,20192517072,20277008176,20279525248,2517072
2019,20202949488,20287008176,20289957664,2949488
2020,20212793344,20297008176,20299801520,2793344
2021,20222664304,20307008176,20309672480,2664304
2022,20232880384,20317008176,20319888560,2880384
2023,20242544368,20327008176,20329552544,2544368
2024,20253118304,20337008176,20340126480,3118304
2025,20262564848,20347008176,20349573024,2564848
2026,20272887200,20357008176,20359895376,2887200
2027,20282612400,20367008176,20369620576,2612400
2028,20292841152,20377008176,20379849328,2841152
2029,20302644224,20387008176,20389652400,2644224
2030,20312034880,20397008176,20399043056,2034880
2031,20323074352,20407008176,20410082528,3074352
2032,20333056496,20417008176,20420064672,3056496
2033,20342662256,20427008176,20429670432,2662256
2034,20352899008,20437008176,20439907184,2899008
2035,20362845040,20447008176,20449853216,2845040
2036,20372757104,20457008176,20459765280,2757104
2037,20382589600,20467008176,20469597776,2589600
2038,20392597216,20477008176,20479605392,2597216
2039,20402702080,20487008176,20489710256,2702080
2040,20412183344,20497008176,20499191520,2183344
2041,20422695312,20507008176,20509703488,2695312
2042,20432935584,20517008176,20519943760,2935584
2043,20441744224,20527008176,20528752400,1744224
2044,20453000880,20537008176,20540009056,3000880
2045,20462518448,20547008176,20549526624,2518448
2046,20472677712,20557008176,20559685888,2677712
2047,20482952208,20567008176,20569960384,2952208
PERIODIC LATENCY CHUNK end=2048
2048,20492837888,20577008176,20579846064,2837888
2049,20502974240,20587008176,20589982416,2974240
2050,20512671504,20597008176,20599679680,2671504
2051,20522881088,20607008176,20609889264,2881088
2052,20532795280,20617008176,20619803456,2795280
2053,20542560016,20627008176,20629568192,2560016
2054,20552346896,20637008176,20639355072,2346896
2055,20562508176,20647008176,20649516352,2508176
2056,20572448480,20657008176,20659456656,2448480
2057,20582568288,20667008176,20669576464,2568288
2058,20592881072,20677008176,20679889248,2881072
2059,20602943760,20687008176,20689951936,2943760
2060,20612941920,20697008176,20699950096,2941920
2061,20622792720,20707008176,20709800896,2792720
2062,20632940368,20717008176,20719948544,2940368
2063,20642558688,20727008176,20729566864,2558688
2064,20653104384,20737008176,20740112560,3104384
2065,20662591104,20747008176,20749599280,2591104
2066,20672710144,20757008176,20759718320,2710144
2067,20682669440,20767008176,20769677616,2669440
2068,20692809296,20777008176,20779817472,2809296
2069,20702796448,20787008176,20789804624,2796448
2070,20712313776,20797008176,20799321952,2313776
2071,20722764688,20807008176,20809772864,2764688
2072,20732224080,20817008176,20819232256,2224080
2073,20742797776,20827008176,20829805952,2797776
2074,20752572912,20837008176,20839581088,2572912
2075,20762233888,20847008176,20849242064,2233888
2076,20772651840,20857008176,20859660016,2651840
2077,20782767792,20867008176,20869775968,2767792
2078,20792912768,20877008176,20879920944,2912768
2079,20803533520,20887008176,20890541696,3533520
2080,20812491648,20897008176,20899499824,2491648
2081,20822799776,20907008176,20909807952,2799776
2082,20832726976,20917008176,20919735152,2726976
2083,20842799632,20927008176,20929807808,2799632
2084,20852810128,20937008176,20939818304,2810128
2085,20862269296,20947008176,20949277472,2269296
2086,20872777920,20957008176,20959786096,2777920
2087,20881870352,20967008176,20968878528,1870352
2088,20892485744,20977008176,20979493920,2485744
2089,20901633616,20987008176,20988641792,1633616
2090,20911842992,20997008176,20998851168,1842992
2091,20922201184,21007008176,21009209360,2201184
2092,20932794016,21017008176,21019802192,2794016
2093,20942579888,21027008176,21029588064,2579888
2094,20952673808,21037008176,21039681984,2673808
2095,20962714096,21047008176,21049722272,2714096
2096,20972463216,21057008176,21059471392,2463216
2097,20982473360,21067008176,21069481536,2473360
2098,20992684752,21077008176,21079692928,2684752
2099,21002684816,21087008176,21089692992,2684816
2100,21012590624,21097008176,21099598800,2590624
2101,21023628400,21107008176,21110636576,3628400
2102,21033513584,21117008176,21120521760,3513584
2103,21042381568,21127008176,21129389744,2381568
2104,21052572080,21137008176,21139580256,2572080
2105,21063371152,21147008176,21150379328,3371152
2106,21072226992,21157008176,21159235168,2226992
2107,21082537968,21167008176,21169546144,2537968
2108,21092738720,21177008176,21179746896,2738720
2109,21102678880,21187008176,21189687056,2678880
2110,21113490336,21197008176,21200498512,3490336
2111,21122951744,21207008176,21209959920,2951744
2112,21132433120,21217008176,21219441296,2433120
2113,21141852384,21227008176,21228860560,1852384
2114,21151823296,21237008176,21238831472,1823296
2115,21162307632,21247008176,21249315808,2307632
2116,21172701248,21257008176,21259709424,2701248
2117,21182227872,21267008176,21269236048,2227872
2118,21192842656,21277008176,21279850832,2842656
2119,21202887568,21287008176,21289895744,2887568
2120,21212216624,21297008176,21299224800,2216624
2121,21222410128,21307008176,21309418304,2410128
2122,21232606096,21317008176,21319614272,2606096
2123,21242640800,21327008176,21329648976,2640800
2124,21252799808,21337008176,21339807984,2799808
2125,21262623184,21347008176,21349631360,2623184
2126,21272423120,21357008176,21359431296,2423120
2127,21282797120,21367008176,21369805296,2797120
2128,21292879200,21377008176,21379887376,2879200
2129,21302782688,21387008176,21389790864,2782688
2130,21312294688,21397008176,21399302864,2294688
2131,21322675296,21407008176,21409683472,2675296
2132,21332895200,21417008176,21419903376,2895200
2133,21342702496,21427008176,21429710672,2702496
2134,21352763200,21437008176,21439771376,2763200
2135,21362813328,21447008176,21449821504,2813328
2136,21372883904,21457008176,21459892080,2883904
2137,21382798016,21467008176,21469806192,2798016
2138,21393133008,21477008176,21480141184,3133008
2139,21402541872,21487008176,21489550048,2541872
2140,21412320464,21497008176,21499328640,2320464
2141,21422527104,21507008176,21509535280,2527104
2142,21432718848,21517008176,21519727024,2718848
2143,21442000192,21527008176,21529008368,2000192
2144,21453187712,21537008176,21540195888,3187712
2145,21462744960,21547008176,21549753136,2744960
2146,21472782032,21557008176,21559790208,2782032
2147,21482873888,21567008176,21569882064,2873888
2148,21492897760,21577008176,21579905936,2897760
2149,21502775200,21587008176,21589783376,2775200
2150,21513159520,21597008176,21600167696,3159520
2151,21522290064,21607008176,21609298240,2290064
2152,21532513136,21617008176,21619521312,2513136
2153,21542576800,21627008176,21629584976,2576800
2154,21552566224,21637008176,21639574400,2566224
2155,21562648992,21647008176,21649657168,2648992
2156,21572678752,21657008176,21659686928,2678752
2157,21582702192,21667008176,21669710368,2702192
2158,21592686768,21677008176,21679694944,2686768
2159,21602632512,21687008176,21689640688,2632512
2160,21612658960,21697008176,21699667136,2658960
2161,21622576416,21707008176,21709584592,2576416
2162,21632759248,21717008176,21719767424,2759248
2163,21642693504,21727008176,21729701680,2693504
2164,21652777168,21737008176,21739785344,2777168
2165,21662739088,21747008176,21749747264,2739088
2166,21672777120,21757008176,21759785296,2777120
2167,21682560560,21767008176,21769568736,2560560
2168,21692804976,21777008176,21779813152,2804976
2169,21702771040,21787008176,21789779216,2771040
2170,21712622704,21797008176,21799630880,2622704
2171,21722896736,21807008176,21809904912,2896736
2172,21732833744,21817008176,21819841920,2833744
2173,21742688448,21827008176,21829696624,2688448
2174,21752548720,21837008176,21839556896,2548720
2175,21762389360,21847008176,21849397536,2389360
2176,21773005920,21857008176,21860014096,3005920
2177,21782956848,21867008176,21869965024,2956848
2178,21792989200,21877008176,21879997376,2989200
2179,21803000960,21887008176,21890009136,3000960
2180,21813105440,21897008176,21900113616,3105440
2181,21823019152,21907008176,21910027328,3019152
2182,21832575312,21917008176,21919583488,2575312
2183,21842564672,21927008176,21929572848,2564672
2184,21852851248,21937008176,21939859424,2851248
2185,21862947792,21947008176,21949955968,2947792
2186,21872815600,21957008176,21959823776,2815600
2187,21883110320,21967008176,21970118496,3110320
2188,21893062528,21977008176,21980070704,3062528
2189,21902204576,21987008176,21989212752,2204576
2190,21912639440,21997008176,21999647616,2639440
2191,21923031408,22007008176,22010039584,3031408
2192,21933026864,22017008176,22020035040,3026864
2193,21942945472,22027008176,22029953648,2945472
2194,21953413312,22037008176,22040421488,3413312
2195,21962723616,22047008176,22049731792,2723616
2196,21972671904,22057008176,22059680080,2671904
2197,21982917968,22067008176,22069926144,2917968
2198,21992826800,22077008176,22079834976,2826800
2199,22003083776,22087008176,22090091952,3083776
2200,22012842560,22097008176,22099850736,2842560
2201,22022926736,22107008176,22109934912,2926736
2202,22032923744,22117008176,22119931920,2923744
2203,22042649952,22127008176,22129658128,2649952
2204,22053052912,22137008176,22140061088,3052912
2205,22062840880,22147008176,22149849056,2840880
2206,22072504192,22157008176,22159512368,2504192
2207,22082882128,22167008176,22169890304,2882128
2208,22092914112,22177008176,22179922288,2914112
2209,22102926192,22187008176,22189934368,2926192
2210,22112591248,22197008176,22199599424,2591248
2211,22122702480,22207008176,22209710656,2702480
2212,22133601872,22217008176,22220610048,3601872
2213,22141985360,22227008176,22228993536,1985360
2214,22152357760,22237008176,22239365936,2357760
2215,22162835392,22247008176,22249843568,2835392
2216,22173849712,22257008176,22260857888,3849712
2217,22181998960,22267008176,22269007136,1998960
2218,22192631360,22277008176,22279639536,2631360
2219,22203188544,22287008176,22290196720,3188544
2220,22212485024,22297008176,22299493200,2485024
2221,22222754720,22307008176,22309762896,2754720
2222,22232375904,22317008176,22319384080,2375904
2223,22242405776,22327008176,22329413952,2405776
2224,22252838688,22337008176,22339846864,2838688
2225,22262879472,22347008176,22349887648,2879472
2226,22272627264,22357008176,22359635440,2627264
2227,22282744336,22367008176,22369752512,2744336
2228,22292978096,22377008176,22379986272,2978096
2229,22302771104,22387008176,22389779280,2771104
2230,22311659440,22397008176,22398667616,1659440
2231,22322161312,22407008176,22409169488,2161312
2232,22332418112,22417008176,22419426288,2418112
2233,22342465328,22427008176,22429473504,2465328
2234,22351330064,22437008176,22438338240,1330064
2235,22362560336,22447008176,22449568512,2560336
2236,22372880592,22457008176,22459888768,2880592
2237,22382943136,22467008176,22469951312,2943136
2238,22393048784,22477008176,22480056960,3048784
2239,22402876560,22487008176,22489884736,2876560
2240,22412243600,22497008176,22499251776,2243600
2241,22422626720,22507008176,22509634896,2626720
2242,22432782432,22517008176,22519790608,2782432
2243,22442650656,22527008176,22529658832,2650656
2244,22452934880,22537008176,22539943056,2934880
2245,22463092784,22547008176,22550100960,3092784
2246,22472778976,22557008176,22559787152,2778976
2247,22483170016,22567008176,22570178192,3170016
2248,22493572944,22577008176,22580581120,3572944
2249,22503398832,22587008176,22590407008,3398832
2250,22512755184,22597008176,22599763360,2755184
2251,22521635888,22607008176,22608644064,1635888
2252,22530989888,22617008176,22617998064,989888
2253,22541067104,22627008176,22628075280,1067104
2254,22551101728,22637008176,22638109904,1101728
2255,22561243424,22647008176,22648251600,1243424
2256,22571169472,22657008176,22658177648,1169472
2257,22581415200,22667008176,22668423376,1415200
2258,22590945328,22677008176,22677953504,945328
2259,22601294880,22687008176,22688303056,1294880
2260,22612466000,22697008176,22699474176,2466000
2261,22622963744,22707008176,22709971920,2963744
2262,22632972784,22717008176,22719980960,2972784
2263,22642702592,22727008176,22729710768,2702592
2264,22652689456,22737008176,22739697632,2689456
2265,22663085792,22747008176,22750093968,3085792
2266,22672781312,22757008176,22759789488,2781312
2267,22682902112,22767008176,22769910288,2902112
2268,22692873360,22777008176,22779881536,2873360
2269,22702849776,22787008176,22789857952,2849776
2270,22712788736,22797008176,22799796912,2788736
2271,22722873504,22807008176,22809881680,2873504
2272,22732397408,22817008176,22819405584,2397408
2273,22742604000,22827008176,22829612176,2604000
2274,22752752256,22837008176,22839760432,2752256
2275,22762752640,22847008176,22849760816,2752640
2276,22772583552,22857008176,22859591728,2583552
2277,22782801712,22867008176,22869809888,2801712
2278,22792922416,22877008176,22879930592,2922416
2279,22802842976,22887008176,22889851152,2842976
2280,22812719152,22897008176,22899727328,2719152
2281,22822861968,22907008176,22909870144,2861968
2282,22832992720,22917008176,22920000896,2992720
2283,22842649024,22927008176,22929657200,2649024
2284,22853487776,22937008176,22940495952,3487776
2285,22862504224,22947008176,22949512400,2504224
2286,22872887216,22957008176,22959895392,2887216
2287,22882647920,22967008176,22969656096,2647920
2288,22892465968,22977008176,22979474144,2465968
2289,22902108272,22987008176,22989116448,2108272
2290,22912429808,22997008176,22999437984,2429808
2291,22923286256,23007008176,23010294432,3286256
2292,22932516576,23017008176,23019524752,2516576
2293,22942380048,23027008176,23029388224,2380048
2294,22952716256,23037008176,23039724432,2716256
2295,22962706944,23047008176,23049715120,2706944
2296,22972176704,23057008176,23059184880,2176704
2297,22982972160,23067008176,23069980336,2972160
2298,22992565232,23077008176,23079573408,2565232
2299,23002784864,23087008176,23089793040,2784864
2300,23012875744,23097008176,23099883920,2875744
2301,23023018480,23107008176,23110026656,3018480
2302,23033020096,23117008176,23120028272,3020096
2303,23042906576,23127008176,23129914752,2906576
PERIODIC LATENCY CHUNK end=2304
2304,23052617728,23137008176,23139625904,2617728
2305,23062793760,23147008176,23149801936,2793760
2306,23072335232,23157008176,23159343408,2335232
2307,23081723696,23167008176,23168731872,1723696
2308,23091844608,23177008176,23178852784,1844608
2309,23103060192,23187008176,23190068368,3060192
2310,23112293680,23197008176,23199301856,2293680
2311,23122648016,23207008176,23209656192,2648016
2312,23132729728,23217008176,23219737904,2729728
2313,23142171408,23227008176,23229179584,2171408
2314,23152844800,23237008176,23239852976,2844800
2315,23162746352,23247008176,23249754528,2746352
2316,23172778144,23257008176,23259786320,2778144
2317,23182223008,23267008176,23269231184,2223008
2318,23192685984,23277008176,23279694160,2685984
2319,23202571184,23287008176,23289579360,2571184
2320,23212758352,23297008176,23299766528,2758352
2321,23222981088,23307008176,23309989264,2981088
2322,23232946384,23317008176,23319954560,2946384
2323,23242565072,23327008176,23329573248,2565072
2324,23252820416,23337008176,23339828592,2820416
2325,23262252992,23347008176,23349261168,2252992
2326,23271846096,23357008176,23358854272,1846096
2327,23282952144,23367008176,23369960320,2952144
2328,23292816608,23377008176,23379824784,2816608
2329,23303155920,23387008176,23390164096,3155920
2330,23312237600,23397008176,23399245776,2237600
2331,23322710368,23407008176,23409718544,2710368
2332,23332831552,23417008176,23419839728,2831552
2333,23342290656,23427008176,23429298832,2290656
2334,23351227408,23437008176,23438235584,1227408
2335,23360949856,23447008176,23447958032,949856
2336,23371705552,23457008176,23458713728,1705552
2337,23382747952,23467008176,23469756128,2747952
2338,23392664976,23477008176,23479673152,2664976
2339,23403037536,23487008176,23490045712,3037536
2340,23412225008,23497008176,23499233184,2225008
2341,23422864352,23507008176,23509872528,2864352
2342,23432978160,23517008176,23519986336,2978160
2343,23441941088,23527008176,23528949264,1941088
2344,23452400880,23537008176,23539409056,2400880
2345,23462590864,23547008176,23549599040,2590864
2346,23472785728,23557008176,23559793904,2785728
2347,23483234512,23567008176,23570242688,3234512
2348,23493901664,23577008176,23580909840,3901664
2349,23502860640,23587008176,23589868816,2860640
2350,23512844336,23597008176,23599852512,2844336
2351,23522728384,23607008176,23609736560,2728384
2352,23533357504,23617008176,23620365680,3357504
2353,23542832176,23627008176,23629840352,2832176
2354,23552808832,23637008176,23639817008,2808832
2355,23562971008,23647008176,23649979184,2971008
2356,23572940432,23657008176,23659948608,2940432
2357,23582991808,23667008176,23669999984,2991808
2358,23592987392,23677008176,23679995568,2987392
2359,23602942032,23687008176,23689950208,2942032
2360,23613122288,23697008176,23700130464,3122288
2361,23622334944,23707008176,23709343120,2334944
2362,23633998032,23717008176,23721006208,3998032
2363,23643512560,23727008176,23730520736,3512560
2364,23653456240,23737008176,23740464416,3456240
2365,23663376928,23747008176,23750385104,3376928
2366,23672875040,23757008176,23759883216,2875040
2367,23682974512,23767008176,23769982688,2974512
2368,23692985616,23777008176,23779993792,2985616
2369,23702869696,23787008176,23789877872,2869696
2370,23712911440,23797008176,23799919616,2911440
2371,23722894432,23807008176,23809902608,2894432
2372,23733002160,23817008176,23820010336,3002160
2373,23742798496,23827008176,23829806672,2798496
2374,23752763568,23837008176,23839771744,2763568
2375,23762212368,23847008176,23849220544,2212368
2376,23772620480,23857008176,23859628656,2620480
2377,23782931712,23867008176,23869939888,2931712
2378,23792822880,23877008176,23879831056,2822880
2379,23802901344,23887008176,23889909520,2901344
2380,23812937136,23897008176,23899945312,2937136
2381,23822974240,23907008176,23909982416,2974240
2382,23832680384,23917008176,23919688560,2680384
2383,23842671024,23927008176,23929679200,2671024
2384,23852812832,23937008176,23939821008,2812832
2385,23862966992,23947008176,23949975168,2966992
2386,23872703792,23957008176,23959711968,2703792
2387,23882848960,23967008176,23969857136,2848960
2388,23892974128,23977008176,23979982304,2974128
2389,23902148592,23987008176,23989156768,2148592
2390,23912545184,23997008176,23999553360,2545184
2391,23922815600,24007008176,24009823776,2815600
2392,23932859712,24017008176,24019867888,2859712
2393,23942648656,24027008176,24029656832,2648656
2394,23952789952,24037008176,24039798128,2789952
2395,23962914608,24047008176,24049922784,2914608
2396,23972850816,24057008176,24059858992,2850816
2397,23982768448,24067008176,24069776624,2768448
2398,23992627152,24077008176,24079635328,2627152
2399,24002789232,24087008176,24089797408,2789232
2400,24012870768,24097008176,24099878944,2870768
2401,24022908736,24107008176,24109916912,2908736
2402,24033226048,24117008176,24120234224,3226048
2403,24042548128,24127008176,24129556304,2548128
2404,24052745408,24137008176,24139753584,2745408
2405,24062799184,24147008176,24149807360,2799184
2406,24072368544,24157008176,24159376720,2368544
2407,24082773488,24167008176,24169781664,2773488
2408,24092878528,24177008176,24179886704,2878528
2409,24102848560,24187008176,24189856736,2848560
2410,24112796512,24197008176,24199804688,2796512
2411,24122894896,24207008176,24209903072,2894896
2412,24132817616,24217008176,24219825792,2817616
2413,24142323072,24227008176,24229331248,2323072
2414,24152618624,24237008176,24239626800,2618624
2415,24163049776,24247008176,24250057952,3049776
2416,24173059056,24257008176,24260067232,3059056
2417,24181828544,24267008176,24268836720,1828544
2418,24192388896,24277008176,24279397072,2388896
2419,24202663728,24287008176,24289671904,2663728
2420,24212942816,24297008176,24299950992,2942816
2421,24223077232,24307008176,24310085408,3077232
2422,24232885952,24317008176,24319894128,2885952
2423,24242817424,24327008176,24329825600,2817424
2424,24253274032,24337008176,24340282208,3274032
2425,24262889104,24347008176,24349897280,2889104
2426,24273682272,24357008176,24360690448,3682272
2427,24282765648,24367008176,24369773824,2765648
2428,24293299568,24377008176,24380307744,3299568
2429,24302759952,24387008176,24389768128,2759952
2430,24312149696,24397008176,24399157872,2149696
2431,24322485456,24407008176,24409493632,2485456
2432,24332789328,24417008176,24419797504,2789328
2433,24342675312,24427008176,24429683488,2675312
2434,24353656528,24437008176,24440664704,3656528
2435,24363565888,24447008176,24450574064,3565888
2436,24373489120,24457008176,24460497296,3489120
2437,24382578240,24467008176,24469586416,2578240
2438,24393251712,24477008176,24480259888,3251712
2439,24402965040,24487008176,24489973216,2965040
2440,24412251744,24497008176,24499259920,2251744
2441,24423516224,24507008176,24510524400,3516224
2442,24432470048,24517008176,24519478224,2470048
2443,24442417552,24527008176,24529425728,2417552
2444,24452789424,24537008176,24539797600,2789424
2445,24462952944,24547008176,24549961120,2952944
2446,24471949168,24557008176,24558957344,1949168
2447,24482584416,24567008176,24569592592,2584416
2448,24492527696,24577008176,24579535872,2527696
2449,24502537152,24587008176,24589545328,2537152
2450,24512677776,24597008176,24599685952,2677776
2451,24522854112,24607008176,24609862288,2854112
2452,24533006128,24617008176,24620014304,3006128
2453,24542497360,24627008176,24629505536,2497360
2454,24552433216,24637008176,24639441392,2433216
2455,24562792224,24647008176,24649800400,2792224
2456,24572843168,24657008176,24659851344,2843168
2457,24582843552,24667008176,24669851728,2843552
2458,24592973888,24677008176,24679982064,2973888
2459,24602887776,24687008176,24689895952,2887776
2460,24612979696,24697008176,24699987872,2979696
2461,24623008928,24707008176,24710017104,3008928
2462,24632560144,24717008176,24719568320,2560144
2463,24642525680,24727008176,24729533856,2525680
2464,24653024816,24737008176,24740032992,3024816
2465,24662799280,24747008176,24749807456,2799280
2466,24673160272,24757008176,24760168448,3160272
2467,24682775344,24767008176,24769783520,2775344
2468,24692824080,24777008176,24779832256,2824080
2469,24702672480,24787008176,24789680656,2672480
2470,24712851008,24797008176,24799859184,2851008
2471,24722625248,24807008176,24809633424,2625248
2472,24732791008,24817008176,24819799184,2791008
2473,24742551216,24827008176,24829559392,2551216
2474,24753338336,24837008176,24840346512,3338336
2475,24762874848,24847008176,24849883024,2874848
2476,24772480864,24857008176,24859489040,2480864
2477,24782878064,24867008176,24869886240,2878064
2478,24793451152,24877008176,24880459328,3451152
2479,24802678688,24887008176,24889686864,2678688
2480,24812922496,24897008176,24899930672,2922496
2481,24822874464,24907008176,24909882640,2874464
2482,24832317296,24917008176,24919325472,2317296
2483,24843899504,24927008176,24930907680,3899504
2484,24853067568,24937008176,24940075744,3067568
2485,24862429680,24947008176,24949437856,2429680
2486,24872579664,24957008176,24959587840,2579664
2487,24882719232,24967008176,24969727408,2719232
2488,24892893616,24977008176,24979901792,2893616
2489,24902787392,24987008176,24989795568,2787392
2490,24912265024,24997008176,24999273200,2265024
2491,24922440608,25007008176,25009448784,2440608
2492,24932779424,25017008176,25019787600,2779424
2493,24942422368,25027008176,25029430544,2422368
2494,24952514320,25037008176,25039522496,2514320
2495,24962712080,25047008176,25049720256,2712080
2496,24972664624,25057008176,25059672800,2664624
2497,24982706768,25067008176,25069714944,2706768
2498,24993393552,25077008176,25080401728,3393552
2499,25002464688,25087008176,25089472864,2464688
2500,25012754928,25097008176,25099763104,2754928
2501,25022718080,25107008176,25109726256,2718080
2502,25032496896,25117008176,25119505072,2496896
2503,25042709232,25127008176,25129717408,2709232
2504,25052859584,25137008176,25139867760,2859584
2505,25062824128,25147008176,25149832304,2824128
2506,25072863456,25157008176,25159871632,2863456
2507,25082566032,25167008176,25169574208,2566032
2508,25092745424,25177008176,25179753600,2745424
2509,25102745872,25187008176,25189754048,2745872
2510,25112679696,25197008176,25199687872,2679696
2511,25123449776,25207008176,25210457952,3449776
2512,25132884208,25217008176,25219892384,2884208
2513,25141723216,25227008176,25228731392,1723216
2514,25152203504,25237008176,25239211680,2203504
2515,25163163632,25247008176,25250171808,3163632
2516,25172581872,25257008176,25259590048,2581872
2517,25181774992,25267008176,25268783168,1774992
2518,25191873760,25277008176,25278881936,1873760
2519,25202371600,25287008176,25289379776,2371600
2520,25212656960,25297008176,25299665136,2656960
2521,25222794528,25307008176,25309802704,2794528
2522,25232255840,25317008176,25319264016,2255840
2523,25242753840,25327008176,25329762016,2753840
2524,25252919744,25337008176,25339927920,2919744
2525,25262787552,25347008176,25349795728,2787552
2526,25272698336,25357008176,25359706512,2698336
2527,25282780384,25367008176,25369788560,2780384
2528,25292798032,25377008176,25379806208,2798032
2529,25302559552,25387008176,25389567728,2559552
2530,25312195760,25397008176,25399203936,2195760
2531,25322581376,25407008176,25409589552,2581376
2532,25333221776,25417008176,25420229952,3221776
2533,25342650576,25427008176,25429658752,2650576
2534,25352816464,25437008176,25439824640,2816464
2535,25362920048,25447008176,25449928224,2920048
2536,25372791392,25457008176,25459799568,2791392
2537,25382965232,25467008176,25469973408,2965232
2538,25392684928,25477008176,25479693104,2684928
2539,25402798816,25487008176,25489806992,2798816
2540,25412828272,25497008176,25499836448,2828272
2541,25422558496,25507008176,25509566672,2558496
2542,25432792192,25517008176,25519800368,2792192
2543,25442662112,25527008176,25529670288,2662112
2544,25453102912,25537008176,25540111088,3102912
2545,25463201776,25547008176,25550209952,3201776
2546,25472922448,25557008176,25559930624,2922448
2547,25482483584,25567008176,25569491760,2483584
2548,25493246576,25577008176,25580254752,3246576
2549,25502499968,25587008176,25589508144,2499968
2550,25512655952,25597008176,25599664128,2655952
2551,25523372768,25607008176,25610380944,3372768
2552,25532858480,25617008176,25619866656,2858480
2553,25542457328,25627008176,25629465504,2457328
2554,25552395520,25637008176,25639403696,2395520
2555,25562755584,25647008176,25649763760,2755584
2556,25572879744,25657008176,25659887920,2879744
2557,25581441856,25667008176,25668450032,1441856
2558,25591186640,25677008176,25678194816,1186640
2559,25601306544,25687008176,25688314720,1306544
PERIODIC LATENCY CHUNK end=2560
2560,25611089968,25697008176,25698098144,1089968
2561,25620990768,25707008176,25707998944,990768
2562,25631038880,25717008176,25718047056,1038880
2563,25641195008,25727008176,25728203184,1195008
2564,25651693808,25737008176,25738701984,1693808
2565,25663280272,25747008176,25750288448,3280272
2566,25672891824,25757008176,25759900000,2891824
2567,25682473488,25767008176,25769481664,2473488
2568,25692785984,25777008176,25779794160,2785984
2569,25703000224,25787008176,25790008400,3000224
2570,25712919456,25797008176,25799927632,2919456
2571,25722933504,25807008176,25809941680,2933504
2572,25733125440,25817008176,25820133616,3125440
2573,25742633680,25827008176,25829641856,2633680
2574,25752895136,25837008176,25839903312,2895136
2575,25761845216,25847008176,25848853392,1845216
2576,25772357680,25857008176,25859365856,2357680
2577,25782752448,25867008176,25869760624,2752448
2578,25792897472,25877008176,25879905648,2897472
2579,25802719248,25887008176,25889727424,2719248
2580,25812841952,25897008176,25899850128,2841952
2581,25822823296,25907008176,25909831472,2823296
2582,25832114224,25917008176,25919122400,2114224
2583,25842586976,25927008176,25929595152,2586976
2584,25853466736,25937008176,25940474912,3466736
2585,25863262432,25947008176,25950270608,3262432
2586,25872480080,25957008176,25959488256,2480080
2587,25883445296,25967008176,25970453472,3445296
2588,25892480992,25977008176,25979489168,2480992
2589,25902413072,25987008176,25989421248,2413072
2590,25912607696,25997008176,25999615872,2607696
2591,25922568336,26007008176,26009576512,2568336
2592,25932516832,26017008176,26019525008,2516832
2593,25942733904,26027008176,26029742080,2733904
2594,25952937632,26037008176,26039945808,2937632
2595,25963013840,26047008176,26050022016,3013840
2596,25972514688,26057008176,26059522864,2514688
2597,25982918592,26067008176,26069926768,2918592
2598,25992797632,26077008176,26079805808,2797632
2599,26002603504,26087008176,26089611680,2603504
2600,26012923312,26097008176,26099931488,2923312
2601,26023004512,26107008176,26110012688,3004512
2602,26032643920,26117008176,26119652096,2643920
2603,26042751152,26127008176,26129759328,2751152
2604,26052967376,26137008176,26139975552,2967376
2605,26062746560,26147008176,26149754736,2746560
2606,26073014224,26157008176,26160022400,3014224
2607,26082270272,26167008176,26169278448,2270272
2608,26093453760,26177008176,26180461936,3453760
2609,26103152256,26187008176,26190160432,3152256
2610,26112946496,26197008176,26199954672,2946496
2611,26122925568,26207008176,26209933744,2925568
2612,26132982688,26217008176,26219990864,2982688
2613,26142060752,26227008176,26229068928,2060752
2614,26152780592,26237008176,26239788768,2780592
2615,26162952800,26247008176,26249960976,2952800
2616,26172911344,26257008176,26259919520,2911344
2617,26182320720,26267008176,26269328896,2320720
2618,26192994592,26277008176,26280002768,2994592
2619,26201428144,26287008176,26288436320,1428144
2620,26212201664,26297008176,26299209840,2201664
2621,26222190384,26307008176,26309198560,2190384
2622,26232429648,26317008176,26319437824,2429648
2623,26242614848,26327008176,26329623024,2614848
2624,26252742896,26337008176,26339751072,2742896
2625,26262457008,26347008176,26349465184,2457008
2626,26272727072,26357008176,26359735248,2727072
2627,26283352304,26367008176,26370360480,3352304
2628,26292499344,26377008176,26379507520,2499344
2629,26303305376,26387008176,26390313552,3305376
2630,26311668736,26397008176,26398676912,1668736
2631,26322141824,26407008176,26409150000,2141824
2632,26332301552,26417008176,26419309728,2301552
2633,26342441568,26427008176,26429449744,2441568
2634,26352820240,26437008176,26439828416,2820240
2635,26362748912,26447008176,26449757088,2748912
2636,26373144112,26457008176,26460152288,3144112
2637,26383117712,26467008176,26470125888,3117712
2638,26392901008,26477008176,26479909184,2901008
2639,26402476720,26487008176,26489484896,2476720
2640,26412786704,26497008176,26499794880,2786704
2641,26422519344,26507008176,26509527520,2519344
2642,26432350832,26517008176,26519359008,2350832
2643,26442202144,26527008176,26529210320,2202144
2644,26452837952,26537008176,26539846128,2837952
2645,26463056352,26547008176,26550064528,3056352
2646,26472851664,26557008176,26559859840,2851664
2647,26482837696,26567008176,26569845872,2837696
2648,26492683936,26577008176,26579692112,2683936
2649,26502943136,26587008176,26589951312,2943136
2650,26512847456,26597008176,26599855632,2847456
2651,26523049616,26607008176,26610057792,3049616
2652,26532469472,26617008176,26619477648,2469472
2653,26542608176,26627008176,26629616352,2608176
2654,26553024768,26637008176,26640032944,3024768
2655,26562905008,26647008176,26649913184,2905008
2656,26572689200,26657008176,26659697376,2689200
2657,26582973968,26667008176,26669982144,2973968
2658,26592965120,26677008176,26679973296,2965120
2659,26602703376,26687008176,26689711552,2703376
2660,26612926272,26697008176,26699934448,2926272
2661,26622860576,26707008176,26709868752,2860576
2662,26633185792,26717008176,26720193968,3185792
2663,26642548384,26727008176,26729556560,2548384
2664,26652658128,26737008176,26739666304,2658128
2665,26662732656,26747008176,26749740832,2732656
2666,26672826240,26757008176,26759834416,2826240
2667,26682381072,26767008176,26769389248,2381072
2668,26692832256,26777008176,26779840432,2832256
2669,26702622672,26787008176,26789630848,2622672
2670,26712911856,26797008176,26799920032,2911856
2671,26722715344,26807008176,26809723520,2715344
2672,26732506096,26817008176,26819514272,2506096
2673,26742854672,26827008176,26829862848,2854672
2674,26752862288,26837008176,26839870464,2862288
2675,26762544592,26847008176,26849552768,2544592
2676,26773207120,26857008176,26860215296,3207120
2677,26782836912,26867008176,26869845088,2836912
2678,26792863536,26877008176,26879871712,2863536
2679,26803391216,26887008176,26890399392,3391216
2680,26812752736,26897008176,26899760912,2752736
2681,26822801648,26907008176,26909809824,2801648
2682,26832785136,26917008176,26919793312,2785136
2683,26842741264,26927008176,26929749440,2741264
2684,26853228480,26937008176,26940236656,3228480
2685,26862635712,26947008176,26949643888,2635712
2686,26872763488,26957008176,26959771664,2763488
2687,26882714880,26967008176,26969723056,2714880
2688,26892802592,26977008176,26979810768,2802592
2689,26901591536,26987008176,26988599712,1591536
2690,26912670064,26997008176,26999678240,2670064
2691,26922889584,27007008176,27009897760,2889584
2692,26931798752,27017008176,27018806928,1798752
2693,26941787776,27027008176,27028795952,1787776
2694,26952146528,27037008176,27039154704,2146528
2695,26962713584,27047008176,27049721760,2713584
2696,26972856064,27057008176,27059864240,2856064
2697,26982670880,27067008176,27069679056,2670880
2698,26992910144,27077008176,27079918320,2910144
2699,27003387952,27087008176,27090396128,3387952
2700,27012659056,27097008176,27099667232,2659056
2701,27022818624,27107008176,27109826800,2818624
2702,27032628320,27117008176,27119636496,2628320
2703,27042690976,27127008176,27129699152,2690976
2704,27052462576,27137008176,27139470752,2462576
2705,27062879088,27147008176,27149887264,2879088
2706,27072291568,27157008176,27159299744,2291568
2707,27082698608,27167008176,27169706784,2698608
2708,27093116544,27177008176,27180124720,3116544
2709,27102982736,27187008176,27189990912,2982736
2710,27112809056,27197008176,27199817232,2809056
2711,27122936736,27207008176,27209944912,2936736
2712,27132630608,27217008176,27219638784,2630608
2713,27141985968,27227008176,27228994144,1985968
2714,27152489632,27237008176,27239497808,2489632
2715,27162710208,27247008176,27249718384,2710208
2716,27172636864,27257008176,27259645040,2636864
2717,27181335024,27267008176,27268343200,1335024
2718,27192746656,27277008176,27279754832,2746656
2719,27202821952,27287008176,27289830128,2821952
2720,27212962576,27297008176,27299970752,2962576
2721,27222874288,27307008176,27309882464,2874288
2722,27232589760,27317008176,27319597936,2589760
2723,27242393344,27327008176,27329401520,2393344
2724,27252898688,27337008176,27339906864,2898688
2725,27262839360,27347008176,27349847536,2839360
2726,27272141504,27357008176,27359149680,2141504
2727,27282811712,27367008176,27369819888,2811712
2728,27292798528,27377008176,27379806704,2798528
2729,27302698768,27387008176,27389706944,2698768
2730,27312158528,27397008176,27399166704,2158528
2731,27322742288,27407008176,27409750464,2742288
2732,27332620528,27417008176,27419628704,2620528
2733,27342655104,27427008176,27429663280,2655104
2734,27353028048,27437008176,27440036224,3028048
2735,27362919744,27447008176,27449927920,2919744
2736,27372923920,27457008176,27459932096,2923920
2737,27382860944,27467008176,27469869120,2860944
2738,27392881408,27477008176,27479889584,2881408
2739,27402735840,27487008176,27489744016,2735840
2740,27412331152,27497008176,27499339328,2331152
2741,27422835120,27507008176,27509843296,2835120
2742,27432635920,27517008176,27519644096,2635920
2743,27442492608,27527008176,27529500784,2492608
2744,27452776192,27537008176,27539784368,2776192
2745,27462852464,27547008176,27549860640,2852464
2746,27472809984,27557008176,27559818160,2809984
2747,27482935728,27567008176,27569943904,2935728
2748,27492712464,27577008176,27579720640,2712464
2749,27503102976,27587008176,27590111152,3102976
2750,27512859472,27597008176,27599867648,2859472
2751,27523032960,27607008176,27610041136,3032960
2752,27532696640,27617008176,27619704816,2696640
2753,27542917392,27627008176,27629925568,2917392
2754,27552793664,27637008176,27639801840,2793664
2755,27562795552,27647008176,27649803728,2795552
2756,27572453280,27657008176,27659461456,2453280
2757,27582931056,27667008176,27669939232,2931056
2758,27592864848,27677008176,27679873024,2864848
2759,27602616736,27687008176,27689624912,2616736
2760,27613030800,27697008176,27700038976,3030800
2761,27623539504,27707008176,27710547680,3539504
2762,27633232928,27717008176,27720241104,3232928
2763,27642540512,27727008176,27729548688,2540512
2764,27652805440,27737008176,27739813616,2805440
2765,27662638976,27747008176,27749647152,2638976
2766,27672903552,27757008176,27759911728,2903552
2767,27682419552,27767008176,27769427728,2419552
2768,27692827744,27777008176,27779835920,2827744
2769,27703138192,27787008176,27790146368,3138192
2770,27712870016,27797008176,27799878192,2870016
2771,27722938688,27807008176,27809946864,2938688
2772,27732816160,27817008176,27819824336,2816160
2773,27743060144,27827008176,27830068320,3060144
2774,27752832560,27837008176,27839840736,2832560
2775,27761933408,27847008176,27848941584,1933408
2776,27772912704,27857008176,27859920880,2912704
2777,27782789744,27867008176,27869797920,2789744
2778,27793740112,27877008176,27880748288,3740112
2779,27802802064,27887008176,27889810240,2802064
2780,27812902208,27897008176,27899910384,2902208
2781,27823735376,27907008176,27910743552,3735376
2782,27832676224,27917008176,27919684400,2676224
2783,27842387424,27927008176,27929395600,2387424
2784,27852816736,27937008176,27939824912,2816736
2785,27862828848,27947008176,27949837024,2828848
2786,27872768944,27957008176,27959777120,2768944
2787,27882979024,27967008176,27969987200,2979024
2788,27892791584,27977008176,27979799760,2791584
2789,27901811088,27987008176,27988819264,1811088
2790,27912514000,27997008176,27999522176,2514000
2791,27922575712,28007008176,28009583888,2575712
2792,27932577488,28017008176,28019585664,2577488
2793,27942997104,28027008176,28030005280,2997104
2794,27952728816,28037008176,28039736992,2728816
2795,27962941312,28047008176,28049949488,2941312
2796,27972802464,28057008176,28059810640,2802464
2797,27982853392,28067008176,28069861568,2853392
2798,27993568976,28077008176,28080577152,3568976
2799,28002395024,28087008176,28089403200,2395024
2800,28012854992,28097008176,28099863168,2854992
2801,28023469536,28107008176,28110477712,3469536
2802,28032594912,28117008176,28119603088,2594912
2803,28042889088,28127008176,28129897264,2889088
2804,28052769104,28137008176,28139777280,2769104
2805,28062633968,28147008176,28149642144,2633968
2806,28072429824,28157008176,28159438000,2429824
2807,28082649632,28167008176,28169657808,2649632
2808,28092761008,28177008176,28179769184,2761008
2809,28102703744,28187008176,28189711920,2703744
2810,28112915776,28197008176,28199923952,2915776
2811,28122618480,28207008176,28209626656,2618480
2812,28132823344,28217008176,28219831520,2823344
2813,28142174016,28227008176,28229182192,2174016
2814,28152473920,28237008176,28239482096,2473920
2815,28162677152,28247008176,28249685328,2677152
PERIODIC LATENCY CHUNK end=2816
2816,28172887472,28257008176,28259895648,2887472
2817,28182301680,28267008176,28269309856,2301680
2818,28192990544,28277008176,28279998720,2990544
2819,28202838224,28287008176,28289846400,2838224
2820,28212994688,28297008176,28300002864,2994688
2821,28222856704,28307008176,28309864880,2856704
2822,28233032272,28317008176,28320040448,3032272
2823,28242552240,28327008176,28329560416,2552240
2824,28252932080,28337008176,28339940256,2932080
2825,28262665376,28347008176,28349673552,2665376
2826,28272716688,28357008176,28359724864,2716688
2827,28283323296,28367008176,28370331472,3323296
2828,28292579056,28377008176,28379587232,2579056
2829,28302709680,28387008176,28389717856,2709680
2830,28312262736,28397008176,28399270912,2262736
2831,28322513920,28407008176,28409522096,2513920
2832,28332824128,28417008176,28419832304,2824128
2833,28342655248,28427008176,28429663424,2655248
2834,28352914464,28437008176,28439922640,2914464
2835,28362881168,28447008176,28449889344,2881168
2836,28372691040,28457008176,28459699216,2691040
2837,28382821136,28467008176,28469829312,2821136
2838,28392926512,28477008176,28479934688,2926512
2839,28402441184,28487008176,28489449360,2441184
2840,28412290864,28497008176,28499299040,2290864
2841,28422510032,28507008176,28509518208,2510032
2842,28432936992,28517008176,28519945168,2936992
2843,28442534928,28527008176,28529543104,2534928
2844,28452745680,28537008176,28539753856,2745680
2845,28463028688,28547008176,28550036864,3028688
2846,28472991904,28557008176,28560000080,2991904
2847,28482777056,28567008176,28569785232,2777056
2848,28492943312,28577008176,28579951488,2943312
2849,28502873568,28587008176,28589881744,2873568
2850,28512876384,28597008176,28599884560,2876384
2851,28522939584,28607008176,28609947760,2939584
2852,28533800544,28617008176,28620808720,3800544
2853,28542439440,28627008176,28629447616,2439440
2854,28553045808,28637008176,28640053984,3045808
2855,28562613904,28647008176,28649622080,2613904
2856,28572698288,28657008176,28659706464,2698288
2857,28582565488,28667008176,28669573664,2565488
2858,28593656064,28677008176,28680664240,3656064
2859,28602593936,28687008176,28689602112,2593936
2860,28613268944,28697008176,28700277120,3268944
2861,28623126592,28707008176,28710134768,3126592
2862,28632872416,28717008176,28719880592,2872416
2863,28641300128,28727008176,28728308304,1300128
2864,28650911792,28737008176,28737919968,911792
2865,28660899136,28747008176,28747907312,899136
2866,28671459776,28757008176,28758467952,1459776
2867,28681314224,28767008176,28768322400,1314224
2868,28691333600,28777008176,28778341776,1333600
2869,28701488096,28787008176,28788496272,1488096
2870,28711520256,28797008176,28798528432,1520256
2871,28722086880,28807008176,28809095056,2086880
2872,28733758656,28817008176,28820766832,3758656
2873,28742900176,28827008176,28829908352,2900176
2874,28752706448,28837008176,28839714624,2706448
2875,28762681344,28847008176,28849689520,2681344
2876,28773533200,28857008176,28860541376,3533200
2877,28782344256,28867008176,28869352432,2344256
2878,28793691776,28877008176,28880699952,3691776
2879,28802389872,28887008176,28889398048,2389872
2880,28812699472,28897008176,28899707648,2699472
2881,28822886432,28907008176,28909894608,2886432
2882,28832600000,28917008176,28919608176,2600000
2883,28843534496,28927008176,28930542672,3534496
2884,28852550576,28937008176,28939558752,2550576
2885,28862638800,28947008176,28949646976,2638800
2886,28873695168,28957008176,28960703344,3695168
2887,28883320480,28967008176,28970328656,3320480
2888,28892534272,28977008176,28979542448,2534272
2889,28902323152,28987008176,28989331328,2323152
2890,28912935456,28997008176,28999943632,2935456
2891,28923270592,29007008176,29010278768,3270592
2892,28932759968,29017008176,29019768144,2759968
2893,28942435552,29027008176,29029443728,2435552
2894,28953265152,29037008176,29040273328,3265152
2895,28962945504,29047008176,29049953680,2945504
2896,28972892240,29057008176,29059900416,2892240
2897,28983075520,29067008176,29070083696,3075520
2898,28993056576,29077008176,29080064752,3056576
2899,29003180272,29087008176,29090188448,3180272
2900,29013040896,29097008176,29100049072,3040896
2901,29022866864,29107008176,29109875040,2866864
2902,29032725824,29117008176,29119734000,2725824
2903,29042594624,29127008176,29129602800,2594624
2904,29053092912,29137008176,29140101088,3092912
2905,29063015760,29147008176,29150023936,3015760
2906,29073140784,29157008176,29160148960,3140784
2907,29082442896,29167008176,29169451072,2442896
2908,29093311920,29177008176,29180320096,3311920
2909,29102721936,29187008176,29189730112,2721936
2910,29112740624,29197008176,29199748800,2740624
2911,29123194080,29207008176,29210202256,3194080
2912,29131172672,29217008176,29218180848,1172672
2913,29141330528,29227008176,29228338704,1330528
2914,29151378192,29237008176,29238386368,1378192
2915,29161663232,29247008176,29248671408,1663232
2916,29172075808,29257008176,29259083984,2075808
2917,29182386288,29267008176,29269394464,2386288
2918,29192624976,29277008176,29279633152,2624976
2919,29202918160,29287008176,29289926336,2918160
2920,29212721792,29297008176,29299729968,2721792
2921,29222837696,29307008176,29309845872,2837696
2922,29232369024,29317008176,29319377200,2369024
2923,29242510304,29327008176,29329518480,2510304
2924,29252828688,29337008176,29339836864,2828688
2925,29262588224,29347008176,29349596400,2588224
2926,29272547440,29357008176,29359555616,2547440
2927,29282931920,29367008176,29369940096,2931920
2928,29292851760,29377008176,29379859936,2851760
2929,29302830432,29387008176,29389838608,2830432
2930,29312138496,29397008176,29399146672,2138496
2931,29322467984,29407008176,29409476160,2467984
2932,29332247936,29417008176,29419256112,2247936
2933,29342445936,29427008176,29429454112,2445936
2934,29352853248,29437008176,29439861424,2853248
2935,29362855696,29447008176,29449863872,2855696
2936,29372889184,29457008176,29459897360,2889184
2937,29382685952,29467008176,29469694128,2685952
2938,29392982016,29477008176,29479990192,2982016
2939,29402821744,29487008176,29489829920,2821744
2940,29412289152,29497008176,29499297328,2289152
2941,29422458976,29507008176,29509467152,2458976
2942,29432472960,29517008176,29519481136,2472960
2943,29442753168,29527008176,29529761344,2753168
2944,29452810960,29537008176,29539819136,2810960
2945,29461800752,29547008176,29548808928,1800752
2946,29472042848,29557008176,29559051024,2042848
2947,29483211600,29567008176,29570219776,3211600
2948,29493271056,29577008176,29580279232,3271056
2949,29502430432,29587008176,29589438608,2430432
2950,29512945136,29597008176,29599953312,2945136
2951,29522989248,29607008176,29609997424,2989248
2952,29533288512,29617008176,29620296688,3288512
2953,29542657824,29627008176,29629666000,2657824
2954,29552767792,29637008176,29639775968,2767792
2955,29562788624,29647008176,29649796800,2788624
2956,29572675152,29657008176,29659683328,2675152
2957,29582342800,29667008176,29669350976,2342800
2958,29592618832,29677008176,29679627008,2618832
2959,29602885520,29687008176,29689893696,2885520
2960,29612705712,29697008176,29699713888,2705712
2961,29623038240,29707008176,29710046416,3038240
2962,29632537312,29717008176,29719545488,2537312
2963,29642657600,29727008176,29729665776,2657600
2964,29653175888,29737008176,29740184064,3175888
2965,29662771968,29747008176,29749780144,2771968
2966,29672898496,29757008176,29759906672,2898496
2967,29682730032,29767008176,29769738208,2730032
2968,29692835472,29777008176,29779843648,2835472
2969,29703053856,29787008176,29790062032,3053856
2970,29712741904,29797008176,29799750080,2741904
2971,29722808512,29807008176,29809816688,2808512
2972,29733960336,29817008176,29820968512,3960336
2973,29742709296,29827008176,29829717472,2709296
2974,29752715424,29837008176,29839723600,2715424
2975,29762266512,29847008176,29849274688,2266512
2976,29772626704,29857008176,29859634880,2626704
2977,29782846800,29867008176,29869854976,2846800
2978,29792924592,29877008176,29879932768,2924592
2979,29802617312,29887008176,29889625488,2617312
2980,29812727312,29897008176,29899735488,2727312
2981,29822810544,29907008176,29909818720,2810544
2982,29833354384,29917008176,29920362560,3354384
2983,29842516448,29927008176,29929524624,2516448
2984,29853023088,29937008176,29940031264,3023088
2985,29862772336,29947008176,29949780512,2772336
2986,29872639504,29957008176,29959647680,2639504
2987,29883089232,29967008176,29970097408,3089232
2988,29892701552,29977008176,29979709728,2701552
2989,29902211808,29987008176,29989219984,2211808
2990,29912705760,29997008176,29999713936,2705760
2991,29922718608,30007008176,30009726784,2718608
2992,29932925184,30017008176,30019933360,2925184
2993,29942659920,30027008176,30029668096,2659920
2994,29952737648,30037008176,30039745824,2737648
2995,29962783680,30047008176,30049791856,2783680
2996,29973318720,30057008176,30060326896,3318720
2997,29982623616,30067008176,30069631792,2623616
2998,29993188288,30077008176,30080196464,3188288
2999,30002507792,30087008176,30089515968,2507792
3000,30012732864,30097008176,30099741040,2732864
3001,30022619760,30107008176,30109627936,2619760
3002,30032755056,30117008176,30119763232,2755056
3003,30042979344,30127008176,30129987520,2979344
3004,30053569392,30137008176,30140577568,3569392
3005,30063238656,30147008176,30150246832,3238656
3006,30073032800,30157008176,30160040976,3032800
3007,30082671904,30167008176,30169680080,2671904
3008,30092945968,30177008176,30179954144,2945968
3009,30102529712,30187008176,30189537888,2529712
3010,30112660880,30197008176,30199669056,2660880
3011,30122840192,30207008176,30209848368,2840192
3012,30132566640,30217008176,30219574816,2566640
3013,30142102752,30227008176,30229110928,2102752
3014,30152756864,30237008176,30239765040,2756864
3015,30162956256,30247008176,30249964432,2956256
3016,30172713552,30257008176,30259721728,2713552
3017,30182291936,30267008176,30269300112,2291936
3018,30192708256,30277008176,30279716432,2708256
3019,30202812768,30287008176,30289820944,2812768
3020,30212750352,30297008176,30299758528,2750352
3021,30222883104,30307008176,30309891280,2883104
3022,30232814288,30317008176,30319822464,2814288
3023,30242827664,30327008176,30329835840,2827664
3024,30252920384,30337008176,30339928560,2920384
3025,30262467888,30347008176,30349476064,2467888
3026,30272490592,30357008176,30359498768,2490592
3027,30283556224,30367008176,30370564400,3556224
3028,30293451264,30377008176,30380459440,3451264
3029,30303468768,30387008176,30390476944,3468768
3030,30312499520,30397008176,30399507696,2499520
3031,30322717792,30407008176,30409725968,2717792
3032,30332891312,30417008176,30419899488,2891312
3033,30342486448,30427008176,30429494624,2486448
3034,30352915024,30437008176,30439923200,2915024
3035,30362740512,30447008176,30449748688,2740512
3036,30373003600,30457008176,30460011776,3003600
3037,30382733152,30467008176,30469741328,2733152
3038,30392751120,30477008176,30479759296,2751120
3039,30402553536,30487008176,30489561712,2553536
3040,30412269968,30497008176,30499278144,2269968
3041,30422618832,30507008176,30509627008,2618832
3042,30432935536,30517008176,30519943712,2935536
3043,30442182336,30527008176,30529190512,2182336
3044,30452710352,30537008176,30539718528,2710352
3045,30463341936,30547008176,30550350112,3341936
3046,30472625664,30557008176,30559633840,2625664
3047,30482940624,30567008176,30569948800,2940624
3048,30492687312,30577008176,30579695488,2687312
3049,30503151888,30587008176,30590160064,3151888
3050,30512645840,30597008176,30599654016,2645840
3051,30522705472,30607008176,30609713648,2705472
3052,30532550576,30617008176,30619558752,2550576
3053,30542836096,30627008176,30629844272,2836096
3054,30552925760,30637008176,30639933936,2925760
3055,30562745696,30647008176,30649753872,2745696
3056,30572701520,30657008176,30659709696,2701520
3057,30582296624,30667008176,30669304800,2296624
3058,30592666016,30677008176,30679674192,2666016
3059,30602561936,30687008176,30689570112,2561936
3060,30612828096,30697008176,30699836272,2828096
3061,30622729728,30707008176,30709737904,2729728
3062,30634185424,30717008176,30721193600,4185424
3063,30642581440,30727008176,30729589616,2581440
3064,30652764448,30737008176,30739772624,2764448
3065,30662123072,30747008176,30749131248,2123072
3066,30672301920,30757008176,30759310096,2301920
3067,30682799360,30767008176,30769807536,2799360
3068,30692950224,30777008176,30779958400,2950224
3069,30703373392,30787008176,30790381568,3373392
3070,30712592064,30797008176,30799600240,2592064
3071,30722819344,30807008176,30809827520,2819344
PERIODIC LATENCY CHUNK end=3072
3072,30733849808,30817008176,30820857984,3849808
3073,30743058208,30827008176,30830066384,3058208
3074,30752636336,30837008176,30839644512,2636336
3075,30762300864,30847008176,30849309040,2300864
3076,30773011344,30857008176,30860019520,3011344
3077,30782880688,30867008176,30869888864,2880688
3078,30792836160,30877008176,30879844336,2836160
3079,30802721056,30887008176,30889729232,2721056
3080,30812734752,30897008176,30899742928,2734752
3081,30822889312,30907008176,30909897488,2889312
3082,30832762336,30917008176,30919770512,2762336
3083,30842849504,30927008176,30929857680,2849504
3084,30852834960,30937008176,30939843136,2834960
3085,30863060512,30947008176,30950068688,3060512
3086,30872861120,30957008176,30959869296,2861120
3087,30882841536,30967008176,30969849712,2841536
3088,30892752608,30977008176,30979760784,2752608
3089,30902323776,30987008176,30989331952,2323776
3090,30912796368,30997008176,30999804544,2796368
3091,30922567776,31007008176,31009575952,2567776
3092,30932618016,31017008176,31019626192,2618016
3093,30942221648,31027008176,31029229824,2221648
3094,30952508192,31037008176,31039516368,2508192
3095,30962718864,31047008176,31049727040,2718864
3096,30972684992,31057008176,31059693168,2684992
3097,30982831488,31067008176,31069839664,2831488
3098,30992864064,31077008176,31079872240,2864064
3099,31002598192,31087008176,31089606368,2598192
3100,31012877808,31097008176,31099885984,2877808
3101,31022719104,31107008176,31109727280,2719104
3102,31032723440,31117008176,31119731616,2723440
3103,31042551872,31127008176,31129560048,2551872
3104,31052684224,31137008176,31139692400,2684224
3105,31062780304,31147008176,31149788480,2780304
3106,31072185200,31157008176,31159193376,2185200
3107,31082560464,31167008176,31169568640,2560464
3108,31092707648,31177008176,31179715824,2707648
3109,31102593744,31187008176,31189601920,2593744
3110,31112772608,31197008176,31199780784,2772608
3111,31122567568,31207008176,31209575744,2567568
3112,31132661712,31217008176,31219669888,2661712
3113,31142052912,31227008176,31229061088,2052912
3114,31152428560,31237008176,31239436736,2428560
3115,31162618240,31247008176,31249626416,2618240
3116,31172410240,31257008176,31259418416,2410240
3117,31182264928,31267008176,31269273104,2264928
3118,31192264960,31277008176,31279273136,2264960
3119,31202708032,31287008176,31289716208,2708032
3120,31212977648,31297008176,31299985824,2977648
3121,31222765328,31307008176,31309773504,2765328
3122,31232953664,31317008176,31319961840,2953664
3123,31242447888,31327008176,31329456064,2447888
3124,31252735600,31337008176,31339743776,2735600
3125,31262594864,31347008176,31349603040,2594864
3126,31272280432,31357008176,31359288608,2280432
3127,31282709568,31367008176,31369717744,2709568
3128,31292756128,31377008176,31379764304,2756128
3129,31302909088,31387008176,31389917264,2909088
3130,31312089008,31397008176,31399097184,2089008
3131,31322695728,31407008176,31409703904,2695728
3132,31332934128,31417008176,31419942304,2934128
3133,31342618672,31427008176,31429626848,2618672
3134,31352924992,31437008176,31439933168,2924992
3135,31363499312,31447008176,31450507488,3499312
3136,31373192976,31457008176,31460201152,3192976
3137,31382692096,31467008176,31469700272,2692096
3138,31392730592,31477008176,31479738768,2730592
3139,31402509872,31487008176,31489518048,2509872
3140,31411801840,31497008176,31498810016,1801840
3141,31422163360,31507008176,31509171536,2163360
3142,31432444288,31517008176,31519452464,2444288
3143,31442147840,31527008176,31529156016,2147840
3144,31452423888,31537008176,31539432064,2423888
3145,31462409216,31547008176,31549417392,2409216
3146,31472486688,31557008176,31559494864,2486688
3147,31482600528,31567008176,31569608704,2600528
3148,31492908736,31577008176,31579916912,2908736
3149,31502634496,31587008176,31589642672,2634496
3150,31512771344,31597008176,31599779520,2771344
3151,31522809840,31607008176,31609818016,2809840
3152,31532654992,31617008176,31619663168,2654992
3153,31543302336,31627008176,31630310512,3302336
3154,31552562064,31637008176,31639570240,2562064
3155,31562802976,31647008176,31649811152,2802976
3156,31572784896,31657008176,31659793072,2784896
3157,31582689408,31667008176,31669697584,2689408
3158,31592761632,31677008176,31679769808,2761632
3159,31602913888,31687008176,31689922064,2913888
3160,31612602304,31697008176,31699610480,2602304
3161,31622622992,31707008176,31709631168,2622992
3162,31632592192,31717008176,31719600368,2592192
3163,31642696176,31727008176,31729704352,2696176
3164,31652824416,31737008176,31739832592,2824416
3165,31663324480,31747008176,31750332656,3324480
3166,31673113152,31757008176,31760121328,3113152
3167,31682619056,31767008176,31769627232,2619056
3168,31692836576,31777008176,31779844752,2836576
3169,31701368096,31787008176,31788376272,1368096
3170,31711088944,31797008176,31798097120,1088944
3171,31721161168,31807008176,31808169344,1161168
3172,31731061872,31817008176,31818070048,1061872
3173,31741217680,31827008176,31828225856,1217680
3174,31751206608,31837008176,31838214784,1206608
3175,31760991680,31847008176,31847999856,991680
3176,31771001840,31857008176,31858010016,1001840
3177,31781148304,31867008176,31868156480,1148304
3178,31792155520,31877008176,31879163696,2155520
3179,31803910736,31887008176,31890918912,3910736
3180,31813303312,31897008176,31900311488,3303312
3181,31822634768,31907008176,31909642944,2634768
3182,31833500160,31917008176,31920508336,3500160
3183,31842942976,31927008176,31929951152,2942976
3184,31853084864,31937008176,31940093040,3084864
3185,31862869120,31947008176,31949877296,2869120
3186,31873261712,31957008176,31960269888,3261712
3187,31883426128,31967008176,31970434304,3426128
3188,31892670160,31977008176,31979678336,2670160
3189,31902220944,31987008176,31989229120,2220944
3190,31912598656,31997008176,31999606832,2598656
3191,31922664432,32007008176,32009672608,2664432
3192,31933351408,32017008176,32020359584,3351408
3193,31943146400,32027008176,32030154576,3146400
3194,31953640960,32037008176,32040649136,3640960
3195,31963015600,32047008176,32050023776,3015600
3196,31973261456,32057008176,32060269632,3261456
3197,31983043536,32067008176,32070051712,3043536
3198,31992737744,32077008176,32079745920,2737744
3199,32002720704,32087008176,32089728880,2720704
3200,32012745200,32097008176,32099753376,2745200
3201,32023454960,32107008176,32110463136,3454960
3202,32033217888,32117008176,32120226064,3217888
3203,32043306432,32127008176,32130314608,3306432
3204,32053248032,32137008176,32140256208,3248032
3205,32063297856,32147008176,32150306032,3297856
3206,32071664528,32157008176,32158672704,1664528
3207,32083230912,32167008176,32170239088,3230912
3208,32092859520,32177008176,32179867696,2859520
3209,32102678688,32187008176,32189686864,2678688
3210,32112202032,32197008176,32199210208,2202032
3211,32122594400,32207008176,32209602576,2594400
3212,32132742704,32217008176,32219750880,2742704
3213,32142296416,32227008176,32229304592,2296416
3214,32152455504,32237008176,32239463680,2455504
3215,32163264016,32247008176,32250272192,3264016
3216,32172686912,32257008176,32259695088,2686912
3217,32181947328,32267008176,32268955504,1947328
3218,32192184848,32277008176,32279193024,2184848
3219,32202981504,32287008176,32289989680,2981504
3220,32212838400,32297008176,32299846576,2838400
3221,32222702560,32307008176,32309710736,2702560
3222,32233264752,32317008176,32320272928,3264752
3223,32242697856,32327008176,32329706032,2697856
3224,32252877344,32337008176,32339885520,2877344
3225,32262873072,32347008176,32349881248,2873072
3226,32273022816,32357008176,32360030992,3022816
3227,32282455696,32367008176,32369463872,2455696
3228,32292642368,32377008176,32379650544,2642368
3229,32302871952,32387008176,32389880128,2871952
3230,32313364832,32397008176,32400373008,3364832
3231,32322591488,32407008176,32409599664,2591488
3232,32332851984,32417008176,32419860160,2851984
3233,32342623376,32427008176,32429631552,2623376
3234,32352978336,32437008176,32439986512,2978336
3235,32362583808,32447008176,32449591984,2583808
3236,32371549904,32457008176,32458558080,1549904
3237,32381824016,32467008176,32468832192,1824016
3238,32392935568,32477008176,32479943744,2935568
3239,32403185632,32487008176,32490193808,3185632
3240,32412581584,32497008176,32499589760,2581584
3241,32422405264,32507008176,32509413440,2405264
3242,32432598096,32517008176,32519606272,2598096
3243,32441701664,32527008176,32528709840,1701664
3244,32452637296,32537008176,32539645472,2637296
3245,32462067936,32547008176,32549076112,2067936
3246,32472645472,32557008176,32559653648,2645472
3247,32482455664,32567008176,32569463840,2455664
3248,32492917776,32577008176,32579925952,2917776
3249,32502943600,32587008176,32589951776,2943600
3250,32512431584,32597008176,32599439760,2431584
3251,32522801904,32607008176,32609810080,2801904
3252,32532864976,32617008176,32619873152,2864976
3253,32542543104,32627008176,32629551280,2543104
3254,32554015712,32637008176,32641023888,4015712
3255,32562721872,32647008176,32649730048,2721872
3256,32572726768,32657008176,32659734944,2726768
3257,32582640576,32667008176,32669648752,2640576
3258,32592746768,32677008176,32679754944,2746768
3259,32602599632,32687008176,32689607808,2599632
3260,32612898480,32697008176,32699906656,2898480
3261,32623034416,32707008176,32710042592,3034416
3262,32633606944,32717008176,32720615120,3606944
3263,32643270464,32727008176,32730278640,3270464
3264,32652955392,32737008176,32739963568,2955392
3265,32663566816,32747008176,32750574992,3566816
3266,32672715456,32757008176,32759723632,2715456
3267,32683351696,32767008176,32770359872,3351696
3268,32692875648,32777008176,32779883824,2875648
3269,32702750272,32787008176,32789758448,2750272
3270,32712715280,32797008176,32799723456,2715280
3271,32722695296,32807008176,32809703472,2695296
3272,32732895136,32817008176,32819903312,2895136
3273,32742847728,32827008176,32829855904,2847728
3274,32752868848,32837008176,32839877024,2868848
3275,32762210656,32847008176,32849218832,2210656
3276,32772818368,32857008176,32859826544,2818368
3277,32782708784,32867008176,32869716960,2708784
3278,32792622704,32877008176,32879630880,2622704
3279,32802749520,32887008176,32889757696,2749520
3280,32813369504,32897008176,32900377680,3369504
3281,32822532416,32907008176,32909540592,2532416
3282,32832657488,32917008176,32919665664,2657488
3283,32843459744,32927008176,32930467920,3459744
3284,32853271904,32937008176,32940280080,3271904
3285,32864254944,32947008176,32951263120,4254944
3286,32873157776,32957008176,32960165952,3157776
3287,32883268064,32967008176,32970276240,3268064
3288,32893233888,32977008176,32980242064,3233888
3289,32902467728,32987008176,32989475904,2467728
3290,32913484016,32997008176,33000492192,3484016
3291,32922921168,33007008176,33009929344,2921168
3292,32933370480,33017008176,33020378656,3370480
3293,32942709568,33027008176,33029717744,2709568
3294,32952721472,33037008176,33039729648,2721472
3295,32962751120,33047008176,33049759296,2751120
3296,32972583008,33057008176,33059591184,2583008
3297,32982695872,33067008176,33069704048,2695872
3298,32992828608,33077008176,33079836784,2828608
3299,33002740704,33087008176,33089748880,2740704
3300,33012664144,33097008176,33099672320,2664144
3301,33022514224,33107008176,33109522400,2514224
3302,33032588560,33117008176,33119596736,2588560
3303,33042984416,33127008176,33129992592,2984416
3304,33052888208,33137008176,33139896384,2888208
3305,33062865392,33147008176,33149873568,2865392
3306,33072285600,33157008176,33159293776,2285600
3307,33083401136,33167008176,33170409312,3401136
3308,33092713216,33177008176,33179721392,2713216
3309,33103497408,33187008176,33190505584,3497408
3310,33112111424,33197008176,33199119600,2111424
3311,33121047440,33207008176,33208055616,1047440
3312,33131802592,33217008176,33218810768,1802592
3313,33142538880,33227008176,33229547056,2538880
3314,33152363200,33237008176,33239371376,2363200
3315,33162590480,33247008176,33249598656,2590480
3316,33173029216,33257008176,33260037392,3029216
3317,33182312496,33267008176,33269320672,2312496
3318,33192390608,33277008176,33279398784,2390608
3319,33202728944,33287008176,33289737120,2728944
3320,33212637392,33297008176,33299645568,2637392
3321,33222214304,33307008176,33309222480,2214304
3322,33232249136,33317008176,33319257312,2249136
3323,33242568096,33327008176,33329576272,2568096
3324,33252686032,33337008176,33339694208,2686032
3325,33262926464,33347008176,33349934640,2926464
3326,33272146832,33357008176,33359155008,2146832
3327,33282778736,33367008176,33369786912,2778736
PERIODIC LATENCY CHUNK end=3328
3328,33292683168,33377008176,33379691344,2683168
3329,33302762432,33387008176,33389770608,2762432
3330,33313342512,33397008176,33400350688,3342512
3331,33321907584,33407008176,33408915760,1907584
3332,33332254464,33417008176,33419262640,2254464
3333,33342683232,33427008176,33429691408,2683232
3334,33352621840,33437008176,33439630016,2621840
3335,33363213232,33447008176,33450221408,3213232
3336,33372499776,33457008176,33459507952,2499776
3337,33382669280,33467008176,33469677456,2669280
3338,33392630032,33477008176,33479638208,2630032
3339,33403230160,33487008176,33490238336,3230160
3340,33412702864,33497008176,33499711040,2702864
3341,33421850256,33507008176,33508858432,1850256
3342,33432658640,33517008176,33519666816,2658640
3343,33442886256,33527008176,33529894432,2886256
3344,33452820912,33537008176,33539829088,2820912
3345,33462562112,33547008176,33549570288,2562112
3346,33473084160,33557008176,33560092336,3084160
3347,33483194512,33567008176,33570202688,3194512
3348,33492948256,33577008176,33579956432,2948256
3349,33502712192,33587008176,33589720368,2712192
3350,33512565952,33597008176,33599574128,2565952
3351,33522234672,33607008176,33609242848,2234672
3352,33532141936,33617008176,33619150112,2141936
3353,33542348672,33627008176,33629356848,2348672
3354,33552793824,33637008176,33639802000,2793824
3355,33563064528,33647008176,33650072704,3064528
3356,33572962560,33657008176,33659970736,2962560
3357,33582854080,33667008176,33669862256,2854080
3358,33593071568,33677008176,33680079744,3071568
3359,33602860880,33687008176,33689869056,2860880
3360,33612695616,33697008176,33699703792,2695616
3361,33622818320,33707008176,33709826496,2818320
3362,33632187952,33717008176,33719196128,2187952
3363,33642474720,33727008176,33729482896,2474720
3364,33652774128,33737008176,33739782304,2774128
3365,33662835696,33747008176,33749843872,2835696
3366,33672878592,33757008176,33759886768,2878592
3367,33682628128,33767008176,33769636304,2628128
3368,33692908592,33777008176,33779916768,2908592
3369,33702856704,33787008176,33789864880,2856704
3370,33712991424,33797008176,33799999600,2991424
3371,33722869728,33807008176,33809877904,2869728
3372,33732861136,33817008176,33819869312,2861136
3373,33742739232,33827008176,33829747408,2739232
3374,33752855808,33837008176,33839863984,2855808
3375,33762481072,33847008176,33849489248,2481072
3376,33772668848,33857008176,33859677024,2668848
3377,33782682144,33867008176,33869690320,2682144
3378,33792579984,33877008176,33879588160,2579984
3379,33802579808,33887008176,33889587984,2579808
3380,33812602144,33897008176,33899610320,2602144
3381,33822442112,33907008176,33909450288,2442112
3382,33832397152,33917008176,33919405328,2397152
3383,33842722624,33927008176,33929730800,2722624
3384,33852828416,33937008176,33939836592,2828416
3385,33862759520,33947008176,33949767696,2759520
3386,33872779200,33957008176,33959787376,2779200
3387,33882543712,33967008176,33969551888,2543712
3388,33893062384,33977008176,33980070560,3062384
3389,33902384320,33987008176,33989392496,2384320
3390,33912499184,33997008176,33999507360,2499184
3391,33922879648,34007008176,34009887824,2879648
3392,33932526816,34017008176,34019534992,2526816
3393,33941408464,34027008176,34028416640,1408464
3394,33952065360,34037008176,34039073536,2065360
3395,33961934192,34047008176,34048942368,1934192
3396,33972463360,34057008176,34059471536,2463360
3397,33982842432,34067008176,34069850608,2842432
3398,33993140496,34077008176,34080148672,3140496
3399,34002930192,34087008176,34089938368,2930192
3400,34012938176,34097008176,34099946352,2938176
3401,34023031152,34107008176,34110039328,3031152
3402,34032762480,34117008176,34119770656,2762480
3403,34042672880,34127008176,34129681056,2672880
3404,34053055888,34137008176,34140064064,3055888
3405,34062727568,34147008176,34149735744,2727568
3406,34072439088,34157008176,34159447264,2439088
3407,34082892464,34167008176,34169900640,2892464
3408,34092824000,34177008176,34179832176,2824000
3409,34102716320,34187008176,34189724496,2716320
3410,34112821456,34197008176,34199829632,2821456
3411,34122251936,34207008176,34209260112,2251936
3412,34132540784,34217008176,34219548960,2540784
3413,34142617936,34227008176,34229626112,2617936
3414,34152693296,34237008176,34239701472,2693296
3415,34162572160,34247008176,34249580336,2572160
3416,34172733280,34257008176,34259741456,2733280
3417,34182180352,34267008176,34269188528,2180352
3418,34192593424,34277008176,34279601600,2593424
3419,34202397104,34287008176,34289405280,2397104
3420,34212723744,34297008176,34299731920,2723744
3421,34222773936,34307008176,34309782112,2773936
3422,34233183408,34317008176,34320191584,3183408
3423,34242553568,34327008176,34329561744,2553568
3424,34252662352,34337008176,34339670528,2662352
3425,34262836736,34347008176,34349844912,2836736
3426,34272895424,34357008176,34359903600,2895424
3427,34282318336,34367008176,34369326512,2318336
3428,34292499568,34377008176,34379507744,2499568
3429,34302662064,34387008176,34389670240,2662064
3430,34312735792,34397008176,34399743968,2735792
3431,34322571120,34407008176,34409579296,2571120
3432,34332487568,34417008176,34419495744,2487568
3433,34342852688,34427008176,34429860864,2852688
3434,34352868480,34437008176,34439876656,2868480
3435,34362412896,34447008176,34449421072,2412896
3436,34373476624,34457008176,34460484800,3476624
3437,34382671792,34467008176,34469679968,2671792
3438,34392680432,34477008176,34479688608,2680432
3439,34403023744,34487008176,34490031920,3023744
3440,34412847104,34497008176,34499855280,2847104
3441,34422868096,34507008176,34509876272,2868096
3442,34432723776,34517008176,34519731952,2723776
3443,34442633504,34527008176,34529641680,2633504
3444,34452982768,34537008176,34539990944,2982768
3445,34463059104,34547008176,34550067280,3059104
3446,34472888944,34557008176,34559897120,2888944
3447,34482859968,34567008176,34569868144,2859968
3448,34492811936,34577008176,34579820112,2811936
3449,34502836720,34587008176,34589844896,2836720
3450,34513291776,34597008176,34600299952,3291776
3451,34522641616,34607008176,34609649792,2641616
3452,34532705472,34617008176,34619713648,2705472
3453,34542763744,34627008176,34629771920,2763744
3454,34552883792,34637008176,34639891968,2883792
3455,34562675216,34647008176,34649683392,2675216
3456,34572738688,34657008176,34659746864,2738688
3457,34582760112,34667008176,34669768288,2760112
3458,34592905040,34677008176,34679913216,2905040
3459,34602834720,34687008176,34689842896,2834720
3460,34612853376,34697008176,34699861552,2853376
3461,34622828784,34707008176,34709836960,2828784
3462,34632540096,34717008176,34719548272,2540096
3463,34642318944,34727008176,34729327120,2318944
3464,34653405792,34737008176,34740413968,3405792
3465,34662384416,34747008176,34749392592,2384416
3466,34672609264,34757008176,34759617440,2609264
3467,34683094368,34767008176,34770102544,3094368
3468,34693102368,34777008176,34780110544,3102368
3469,34702364368,34787008176,34789372544,2364368
3470,34713260544,34797008176,34800268720,3260544
3471,34723208368,34807008176,34810216544,3208368
3472,34732433152,34817008176,34819441328,2433152
3473,34742429008,34827008176,34829437184,2429008
3474,34753338288,34837008176,34840346464,3338288
3475,34762997296,34847008176,34850005472,2997296
3476,34770859584,34857008176,34857867760,859584
3477,34781043088,34867008176,34868051264,1043088
3478,34791178432,34877008176,34878186608,1178432
3479,34801026544,34887008176,34888034720,1026544
3480,34810886368,34897008176,34897894544,886368
3481,34820992544,34907008176,34908000720,992544
3482,34830945792,34917008176,34917953968,945792
3483,34841104080,34927008176,34928112256,1104080
3484,34851952560,34937008176,34938960736,1952560
3485,34863277712,34947008176,34950285888,3277712
3486,34872690144,34957008176,34959698320,2690144
3487,34882815776,34967008176,34969823952,2815776
3488,34892574112,34977008176,34979582288,2574112
3489,34902212768,34987008176,34989220944,2212768
3490,34913392160,34997008176,35000400336,3392160
3491,34922973280,35007008176,35009981456,2973280
3492,34933248336,35017008176,35020256512,3248336
3493,34942988592,35027008176,35029996768,2988592
3494,34953093488,35037008176,35040101664,3093488
3495,34963370416,35047008176,35050378592,3370416
3496,34972569360,35057008176,35059577536,2569360
3497,34982838288,35067008176,35069846464,2838288
3498,34992521072,35077008176,35079529248,2521072
3499,35002753024,35087008176,35089761200,2753024
3500,35012746112,35097008176,35099754288,2746112
3501,35022906224,35107008176,35109914400,2906224
3502,35032387552,35117008176,35119395728,2387552
3503,35042893616,35127008176,35129901792,2893616
3504,35052826256,35137008176,35139834432,2826256
3505,35062868336,35147008176,35149876512,2868336
3506,35072248608,35157008176,35159256784,2248608
3507,35081345856,35167008176,35168354032,1345856
3508,35092230640,35177008176,35179238816,2230640
3509,35102921056,35187008176,35189929232,2921056
3510,35112313744,35197008176,35199321920,2313744
3511,35122560880,35207008176,35209569056,2560880
3512,35131988208,35217008176,35218996384,1988208
3513,35142073776,35227008176,35229081952,2073776
3514,35152521360,35237008176,35239529536,2521360
3515,35162690192,35247008176,35249698368,2690192
3516,35172644768,35257008176,35259652944,2644768
3517,35182120656,35267008176,35269128832,2120656
3518,35192492448,35277008176,35279500624,2492448
3519,35202816464,35287008176,35289824640,2816464
3520,35212499952,35297008176,35299508128,2499952
3521,35222994496,35307008176,35310002672,2994496
3522,35232676144,35317008176,35319684320,2676144
3523,35243238864,35327008176,35330247040,3238864
3524,35252648912,35337008176,35339657088,2648912
3525,35262643600,35347008176,35349651776,2643600
3526,35272152400,35357008176,35359160576,2152400
3527,35282872848,35367008176,35369881024,2872848
3528,35292827984,35377008176,35379836160,2827984
3529,35302865488,35387008176,35389873664,2865488
3530,35312729984,35397008176,35399738160,2729984
3531,35322878448,35407008176,35409886624,2878448
3532,35332426224,35417008176,35419434400,2426224
3533,35342226880,35427008176,35429235056,2226880
3534,35351115728,35437008176,35438123904,1115728
3535,35361211936,35447008176,35448220112,1211936
3536,35372071488,35457008176,35459079664,2071488
3537,35382858320,35467008176,35469866496,2858320
3538,35392816352,35477008176,35479824528,2816352
3539,35402844336,35487008176,35489852512,2844336
3540,35412277216,35497008176,35499285392,2277216
3541,35423303664,35507008176,35510311840,3303664
3542,35432657504,35517008176,35519665680,2657504
3543,35442585568,35527008176,35529593744,2585568
3544,35453007920,35537008176,35540016096,3007920
3545,35462720384,35547008176,35549728560,2720384
3546,35472932960,35557008176,35559941136,2932960
3547,35482752736,35567008176,35569760912,2752736
3548,35492704832,35577008176,35579713008,2704832
3549,35502705728,35587008176,35589713904,2705728
3550,35512721424,35597008176,35599729600,2721424
3551,35523153952,35607008176,35610162128,3153952
3552,35532567712,35617008176,35619575888,2567712
3553,35542441984,35627008176,35629450160,2441984
3554,35552702320,35637008176,35639710496,2702320
3555,35562622704,35647008176,35649630880,2622704
3556,35572748368,35657008176,35659756544,2748368
3557,35582796304,35667008176,35669804480,2796304
3558,35592566032,35677008176,35679574208,2566032
3559,35602755856,35687008176,35689764032,2755856
3560,35612724432,35697008176,35699732608,2724432
3561,35622677056,35707008176,35709685232,2677056
3562,35632584864,35717008176,35719593040,2584864
3563,35642788752,35727008176,35729796928,2788752
3564,35652750720,35737008176,35739758896,2750720
3565,35662923904,35747008176,35749932080,2923904
3566,35672738592,35757008176,35759746768,2738592
3567,35682719456,35767008176,35769727632,2719456
3568,35692401664,35777008176,35779409840,2401664
3569,35702934784,35787008176,35789942960,2934784
3570,35712501744,35797008176,35799509920,2501744
3571,35722759968,35807008176,35809768144,2759968
3572,35732573072,35817008176,35819581248,2573072
3573,35742714592,35827008176,35829722768,2714592
3574,35752846096,35837008176,35839854272,2846096
3575,35762258912,35847008176,35849267088,2258912
3576,35772698480,35857008176,35859706656,2698480
3577,35782731744,35867008176,35869739920,2731744
3578,35792918160,35877008176,35879926336,2918160
3579,35803308896,35887008176,35890317072,3308896
3580,35812630192,35897008176,35899638368,2630192
3581,35823788032,35907008176,35910796208,3788032
3582,35832378576,35917008176,35919386752,2378576
3583,35842219808,35927008176,35929227984,2219808
PERIODIC LATENCY CHUNK end=3584
3584,35852593328,35937008176,35939601504,2593328
3585,35863178608,35947008176,35950186784,3178608
3586,35872546032,35957008176,35959554208,2546032
3587,35882897056,35967008176,35969905232,2897056
3588,35892579776,35977008176,35979587952,2579776
3589,35901752240,35987008176,35988760416,1752240
3590,35911935088,35997008176,35998943264,1935088
3591,35922985040,36007008176,36009993216,2985040
3592,35932786704,36017008176,36019794880,2786704
3593,35942519344,36027008176,36029527520,2519344
3594,35952305536,36037008176,36039313712,2305536
3595,35962628592,36047008176,36049636768,2628592
3596,35972758368,36057008176,36059766544,2758368
3597,35982876704,36067008176,36069884880,2876704
3598,35992786224,36077008176,36079794400,2786224
3599,36002793888,36087008176,36089802064,2793888
3600,36013417424,36097008176,36100425600,3417424
3601,36023787616,36107008176,36110795792,3787616
3602,36032417744,36117008176,36119425920,2417744
3603,36042823840,36127008176,36129832016,2823840
3604,36053067696,36137008176,36140075872,3067696
3605,36063312832,36147008176,36150321008,3312832
3606,36072859712,36157008176,36159867888,2859712
3607,36082689872,36167008176,36169698048,2689872
3608,36092974000,36177008176,36179982176,2974000
3609,36102808368,36187008176,36189816544,2808368
3610,36112663424,36197008176,36199671600,2663424
3611,36122479424,36207008176,36209487600,2479424
3612,36133660576,36217008176,36220668752,3660576
3613,36142488816,36227008176,36229496992,2488816
3614,36152671312,36237008176,36239679488,2671312
3615,36162830224,36247008176,36249838400,2830224
3616,36173318752,36257008176,36260326928,3318752
3617,36181816752,36267008176,36268824928,1816752
3618,36192435424,36277008176,36279443600,2435424
3619,36202819984,36287008176,36289828160,2819984
3620,36213082592,36297008176,36300090768,3082592
3621,36222358432,36307008176,36309366608,2358432
3622,36232669840,36317008176,36319678016,2669840
3623,36242580432,36327008176,36329588608,2580432
3624,36253200368,36337008176,36340208544,3200368
3625,36262478112,36347008176,36349486288,2478112
3626,36272331424,36357008176,36359339600,2331424
3627,36282590064,36367008176,36369598240,2590064
3628,36292700848,36377008176,36379709024,2700848
3629,36302700928,36387008176,36389709104,2700928
3630,36312732320,36397008176,36399740496,2732320
3631,36323024304,36407008176,36410032480,3024304
3632,36333236576,36417008176,36420244752,3236576
3633,36342907840,36427008176,36429916016,2907840
3634,36353075376,36437008176,36440083552,3075376
3635,36362545552,36447008176,36449553728,2545552
3636,36372698432,36457008176,36459706608,2698432
3637,36382712944,36467008176,36469721120,2712944
3638,36392716496,36477008176,36479724672,2716496
3639,36403408016,36487008176,36490416192,3408016
3640,36412191008,36497008176,36499199184,2191008
3641,36422532384,36507008176,36509540560,2532384
3642,36433353408,36517008176,36520361584,3353408
3643,36442361696,36527008176,36529369872,2361696
3644,36452654752,36537008176,36539662928,2654752
3645,36462501744,36547008176,36549509920,2501744
3646,36472888576,36557008176,36559896752,2888576
3647,36482950816,36567008176,36569958992,2950816
3648,36492940240,36577008176,36579948416,2940240
3649,36503003200,36587008176,36590011376,3003200
3650,36513218624,36597008176,36600226800,3218624
3651,36523127168,36607008176,36610135344,3127168
3652,36533407072,36617008176,36620415248,3407072
3653,36543169824,36627008176,36630178000,3169824
3654,36552799760,36637008176,36639807936,2799760
3655,36562994656,36647008176,36650002832,2994656
3656,36572788848,36657008176,36659797024,2788848
3657,36582483952,36667008176,36669492128,2483952
3658,36592814656,36677008176,36679822832,2814656
3659,36603358176,36687008176,36690366352,3358176
3660,36613338800,36697008176,36700346976,3338800
3661,36622778512,36707008176,36709786688,2778512
3662,36632503296,36717008176,36719511472,2503296
3663,36642478672,36727008176,36729486848,2478672
3664,36652652832,36737008176,36739661008,2652832
3665,36662743136,36747008176,36749751312,2743136
3666,36672672288,36757008176,36759680464,2672288
3667,36682687824,36767008176,36769696000,2687824
3668,36693214928,36777008176,36780223104,3214928
3669,36702585568,36787008176,36789593744,2585568
3670,36712578400,36797008176,36799586576,2578400
3671,36723074512,36807008176,36810082688,3074512
3672,36733033968,36817008176,36820042144,3033968
3673,36742358448,36827008176,36829366624,2358448
3674,36752574416,36837008176,36839582592,2574416
3675,36762165152,36847008176,36849173328,2165152
3676,36772572832,36857008176,36859581008,2572832
3677,36782771808,36867008176,36869779984,2771808
3678,36792603104,36877008176,36879611280,2603104
3679,36802729312,36887008176,36889737488,2729312
3680,36813203024,36897008176,36900211200,3203024
3681,36823127056,36907008176,36910135232,3127056
3682,36832641200,36917008176,36919649376,2641200
3683,36843121152,36927008176,36930129328,3121152
3684,36852412656,36937008176,36939420832,2412656
3685,36862690048,36947008176,36949698224,2690048
3686,36872827360,36957008176,36959835536,2827360
3687,36882869200,36967008176,36969877376,2869200
3688,36892536160,36977008176,36979544336,2536160
3689,36902727008,36987008176,36989735184,2727008
3690,36913141648,36997008176,37000149824,3141648
3691,36922975792,37007008176,37009983968,2975792
3692,36932454944,37017008176,37019463120,2454944
3693,36942935280,37027008176,37029943456,2935280
3694,36952699376,37037008176,37039707552,2699376
3695,36962754576,37047008176,37049762752,2754576
3696,36972847616,37057008176,37059855792,2847616
3697,36982643280,37067008176,37069651456,2643280
3698,36992553760,37077008176,37079561936,2553760
3699,37003368912,37087008176,37090377088,3368912
3700,37012549616,37097008176,37099557792,2549616
3701,37022471936,37107008176,37109480112,2471936
3702,37032954592,37117008176,37119962768,2954592
3703,37042789472,37127008176,37129797648,2789472
3704,37052293568,37137008176,37139301744,2293568
3705,37062709344,37147008176,37149717520,2709344
3706,37072387264,37157008176,37159395440,2387264
3707,37082768704,37167008176,37169776880,2768704
3708,37092771152,37177008176,37179779328,2771152
3709,37102749360,37187008176,37189757536,2749360
3710,37113398112,37197008176,37200406288,3398112
3711,37123012128,37207008176,37210020304,3012128
3712,37132333424,37217008176,37219341600,2333424
3713,37142776016,37227008176,37229784192,2776016
3714,37153262048,37237008176,37240270224,3262048
3715,37162559984,37247008176,37249568160,2559984
3716,37172604544,37257008176,37259612720,2604544
3717,37183312496,37267008176,37270320672,3312496
3718,37192774688,37277008176,37279782864,2774688
3719,37203291792,37287008176,37290299968,3291792
3720,37212924480,37297008176,37299932656,2924480
3721,37222785808,37307008176,37309793984,2785808
3722,37233199552,37317008176,37320207728,3199552
3723,37242798784,37327008176,37329806960,2798784
3724,37253408016,37337008176,37340416192,3408016
3725,37262710000,37347008176,37349718176,2710000
3726,37272174016,37357008176,37359182192,2174016
3727,37283463104,37367008176,37370471280,3463104
3728,37292456496,37377008176,37379464672,2456496
3729,37302783648,37387008176,37389791824,2783648
3730,37312696016,37397008176,37399704192,2696016
3731,37322956960,37407008176,37409965136,2956960
3732,37332673776,37417008176,37419681952,2673776
3733,37343420528,37427008176,37430428704,3420528
3734,37353356800,37437008176,37440364976,3356800
3735,37362672624,37447008176,37449680800,2672624
3736,37372859088,37457008176,37459867264,2859088
3737,37382798064,37467008176,37469806240,2798064
3738,37393199264,37477008176,37480207440,3199264
3739,37403425216,37487008176,37490433392,3425216
3740,37412162768,37497008176,37499170944,2162768
3741,37422487152,37507008176,37509495328,2487152
3742,37432924928,37517008176,37519933104,2924928
3743,37442189248,37527008176,37529197424,2189248
3744,37452809776,37537008176,37539817952,2809776
3745,37463386496,37547008176,37550394672,3386496
3746,37472556960,37557008176,37559565136,2556960
3747,37482986080,37567008176,37569994256,2986080
3748,37492917952,37577008176,37579926128,2917952
3749,37503622048,37587008176,37590630224,3622048
3750,37513172576,37597008176,37600180752,3172576
3751,37522486416,37607008176,37609494592,2486416
3752,37533202240,37617008176,37620210416,3202240
3753,37543236896,37627008176,37630245072,3236896
3754,37552364464,37637008176,37639372640,2364464
3755,37562361184,37647008176,37649369360,2361184
3756,37572902320,37657008176,37659910496,2902320
3757,37582702352,37667008176,37669710528,2702352
3758,37592707008,37677008176,37679715184,2707008
3759,37602680272,37687008176,37689688448,2680272
3760,37612826752,37697008176,37699834928,2826752
3761,37622788848,37707008176,37709797024,2788848
3762,37632354992,37717008176,37719363168,2354992
3763,37642553344,37727008176,37729561520,2553344
3764,37652544800,37737008176,37739552976,2544800
3765,37662797744,37747008176,37749805920,2797744
3766,37672618128,37757008176,37759626304,2618128
3767,37682537648,37767008176,37769545824,2537648
3768,37692693024,37777008176,37779701200,2693024
3769,37702142368,37787008176,37789150544,2142368
3770,37712439680,37797008176,37799447856,2439680
3771,37721490112,37807008176,37808498288,1490112
3772,37732369616,37817008176,37819377792,2369616
3773,37743458736,37827008176,37830466912,3458736
3774,37752999872,37837008176,37840008048,2999872
3775,37762737344,37847008176,37849745520,2737344
3776,37773395472,37857008176,37860403648,3395472
3777,37782792336,37867008176,37869800512,2792336
3778,37792628528,37877008176,37879636704,2628528
3779,37802636944,37887008176,37889645120,2636944
3780,37812555984,37897008176,37899564160,2555984
3781,37821379840,37907008176,37908388016,1379840
3782,37831147504,37917008176,37918155680,1147504
3783,37841363664,37927008176,37928371840,1363664
3784,37851254368,37937008176,37938262544,1254368
3785,37861098176,37947008176,37948106352,1098176
3786,37871246432,37957008176,37958254608,1246432
3787,37881142432,37967008176,37968150608,1142432
3788,37890831824,37977008176,37977840000,831824
3789,37901103696,37987008176,37988111872,1103696
3790,37911889920,37997008176,37998898096,1889920
3791,37922658576,38007008176,38009666752,2658576
3792,37932493456,38017008176,38019501632,2493456
3793,37942752176,38027008176,38029760352,2752176
3794,37952554720,38037008176,38039562896,2554720
3795,37962567232,38047008176,38049575408,2567232
3796,37972538816,38057008176,38059546992,2538816
3797,37982798080,38067008176,38069806256,2798080
3798,37992750224,38077008176,38079758400,2750224
3799,38002823488,38087008176,38089831664,2823488
3800,38012641328,38097008176,38099649504,2641328
3801,38022681168,38107008176,38109689344,2681168
3802,38032703840,38117008176,38119712016,2703840
3803,38042739664,38127008176,38129747840,2739664
3804,38052501824,38137008176,38139510000,2501824
3805,38062646512,38147008176,38149654688,2646512
3806,38073725344,38157008176,38160733520,3725344
3807,38082016160,38167008176,38169024336,2016160
3808,38092559488,38177008176,38179567664,2559488
3809,38102860896,38187008176,38189869072,2860896
3810,38112819120,38197008176,38199827296,2819120
3811,38123342592,38207008176,38210350768,3342592
3812,38133157936,38217008176,38220166112,3157936
3813,38142704032,38227008176,38229712208,2704032
3814,38152741296,38237008176,38239749472,2741296
3815,38162870352,38247008176,38249878528,2870352
3816,38172365152,38257008176,38259373328,2365152
3817,38181301216,38267008176,38268309392,1301216
3818,38190913280,38277008176,38277921456,913280
3819,38201213856,38287008176,38288222032,1213856
3820,38210874896,38297008176,38297883072,874896
3821,38221620720,38307008176,38308628896,1620720
3822,38232067488,38317008176,38319075664,2067488
3823,38242459280,38327008176,38329467456,2459280
3824,38252834240,38337008176,38339842416,2834240
3825,38263164544,38347008176,38350172720,3164544
3826,38271965168,38357008176,38358973344,1965168
3827,38282385424,38367008176,38369393600,2385424
3828,38292918496,38377008176,38379926672,2918496
3829,38303094432,38387008176,38390102608,3094432
3830,38312651648,38397008176,38399659824,2651648
3831,38322804656,38407008176,38409812832,2804656
3832,38332655424,38417008176,38419663600,2655424
3833,38342681648,38427008176,38429689824,2681648
3834,38352940496,38437008176,38439948672,2940496
3835,38362758016,38447008176,38449766192,2758016
3836,38372569456,38457008176,38459577632,2569456
3837,38382654832,38467008176,38469663008,2654832
3838,38392801168,38477008176,38479809344,2801168
3839,38402717216,38487008176,38489725392,2717216
PERIODIC LATENCY CHUNK end=3840
3840,38412425472,38497008176,38499433648,2425472
3841,38422721440,38507008176,38509729616,2721440
3842,38432784592,38517008176,38519792768,2784592
3843,38442269584,38527008176,38529277760,2269584
3844,38453218128,38537008176,38540226304,3218128
3845,38462537568,38547008176,38549545744,2537568
3846,38472700752,38557008176,38559708928,2700752
3847,38482515296,38567008176,38569523472,2515296
3848,38492660752,38577008176,38579668928,2660752
3849,38502898976,38587008176,38589907152,2898976
3850,38512532848,38597008176,38599541024,2532848
3851,38522577200,38607008176,38609585376,2577200
3852,38532917920,38617008176,38619926096,2917920
3853,38540847472,38627008176,38627855648,847472
3854,38551363296,38637008176,38638371472,1363296
3855,38561027456,38647008176,38648035632,1027456
3856,38571052208,38657008176,38658060384,1052208
3857,38581384896,38667008176,38668393072,1384896
3858,38591201088,38677008176,38678209264,1201088
3859,38600958576,38687008176,38687966752,958576
3860,38610927600,38697008176,38697935776,927600
3861,38621670496,38707008176,38708678672,1670496
3862,38632399728,38717008176,38719407904,2399728
3863,38642687616,38727008176,38729695792,2687616
3864,38652892384,38737008176,38739900560,2892384
3865,38662910512,38747008176,38749918688,2910512
3866,38672879136,38757008176,38759887312,2879136
3867,38682757760,38767008176,38769765936,2757760
3868,38692902000,38777008176,38779910176,2902000
3869,38702686544,38787008176,38789694720,2686544
3870,38712761968,38797008176,38799770144,2761968
3871,38722573520,38807008176,38809581696,2573520
3872,38732601600,38817008176,38819609776,2601600
3873,38742709136,38827008176,38829717312,2709136
3874,38752675888,38837008176,38839684064,2675888
3875,38762290560,38847008176,38849298736,2290560
3876,38772677888,38857008176,38859686064,2677888
3877,38782851184,38867008176,38869859360,2851184
3878,38792986000,38877008176,38879994176,2986000
3879,38803022048,38887008176,38890030224,3022048
3880,38812163504,38897008176,38899171680,2163504
3881,38822376080,38907008176,38909384256,2376080
3882,38832967168,38917008176,38919975344,2967168
3883,38843029728,38927008176,38930037904,3029728
3884,38852807136,38937008176,38939815312,2807136
3885,38862868272,38947008176,38949876448,2868272
3886,38872659872,38957008176,38959668048,2659872
3887,38882694944,38967008176,38969703120,2694944
3888,38892573664,38977008176,38979581840,2573664
3889,38902209728,38987008176,38989217904,2209728
3890,38912467088,38997008176,38999475264,2467088
3891,38922520944,39007008176,39009529120,2520944
3892,38932929392,39017008176,39019937568,2929392
3893,38942600368,39027008176,39029608544,2600368
3894,38952608896,39037008176,39039617072,2608896
3895,38962868704,39047008176,39049876880,2868704
3896,38972117488,39057008176,39059125664,2117488
3897,38982723360,39067008176,39069731536,2723360
3898,38992527328,39077008176,39079535504,2527328
3899,39002612624,39087008176,39089620800,2612624
3900,39012700048,39097008176,39099708224,2700048
3901,39022583072,39107008176,39109591248,2583072
3902,39032636288,39117008176,39119644464,2636288
3903,39042563984,39127008176,39129572160,2563984
3904,39052340816,39137008176,39139348992,2340816
3905,39062548656,39147008176,39149556832,2548656
3906,39072298832,39157008176,39159307008,2298832
3907,39082361728,39167008176,39169369904,2361728
3908,39092648128,39177008176,39179656304,2648128
3909,39102559248,39187008176,39189567424,2559248
3910,39112673232,39197008176,39199681408,2673232
3911,39123276032,39207008176,39210284208,3276032
3912,39132358560,39217008176,39219366736,2358560
3913,39143465664,39227008176,39230473840,3465664
3914,39153783200,39237008176,39240791376,3783200
3915,39162609664,39247008176,39249617840,2609664
3916,39173042368,39257008176,39260050544,3042368
3917,39182239568,39267008176,39269247744,2239568
3918,39192975808,39277008176,39279983984,2975808
3919,39200904064,39287008176,39287912240,904064
3920,39210964992,39297008176,39297973168,964992
3921,39221374864,39307008176,39308383040,1374864
3922,39231162208,39317008176,39318170384,1162208
3923,39241193632,39327008176,39328201808,1193632
3924,39250942624,39337008176,39337950800,942624
3925,39260838320,39347008176,39347846496,838320
3926,39271606864,39357008176,39358615040,1606864
3927,39282458512,39367008176,39369466688,2458512
3928,39292320832,39377008176,39379329008,2320832
3929,39302717520,39387008176,39389725696,2717520
3930,39312749584,39397008176,39399757760,2749584
3931,39323024832,39407008176,39410033008,3024832
3932,39333213120,39417008176,39420221296,3213120
3933,39343140976,39427008176,39430149152,3140976
3934,39352556336,39437008176,39439564512,2556336
3935,39362689248,39447008176,39449697424,2689248
3936,39373074208,39457008176,39460082384,3074208
3937,39382611744,39467008176,39469619920,2611744
3938,39392572256,39477008176,39479580432,2572256
3939,39402611984,39487008176,39489620160,2611984
3940,39412401088,39497008176,39499409264,2401088
3941,39422595712,39507008176,39509603888,2595712
3942,39432645248,39517008176,39519653424,2645248
3943,39442216464,39527008176,39529224640,2216464
3944,39452621344,39537008176,39539629520,2621344
3945,39462900400,39547008176,39549908576,2900400
3946,39472935248,39557008176,39559943424,2935248
3947,39482943328,39567008176,39569951504,2943328
3948,39492894176,39577008176,39579902352,2894176
3949,39502857120,39587008176,39589865296,2857120
3950,39514036656,39597008176,39601044832,4036656
3951,39523193216,39607008176,39610201392,3193216
3952,39532513552,39617008176,39619521728,2513552
3953,39541116176,39627008176,39628124352,1116176
3954,39551382288,39637008176,39638390464,1382288
3955,39561672464,39647008176,39648680640,1672464
3956,39572373440,39657008176,39659381616,2373440
3957,39583566544,39667008176,39670574720,3566544
3958,39592979408,39677008176,39679987584,2979408
3959,39603046064,39687008176,39690054240,3046064
3960,39613013552,39697008176,39700021728,3013552
3961,39623017232,39707008176,39710025408,3017232
3962,39632987408,39717008176,39719995584,2987408
3963,39642906144,39727008176,39729914320,2906144
3964,39652612032,39737008176,39739620208,2612032
3965,39662984640,39747008176,39749992816,2984640
3966,39673500064,39757008176,39760508240,3500064
3967,39682584656,39767008176,39769592832,2584656
3968,39693434784,39777008176,39780442960,3434784
3969,39703259472,39787008176,39790267648,3259472
3970,39712809568,39797008176,39799817744,2809568
3971,39722737984,39807008176,39809746160,2737984
3972,39732670304,39817008176,39819678480,2670304
3973,39742776768,39827008176,39829784944,2776768
3974,39752795424,39837008176,39839803600,2795424
3975,39762236192,39847008176,39849244368,2236192
3976,39772555600,39857008176,39859563776,2555600
3977,39782492496,39867008176,39869500672,2492496
3978,39792491552,39877008176,39879499728,2491552
3979,39802559952,39887008176,39889568128,2559952
3980,39812276192,39897008176,39899284368,2276192
3981,39822437104,39907008176,39909445280,2437104
3982,39832689024,39917008176,39919697200,2689024
3983,39842639152,39927008176,39929647328,2639152
3984,39852732656,39937008176,39939740832,2732656
3985,39862737792,39947008176,39949745968,2737792
3986,39872581712,39957008176,39959589888,2581712
3987,39882517296,39967008176,39969525472,2517296
3988,39892259168,39977008176,39979267344,2259168
3989,39902210016,39987008176,39989218192,2210016
3990,39912435744,39997008176,39999443920,2435744
3991,39922724192,40007008176,40009732368,2724192
3992,39932679360,40017008176,40019687536,2679360
3993,39942488960,40027008176,40029497136,2488960
3994,39952647232,40037008176,40039655408,2647232
3995,39962722112,40047008176,40049730288,2722112
3996,39972096640,40057008176,40059104816,2096640
3997,39982506192,40067008176,40069514368,2506192
3998,39992353424,40077008176,40079361600,2353424
3999,40002378192,40087008176,40089386368,2378192
4000,40012705392,40097008176,40099713568,2705392
4001,40022557520,40107008176,40109565696,2557520
4002,40032764848,40117008176,40119773024,2764848
4003,40042466224,40127008176,40129474400,2466224
4004,40051905440,40137008176,40138913616,1905440
4005,40062220416,40147008176,40149228592,2220416
4006,40071963520,40157008176,40158971696,1963520
4007,40082058992,40167008176,40169067168,2058992
4008,40092516256,40177008176,40179524432,2516256
4009,40102684112,40187008176,40189692288,2684112
4010,40112807248,40197008176,40199815424,2807248
4011,40122316560,40207008176,40209324736,2316560
4012,40132477008,40217008176,40219485184,2477008
4013,40142716384,40227008176,40229724560,2716384
4014,40152689888,40237008176,40239698064,2689888
4015,40162871728,40247008176,40249879904,2871728
4016,40173028256,40257008176,40260036432,3028256
4017,40181360496,40267008176,40268368672,1360496
4018,40191928336,40277008176,40278936512,1928336
4019,40202261584,40287008176,40289269760,2261584
4020,40212500976,40297008176,40299509152,2500976
4021,40222549424,40307008176,40309557600,2549424
4022,40232584496,40317008176,40319592672,2584496
4023,40242584640,40327008176,40329592816,2584640
4024,40252583328,40337008176,40339591504,2583328
4025,40262678944,40347008176,40349687120,2678944
4026,40272626544,40357008176,40359634720,2626544
4027,40282831296,40367008176,40369839472,2831296
4028,40292484944,40377008176,40379493120,2484944
4029,40302811392,40387008176,40389819568,2811392
4030,40312439696,40397008176,40399447872,2439696
4031,40322859168,40407008176,40409867344,2859168
4032,40332768528,40417008176,40419776704,2768528
4033,40342792992,40427008176,40429801168,2792992
4034,40352624496,40437008176,40439632672,2624496
4035,40362721792,40447008176,40449729968,2721792
4036,40372728176,40457008176,40459736352,2728176
4037,40382064784,40467008176,40469072960,2064784
4038,40392579648,40477008176,40479587824,2579648
4039,40401758736,40487008176,40488766912,1758736
4040,40412298576,40497008176,40499306752,2298576
4041,40422513952,40507008176,40509522128,2513952
4042,40432634608,40517008176,40519642784,2634608
4043,40442115744,40527008176,40529123920,2115744
4044,40452599088,40537008176,40539607264,2599088
4045,40462848912,40547008176,40549857088,2848912
4046,40472816752,40557008176,40559824928,2816752
4047,40482708000,40567008176,40569716176,2708000
4048,40492638048,40577008176,40579646224,2638048
4049,40502479792,40587008176,40589487968,2479792
4050,40512606368,40597008176,40599614544,2606368
4051,40522056320,40607008176,40609064496,2056320
4052,40532411520,40617008176,40619419696,2411520
4053,40541858176,40627008176,40628866352,1858176
4054,40551472352,40637008176,40638480528,1472352
4055,40562455440,40647008176,40649463616,2455440
4056,40572873472,40657008176,40659881648,2873472
4057,40583109920,40667008176,40670118096,3109920
4058,40592636880,40677008176,40679645056,2636880
4059,40602742752,40687008176,40689750928,2742752
4060,40612719200,40697008176,40699727376,2719200
4061,40622843536,40707008176,40709851712,2843536
4062,40632864704,40717008176,40719872880,2864704
4063,40642809600,40727008176,40729817776,2809600
4064,40652596048,40737008176,40739604224,2596048
4065,40662743456,40747008176,40749751632,2743456
4066,40672795888,40757008176,40759804064,2795888
4067,40683254720,40767008176,40770262896,3254720
4068,40692972064,40777008176,40779980240,2972064
4069,40702907424,40787008176,40789915600,2907424
4070,40712365792,40797008176,40799373968,2365792
4071,40722473520,40807008176,40809481696,2473520
4072,40732605952,40817008176,40819614128,2605952
4073,40742717536,40827008176,40829725712,2717536
4074,40753235248,40837008176,40840243424,3235248
4075,40762641936,40847008176,40849650112,2641936
4076,40772358160,40857008176,40859366336,2358160
4077,40782619616,40867008176,40869627792,2619616
4078,40792634832,40877008176,40879643008,2634832
4079,40802815456,40887008176,40889823632,2815456
4080,40812848704,40897008176,40899856880,2848704
4081,40822765536,40907008176,40909773712,2765536
4082,40832684752,40917008176,40919692928,2684752
4083,40842750784,40927008176,40929758960,2750784
4084,40852799104,40937008176,40939807280,2799104
4085,40862688144,40947008176,40949696320,2688144
4086,40872666672,40957008176,40959674848,2666672
4087,40881542608,40967008176,40968550784,1542608
4088,40891235584,40977008176,40978243760,1235584
4089,40900857440,40987008176,40987865616,857440
4090,40911030672,40997008176,40998038848,1030672
4091,40921248000,41007008176,41008256176,1248000
4092,40930842448,41017008176,41017850624,842448
4093,40940986608,41027008176,41027994784,986608
4094,40950876192,41037008176,41037884368,876192
4095,40961277040,41047008176,41048285216,1277040
PERIODIC LATENCY CHUNK end=4096
4096,40971614096,41057008176,41058622272,1614096
4097,40982777680,41067008176,41069785856,2777680
4098,40992389648,41077008176,41079397824,2389648
4099,41002017696,41087008176,41089025872,2017696
4100,41012612032,41097008176,41099620208,2612032
4101,41022728640,41107008176,41109736816,2728640
4102,41032568176,41117008176,41119576352,2568176
4103,41042585664,41127008176,41129593840,2585664
4104,41052604560,41137008176,41139612736,2604560
4105,41062570416,41147008176,41149578592,2570416
4106,41072112672,41157008176,41159120848,2112672
4107,41082274400,41167008176,41169282576,2274400
4108,41092503072,41177008176,41179511248,2503072
4109,41102712048,41187008176,41189720224,2712048
4110,41112550000,41197008176,41199558176,2550000
4111,41122606512,41207008176,41209614688,2606512
4112,41132626672,41217008176,41219634848,2626672
4113,41143317248,41227008176,41230325424,3317248
4114,41152860960,41237008176,41239869136,2860960
4115,41162875248,41247008176,41249883424,2875248
4116,41172760608,41257008176,41259768784,2760608
4117,41182602880,41267008176,41269611056,2602880
4118,41192683312,41277008176,41279691488,2683312
4119,41202764384,41287008176,41289772560,2764384
4120,41212872208,41297008176,41299880384,2872208
4121,41222185440,41307008176,41309193616,2185440
4122,41232261344,41317008176,41319269520,2261344
4123,41242537472,41327008176,41329545648,2537472
4124,41253289552,41337008176,41340297728,3289552
4125,41263652816,41347008176,41350660992,3652816
4126,41272527984,41357008176,41359536160,2527984
4127,41282713136,41367008176,41369721312,2713136
4128,41292469984,41377008176,41379478160,2469984
4129,41303178848,41387008176,41390187024,3178848
4130,41312757600,41397008176,41399765776,2757600
4131,41322877840,41407008176,41409886016,2877840
4132,41332965984,41417008176,41419974160,2965984
4133,41343136704,41427008176,41430144880,3136704
4134,41353408576,41437008176,41440416752,3408576
4135,41362333248,41447008176,41449341424,2333248
4136,41372070416,41457008176,41459078592,2070416
4137,41382982048,41467008176,41469990224,2982048
4138,41392596832,41477008176,41479605008,2596832
4139,41402676480,41487008176,41489684656,2676480
4140,41412148624,41497008176,41499156800,2148624
4141,41422499280,41507008176,41509507456,2499280
4142,41433330384,41517008176,41520338560,3330384
4143,41441796912,41527008176,41528805088,1796912
4144,41452139888,41537008176,41539148064,2139888
4145,41462572512,41547008176,41549580688,2572512
4146,41472631536,41557008176,41559639712,2631536
4147,41482526944,41567008176,41569535120,2526944
4148,41492779920,41577008176,41579788096,2779920
4149,41501704224,41587008176,41588712400,1704224
4150,41512427040,41597008176,41599435216,2427040
4151,41522521648,41607008176,41609529824,2521648
4152,41532361840,41617008176,41619370016,2361840
4153,41542856224,41627008176,41629864400,2856224
4154,41551926272,41637008176,41638934448,1926272
4155,41562421856,41647008176,41649430032,2421856
4156,41572674304,41657008176,41659682480,2674304
4157,41583005984,41667008176,41670014160,3005984
4158,41592615376,41677008176,41679623552,2615376
4159,41602929056,41687008176,41689937232,2929056
4160,41612796144,41697008176,41699804320,2796144
4161,41622847280,41707008176,41709855456,2847280
4162,41632490880,41717008176,41719499056,2490880
4163,41642702592,41727008176,41729710768,2702592
4164,41652816208,41737008176,41739824384,2816208
4165,41662723488,41747008176,41749731664,2723488
4166,41672954944,41757008176,41759963120,2954944
4167,41682943408,41767008176,41769951584,2943408
4168,41692995984,41777008176,41780004160,2995984
4169,41702986064,41787008176,41789994240,2986064
4170,41712728736,41797008176,41799736912,2728736
4171,41722954496,41807008176,41809962672,2954496
4172,41733039680,41817008176,41820047856,3039680
4173,41743695312,41827008176,41830703488,3695312
4174,41752659168,41837008176,41839667344,2659168
4175,41762435840,41847008176,41849444016,2435840
4176,41772798816,41857008176,41859806992,2798816
4177,41782958624,41867008176,41869966800,2958624
4178,41792887456,41877008176,41879895632,2887456
4179,41802947232,41887008176,41889955408,2947232
4180,41812583680,41897008176,41899591856,2583680
4181,41822583072,41907008176,41909591248,2583072
4182,41833581568,41917008176,41920589744,3581568
4183,41843164128,41927008176,41930172304,3164128
4184,41852992928,41937008176,41940001104,2992928
4185,41862451200,41947008176,41949459376,2451200
4186,41872452960,41957008176,41959461136,2452960
4187,41882827360,41967008176,41969835536,2827360
4188,41892753200,41977008176,41979761376,2753200
4189,41902307600,41987008176,41989315776,2307600
4190,41912580032,41997008176,41999588208,2580032
4191,41922861600,42007008176,42009869776,2861600
4192,41932913392,42017008176,42019921568,2913392
4193,41942870880,42027008176,42029879056,2870880
4194,41952909776,42037008176,42039917952,2909776
4195,41963918064,42047008176,42050926240,3918064
4196,41972739584,42057008176,42059747760,2739584
4197,41982515856,42067008176,42069524032,2515856
4198,41993336432,42077008176,42080344608,3336432
4199,42002641904,42087008176,42089650080,2641904
4200,42012713296,42097008176,42099721472,2713296
4201,42022771008,42107008176,42109779184,2771008
4202,42033058496,42117008176,42120066672,3058496
4203,42042905824,42127008176,42129914000,2905824
4204,42052626704,42137008176,42139634880,2626704
4205,42062834512,42147008176,42149842688,2834512
4206,42072438304,42157008176,42159446480,2438304
4207,42082763104,42167008176,42169771280,2763104
4208,42092735072,42177008176,42179743248,2735072
4209,42102852992,42187008176,42189861168,2852992
4210,42112812432,42197008176,42199820608,2812432
4211,42122874416,42207008176,42209882592,2874416
4212,42132832064,42217008176,42219840240,2832064
4213,42142774720,42227008176,42229782896,2774720
4214,42152793952,42237008176,42239802128,2793952
4215,42162820544,42247008176,42249828720,2820544
4216,42172985680,42257008176,42259993856,2985680
4217,42182183872,42267008176,42269192048,2183872
4218,42192391568,42277008176,42279399744,2391568
4219,42202669344,42287008176,42289677520,2669344
4220,42212678096,42297008176,42299686272,2678096
4221,42222864640,42307008176,42309872816,2864640
4222,42232834432,42317008176,42319842608,2834432
4223,42242476496,42327008176,42329484672,2476496
4224,42252700704,42337008176,42339708880,2700704
4225,42262779840,42347008176,42349788016,2779840
4226,42273140816,42357008176,42360148992,3140816
4227,42282679344,42367008176,42369687520,2679344
4228,42292775120,42377008176,42379783296,2775120
4229,42302795904,42387008176,42389804080,2795904
4230,42312506672,42397008176,42399514848,2506672
4231,42322726400,42407008176,42409734576,2726400
4232,42332764688,42417008176,42419772864,2764688
4233,42342711200,42427008176,42429719376,2711200
4234,42352388480,42437008176,42439396656,2388480
4235,42362602352,42447008176,42449610528,2602352
4236,42372327184,42457008176,42459335360,2327184
4237,42382669792,42467008176,42469677968,2669792
4238,42392663136,42477008176,42479671312,2663136
4239,42402787264,42487008176,42489795440,2787264
4240,42412245152,42497008176,42499253328,2245152
4241,42422597664,42507008176,42509605840,2597664
4242,42432564800,42517008176,42519572976,2564800
4243,42441937392,42527008176,42528945568,1937392
4244,42452078496,42537008176,42539086672,2078496
4245,42460969488,42547008176,42547977664,969488
4246,42471010624,42557008176,42558018800,1010624
4247,42481936240,42567008176,42568944416,1936240
4248,42492690576,42577008176,42579698752,2690576
4249,42502828944,42587008176,42589837120,2828944
4250,42512799392,42597008176,42599807568,2799392
4251,42522612400,42607008176,42609620576,2612400
4252,42532693040,42617008176,42619701216,2693040
4253,42543439984,42627008176,42630448160,3439984
4254,42551637472,42637008176,42638645648,1637472
4255,42561858256,42647008176,42648866432,1858256
4256,42572383248,42657008176,42659391424,2383248
4257,42582667984,42667008176,42669676160,2667984
4258,42592620896,42677008176,42679629072,2620896
4259,42602994752,42687008176,42690002928,2994752
4260,42612668976,42697008176,42699677152,2668976
4261,42622963536,42707008176,42709971712,2963536
4262,42632618960,42717008176,42719627136,2618960
4263,42643006448,42727008176,42730014624,3006448
4264,42652566192,42737008176,42739574368,2566192
4265,42662687008,42747008176,42749695184,2687008
4266,42672714704,42757008176,42759722880,2714704
4267,42682879248,42767008176,42769887424,2879248
4268,42693318128,42777008176,42780326304,3318128
4269,42702456048,42787008176,42789464224,2456048
4270,42712539008,42797008176,42799547184,2539008
4271,42722664384,42807008176,42809672560,2664384
4272,42732644432,42817008176,42819652608,2644432
4273,42742839856,42827008176,42829848032,2839856
4274,42752736080,42837008176,42839744256,2736080
4275,42762327904,42847008176,42849336080,2327904
4276,42772720720,42857008176,42859728896,2720720
4277,42782615440,42867008176,42869623616,2615440
4278,42792709280,42877008176,42879717456,2709280
4279,42802630688,42887008176,42889638864,2630688
4280,42812737664,42897008176,42899745840,2737664
4281,42822745264,42907008176,42909753440,2745264
4282,42832707360,42917008176,42919715536,2707360
4283,42842832160,42927008176,42929840336,2832160
4284,42852703616,42937008176,42939711792,2703616
4285,42862678288,42947008176,42949686464,2678288
4286,42872639728,42957008176,42959647904,2639728
4287,42882709696,42967008176,42969717872,2709696
4288,42893265200,42977008176,42980273376,3265200
4289,42902377792,42987008176,42989385968,2377792
4290,42912432096,42997008176,42999440272,2432096
4291,42923245184,43007008176,43010253360,3245184
4292,42932535248,43017008176,43019543424,2535248
4293,42942665552,43027008176,43029673728,2665552
4294,42953098992,43037008176,43040107168,3098992
4295,42962401008,43047008176,43049409184,2401008
4296,42973019872,43057008176,43060028048,3019872
4297,42983029440,43067008176,43070037616,3029440
4298,42992524160,43077008176,43079532336,2524160
4299,43002739360,43087008176,43089747536,2739360
4300,43012616896,43097008176,43099625072,2616896
4301,43023182128,43107008176,43110190304,3182128
4302,43032730976,43117008176,43119739152,2730976
4303,43042853920,43127008176,43129862096,2853920
4304,43052494000,43137008176,43139502176,2494000
4305,43062491984,43147008176,43149500160,2491984
4306,43072297376,43157008176,43159305552,2297376
4307,43082620512,43167008176,43169628688,2620512
4308,43092627312,43177008176,43179635488,2627312
4309,43102758560,43187008176,43189766736,2758560
4310,43111095968,43197008176,43198104144,1095968
4311,43121009104,43207008176,43208017280,1009104
4312,43131513232,43217008176,43218521408,1513232
4313,43142200880,43227008176,43229209056,2200880
4314,43152385104,43237008176,43239393280,2385104
4315,43162516848,43247008176,43249525024,2516848
4316,43172630704,43257008176,43259638880,2630704
4317,43182224320,43267008176,43269232496,2224320
4318,43192455728,43277008176,43279463904,2455728
4319,43202525840,43287008176,43289534016,2525840
4320,43212478960,43297008176,43299487136,2478960
4321,43222752784,43307008176,43309760960,2752784
4322,43232692544,43317008176,43319700720,2692544
4323,43242875296,43327008176,43329883472,2875296
4324,43252741392,43337008176,43339749568,2741392
4325,43262789504,43347008176,43349797680,2789504
4326,43272356480,43357008176,43359364656,2356480
4327,43282910736,43367008176,43369918912,2910736
4328,43293535232,43377008176,43380543408,3535232
4329,43302649168,43387008176,43389657344,2649168
4330,43312425664,43397008176,43399433840,2425664
4331,43322564704,43407008176,43409572880,2564704
4332,43332820384,43417008176,43419828560,2820384
4333,43342520752,43427008176,43429528928,2520752
4334,43352454880,43437008176,43439463056,2454880
4335,43363140096,43447008176,43450148272,3140096
4336,43372354032,43457008176,43459362208,2354032
4337,43382690448,43467008176,43469698624,2690448
4338,43392577376,43477008176,43479585552,2577376
4339,43402667856,43487008176,43489676032,2667856
4340,43412311984,43497008176,43499320160,2311984
4341,43422829584,43507008176,43509837760,2829584
4342,43432739120,43517008176,43519747296,2739120
4343,43442275472,43527008176,43529283648,2275472
4344,43452560400,43537008176,43539568576,2560400
4345,43462914912,43547008176,43549923088,2914912
4346,43473019584,43557008176,43560027760,3019584
4347,43482694592,43567008176,43569702768,2694592
4348,43492800432,43577008176,43579808608,2800432
4349,43502537248,43587008176,43589545424,2537248
4350,43512456064,43597008176,43599464240,2456064
4351,43522484736,43607008176,43609492912,2484736
PERIODIC LATENCY CHUNK end=4352
4352,43532623216,43617008176,43619631392,2623216
4353,43542942832,43627008176,43629951008,2942832
4354,43551933888,43637008176,43638942064,1933888
4355,43562162912,43647008176,43649171088,2162912
4356,43572473376,43657008176,43659481552,2473376
4357,43582746608,43667008176,43669754784,2746608
4358,43592850576,43677008176,43679858752,2850576
4359,43602829504,43687008176,43689837680,2829504
4360,43612747456,43697008176,43699755632,2747456
4361,43622606032,43707008176,43709614208,2606032
4362,43632406784,43717008176,43719414960,2406784
4363,43642471376,43727008176,43729479552,2471376
4364,43652434704,43737008176,43739442880,2434704
4365,43662724256,43747008176,43749732432,2724256
4366,43672673920,43757008176,43759682096,2673920
4367,43682549520,43767008176,43769557696,2549520
4368,43692670592,43777008176,43779678768,2670592
4369,43702637840,43787008176,43789646016,2637840
4370,43712440704,43797008176,43799448880,2440704
4371,43722620640,43807008176,43809628816,2620640
4372,43733000576,43817008176,43820008752,3000576
4373,43742869984,43827008176,43829878160,2869984
4374,43752654576,43837008176,43839662752,2654576
4375,43762404048,43847008176,43849412224,2404048
4376,43772640112,43857008176,43859648288,2640112
4377,43782580688,43867008176,43869588864,2580688
4378,43792643280,43877008176,43879651456,2643280
4379,43802730848,43887008176,43889739024,2730848
4380,43812538496,43897008176,43899546672,2538496
4381,43823100736,43907008176,43910108912,3100736
4382,43832555520,43917008176,43919563696,2555520
4383,43842464256,43927008176,43929472432,2464256
4384,43852685776,43937008176,43939693952,2685776
4385,43863108752,43947008176,43950116928,3108752
4386,43872799728,43957008176,43959807904,2799728
4387,43882962928,43967008176,43969971104,2962928
4388,43892751856,43977008176,43979760032,2751856
4389,43902307376,43987008176,43989315552,2307376
4390,43912502704,43997008176,43999510880,2502704
4391,43922808304,44007008176,44009816480,2808304
4392,43932558448,44017008176,44019566624,2558448
4393,43942935648,44027008176,44029943824,2935648
4394,43950987840,44037008176,44037996016,987840
4395,43961187328,44047008176,44048195504,1187328
4396,43970944688,44057008176,44057952864,944688
4397,43981279600,44067008176,44068287776,1279600
4398,43990861792,44077008176,44077869968,861792
4399,44000944288,44087008176,44087952464,944288
4400,44011247312,44097008176,44098255488,1247312
4401,44020964544,44107008176,44107972720,964544
4402,44032007264,44117008176,44119015440,2007264
4403,44042916640,44127008176,44129924816,2916640
4404,44052528784,44137008176,44139536960,2528784
4405,44063274896,44147008176,44150283072,3274896
4406,44072434128,44157008176,44159442304,2434128
4407,44082018160,44167008176,44169026336,2018160
4408,44092075456,44177008176,44179083632,2075456
4409,44102519616,44187008176,44189527792,2519616
4410,44112288528,44197008176,44199296704,2288528
4411,44123128928,44207008176,44210137104,3128928
4412,44132907616,44217008176,44219915792,2907616
4413,44142379056,44227008176,44229387232,2379056
4414,44152812208,44237008176,44239820384,2812208
4415,44162186384,44247008176,44249194560,2186384
4416,44172451344,44257008176,44259459520,2451344
4417,44181540976,44267008176,44268549152,1540976
4418,44192360960,44277008176,44279369136,2360960
4419,44202641024,44287008176,44289649200,2641024
4420,44212096976,44297008176,44299105152,2096976
4421,44222714608,44307008176,44309722784,2714608
4422,44232753936,44317008176,44319762112,2753936
4423,44242328704,44327008176,44329336880,2328704
4424,44252376656,44337008176,44339384832,2376656
4425,44262677632,44347008176,44349685808,2677632
4426,44272409984,44357008176,44359418160,2409984
4427,44282925760,44367008176,44369933936,2925760
4428,44292715632,44377008176,44379723808,2715632
4429,44302782096,44387008176,44389790272,2782096
4430,44312720928,44397008176,44399729104,2720928
4431,44322426784,44407008176,44409434960,2426784
4432,44332668720,44417008176,44419676896,2668720
4433,44342882304,44427008176,44429890480,2882304
4434,44352774144,44437008176,44439782320,2774144
4435,44362898992,44447008176,44449907168,2898992
4436,44372447856,44457008176,44459456032,2447856
4437,44382825472,44467008176,44469833648,2825472
4438,44392847408,44477008176,44479855584,2847408
4439,44402770832,44487008176,44489779008,2770832
4440,44412476112,44497008176,44499484288,2476112
4441,44422679680,44507008176,44509687856,2679680
4442,44432646272,44517008176,44519654448,2646272
4443,44442191088,44527008176,44529199264,2191088
4444,44452995344,44537008176,44540003520,2995344
4445,44462452224,44547008176,44549460400,2452224
4446,44472679472,44557008176,44559687648,2679472
4447,44483133088,44567008176,44570141264,3133088
4448,44492909744,44577008176,44579917920,2909744
4449,44502909008,44587008176,44589917184,2909008
4450,44512889936,44597008176,44599898112,2889936
4451,44522696752,44607008176,44609704928,2696752
4452,44532685904,44617008176,44619694080,2685904
4453,44544075968,44627008176,44631084144,4075968
4454,44552316160,44637008176,44639324336,2316160
4455,44562758144,44647008176,44649766320,2758144
4456,44572736256,44657008176,44659744432,2736256
4457,44582878304,44667008176,44669886480,2878304
4458,44592759952,44677008176,44679768128,2759952
4459,44602802144,44687008176,44689810320,2802144
4460,44612801328,44697008176,44699809504,2801328
4461,44622859024,44707008176,44709867200,2859024
4462,44632884688,44717008176,44719892864,2884688
4463,44642174880,44727008176,44729183056,2174880
4464,44652704960,44737008176,44739713136,2704960
4465,44662869184,44747008176,44749877360,2869184
4466,44672375040,44757008176,44759383216,2375040
4467,44682501840,44767008176,44769510016,2501840
4468,44692552272,44777008176,44779560448,2552272
4469,44702678800,44787008176,44789686976,2678800
4470,44712701520,44797008176,44799709696,2701520
4471,44722930784,44807008176,44809938960,2930784
4472,44732487952,44817008176,44819496128,2487952
4473,44742393072,44827008176,44829401248,2393072
4474,44752546912,44837008176,44839555088,2546912
4475,44762298528,44847008176,44849306704,2298528
4476,44772680832,44857008176,44859689008,2680832
4477,44782742944,44867008176,44869751120,2742944
4478,44792691152,44877008176,44879699328,2691152
4479,44802487984,44887008176,44889496160,2487984
4480,44812638784,44897008176,44899646960,2638784
4481,44822707600,44907008176,44909715776,2707600
4482,44832531360,44917008176,44919539536,2531360
4483,44842626512,44927008176,44929634688,2626512
4484,44852579456,44937008176,44939587632,2579456
4485,44862763552,44947008176,44949771728,2763552
4486,44872698864,44957008176,44959707040,2698864
4487,44882679648,44967008176,44969687824,2679648
4488,44892664576,44977008176,44979672752,2664576
4489,44902178512,44987008176,44989186688,2178512
4490,44912761472,44997008176,44999769648,2761472
4491,44922635136,45007008176,45009643312,2635136
4492,44932718384,45017008176,45019726560,2718384
4493,44942719040,45027008176,45029727216,2719040
4494,44952321664,45037008176,45039329840,2321664
4495,44962626544,45047008176,45049634720,2626544
4496,44972736640,45057008176,45059744816,2736640
4497,44982701712,45067008176,45069709888,2701712
4498,44992677072,45077008176,45079685248,2677072
4499,45002539712,45087008176,45089547888,2539712
4500,45012648064,45097008176,45099656240,2648064
4501,45022713664,45107008176,45109721840,2713664
4502,45032640256,45117008176,45119648432,2640256
4503,45042526880,45127008176,45129535056,2526880
4504,45052405344,45137008176,45139413520,2405344
4505,45062877184,45147008176,45149885360,2877184
4506,45072456304,45157008176,45159464480,2456304
4507,45082474688,45167008176,45169482864,2474688
4508,45092920832,45177008176,45179929008,2920832
4509,45102802624,45187008176,45189810800,2802624
4510,45112627920,45197008176,45199636096,2627920
4511,45122837296,45207008176,45209845472,2837296
4512,45132858704,45217008176,45219866880,2858704
4513,45142665648,45227008176,45229673824,2665648
4514,45152466720,45237008176,45239474896,2466720
4515,45162465744,45247008176,45249473920,2465744
4516,45172562208,45257008176,45259570384,2562208
4517,45181855424,45267008176,45268863600,1855424
4518,45192364608,45277008176,45279372784,2364608
4519,45202248896,45287008176,45289257072,2248896
4520,45212585088,45297008176,45299593264,2585088
4521,45222691168,45307008176,45309699344,2691168
4522,45232628128,45317008176,45319636304,2628128
4523,45242543664,45327008176,45329551840,2543664
4524,45252423392,45337008176,45339431568,2423392
4525,45262799408,45347008176,45349807584,2799408
4526,45272520256,45357008176,45359528432,2520256
4527,45282707616,45367008176,45369715792,2707616
4528,45292878400,45377008176,45379886576,2878400
4529,45302792912,45387008176,45389801088,2792912
4530,45312610752,45397008176,45399618928,2610752
4531,45322806720,45407008176,45409814896,2806720
4532,45332992944,45417008176,45420001120,2992944
4533,45342568784,45427008176,45429576960,2568784
4534,45352509104,45437008176,45439517280,2509104
4535,45362727344,45447008176,45449735520,2727344
4536,45372491776,45457008176,45459499952,2491776
4537,45382739200,45467008176,45469747376,2739200
4538,45392611792,45477008176,45479619968,2611792
4539,45402721680,45487008176,45489729856,2721680
4540,45412293584,45497008176,45499301760,2293584
4541,45422497200,45507008176,45509505376,2497200
4542,45432801024,45517008176,45519809200,2801024
4543,45442236192,45527008176,45529244368,2236192
4544,45452350112,45537008176,45539358288,2350112
4545,45463342032,45547008176,45550350208,3342032
4546,45472376800,45557008176,45559384976,2376800
4547,45482663728,45567008176,45569671904,2663728
4548,45492847520,45577008176,45579855696,2847520
4549,45502646816,45587008176,45589654992,2646816
4550,45512859872,45597008176,45599868048,2859872
4551,45522831360,45607008176,45609839536,2831360
4552,45532694528,45617008176,45619702704,2694528
4553,45542683808,45627008176,45629691984,2683808
4554,45552062976,45637008176,45639071152,2062976
4555,45562491600,45647008176,45649499776,2491600
4556,45572514272,45657008176,45659522448,2514272
4557,45582711904,45667008176,45669720080,2711904
4558,45592758224,45677008176,45679766400,2758224
4559,45602659920,45687008176,45689668096,2659920
4560,45612745488,45697008176,45699753664,2745488
4561,45622740032,45707008176,45709748208,2740032
4562,45632476656,45717008176,45719484832,2476656
4563,45642624336,45727008176,45729632512,2624336
4564,45652601824,45737008176,45739610000,2601824
4565,45662615696,45747008176,45749623872,2615696
4566,45672793648,45757008176,45759801824,2793648
4567,45682646400,45767008176,45769654576,2646400
4568,45692728080,45777008176,45779736256,2728080
4569,45702736480,45787008176,45789744656,2736480
4570,45712752848,45797008176,45799761024,2752848
4571,45722551920,45807008176,45809560096,2551920
4572,45732553504,45817008176,45819561680,2553504
4573,45742456608,45827008176,45829464784,2456608
4574,45752570400,45837008176,45839578576,2570400
4575,45762000864,45847008176,45849009040,2000864
4576,45772516864,45857008176,45859525040,2516864
4577,45782563696,45867008176,45869571872,2563696
4578,45792640544,45877008176,45879648720,2640544
4579,45802714688,45887008176,45889722864,2714688
4580,45812533904,45897008176,45899542080,2533904
4581,45822644992,45907008176,45909653168,2644992
4582,45832626080,45917008176,45919634256,2626080
4583,45842448384,45927008176,45929456560,2448384
4584,45852874240,45937008176,45939882416,2874240
4585,45863045232,45947008176,45950053408,3045232
4586,45872611920,45957008176,45959620096,2611920
4587,45882471824,45967008176,45969480000,2471824
4588,45892568032,45977008176,45979576208,2568032
4589,45902047920,45987008176,45989056096,2047920
4590,45912686912,45997008176,45999695088,2686912
4591,45922799264,46007008176,46009807440,2799264
4592,45932571680,46017008176,46019579856,2571680
4593,45942554528,46027008176,46029562704,2554528
4594,45952384016,46037008176,46039392192,2384016
4595,45962617392,46047008176,46049625568,2617392
4596,45972684784,46057008176,46059692960,2684784
4597,45982531312,46067008176,46069539488,2531312
4598,45993144928,46077008176,46080153104,3144928
4599,46002426752,46087008176,46089434928,2426752
4600,46013237856,46097008176,46100246032,3237856
4601,46023011376,46107008176,46110019552,3011376
4602,46032782976,46117008176,46119791152,2782976
4603,46042338400,46127008176,46129346576,2338400
4604,46052433744,46137008176,46139441920,2433744
4605,46062486192,46147008176,46149494368,2486192
4606,46072471760,46157008176,46159479936,2471760
4607,46082105696,46167008176,46169113872,2105696
PERIODIC LATENCY CHUNK end=4608
4608,46092513968,46177008176,46179522144,2513968
4609,46102597456,46187008176,46189605632,2597456
4610,46113096624,46197008176,46200104800,3096624
4611,46123059280,46207008176,46210067456,3059280
4612,46132306240,46217008176,46219314416,2306240
4613,46142640544,46227008176,46229648720,2640544
4614,46152632256,46237008176,46239640432,2632256
4615,46162580064,46247008176,46249588240,2580064
4616,46172325696,46257008176,46259333872,2325696
4617,46181588032,46267008176,46268596208,1588032
4618,46192132240,46277008176,46279140416,2132240
4619,46202798832,46287008176,46289807008,2798832
4620,46212472864,46297008176,46299481040,2472864
4621,46222591344,46307008176,46309599520,2591344
4622,46232347552,46317008176,46319355728,2347552
4623,46242541760,46327008176,46329549936,2541760
4624,46253053072,46337008176,46340061248,3053072
4625,46262381792,46347008176,46349389968,2381792
4626,46272167712,46357008176,46359175888,2167712
4627,46282208768,46367008176,46369216944,2208768
4628,46292881968,46377008176,46379890144,2881968
4629,46302350384,46387008176,46389358560,2350384
4630,46312472624,46397008176,46399480800,2472624
4631,46322415792,46407008176,46409423968,2415792
4632,46332596400,46417008176,46419604576,2596400
4633,46342322800,46427008176,46429330976,2322800
4634,46351732080,46437008176,46438740256,1732080
4635,46362772064,46447008176,46449780240,2772064
4636,46372424992,46457008176,46459433168,2424992
4637,46382698896,46467008176,46469707072,2698896
4638,46392862208,46477008176,46479870384,2862208
4639,46402609440,46487008176,46489617616,2609440
4640,46412878560,46497008176,46499886736,2878560
4641,46422644560,46507008176,46509652736,2644560
4642,46432533952,46517008176,46519542128,2533952
4643,46442673936,46527008176,46529682112,2673936
4644,46452726144,46537008176,46539734320,2726144
4645,46462813152,46547008176,46549821328,2813152
4646,46472815936,46557008176,46559824112,2815936
4647,46482862336,46567008176,46569870512,2862336
4648,46492874160,46577008176,46579882336,2874160
4649,46502730608,46587008176,46589738784,2730608
4650,46512322128,46597008176,46599330304,2322128
4651,46522502640,46607008176,46609510816,2502640
4652,46532224944,46617008176,46619233120,2224944
4653,46542797968,46627008176,46629806144,2797968
4654,46552694032,46637008176,46639702208,2694032
4655,46563126896,46647008176,46650135072,3126896
4656,46572584032,46657008176,46659592208,2584032
4657,46582809152,46667008176,46669817328,2809152
4658,46592958656,46677008176,46679966832,2958656
4659,46602899472,46687008176,46689907648,2899472
4660,46612922256,46697008176,46699930432,2922256
4661,46623331344,46707008176,46710339520,3331344
4662,46632469536,46717008176,46719477712,2469536
4663,46642640864,46727008176,46729649040,2640864
4664,46652707616,46737008176,46739715792,2707616
4665,46662871104,46747008176,46749879280,2871104
4666,46672934432,46757008176,46759942608,2934432
4667,46682817056,46767008176,46769825232,2817056
4668,46693005392,46777008176,46780013568,3005392
4669,46702950144,46787008176,46789958320,2950144
4670,46713012208,46797008176,46800020384,3012208
4671,46722901488,46807008176,46809909664,2901488
4672,46732230976,46817008176,46819239152,2230976
4673,46742845760,46827008176,46829853936,2845760
4674,46752777968,46837008176,46839786144,2777968
4675,46762394384,46847008176,46849402560,2394384
4676,46772186848,46857008176,46859195024,2186848
4677,46782627696,46867008176,46869635872,2627696
4678,46792642608,46877008176,46879650784,2642608
4679,46803384688,46887008176,46890392864,3384688
4680,46812478400,46897008176,46899486576,2478400
4681,46822539424,46907008176,46909547600,2539424
4682,46832397616,46917008176,46919405792,2397616
4683,46842717808,46927008176,46929725984,2717808
4684,46852326448,46937008176,46939334624,2326448
4685,46862573776,46947008176,46949581952,2573776
4686,46872589632,46957008176,46959597808,2589632
4687,46882716784,46967008176,46969724960,2716784
4688,46892815904,46977008176,46979824080,2815904
4689,46902239856,46987008176,46989248032,2239856
4690,46912545424,46997008176,46999553600,2545424
4691,46922545760,47007008176,47009553936,2545760
4692,46932005072,47017008176,47019013248,2005072
4693,46942927296,47027008176,47029935472,2927296
4694,46952370672,47037008176,47039378848,2370672
4695,46963008256,47047008176,47050016432,3008256
4696,46972298224,47057008176,47059306400,2298224
4697,46982667088,47067008176,47069675264,2667088
4698,46992667632,47077008176,47079675808,2667632
4699,47002511136,47087008176,47089519312,2511136
4700,47011277264,47097008176,47098285440,1277264
4701,47021125728,47107008176,47108133904,1125728
4702,47030919504,47117008176,47117927680,919504
4703,47040961776,47127008176,47127969952,961776
4704,47050838160,47137008176,47137846336,838160
4705,47060834640,47147008176,47147842816,834640
4706,47072434528,47157008176,47159442704,2434528
4707,47081058416,47167008176,47168066592,1058416
4708,47091258768,47177008176,47178266944,1258768
4709,47102393120,47187008176,47189401296,2393120
4710,47112998112,47197008176,47200006288,2998112
4711,47122731152,47207008176,47209739328,2731152
4712,47132678832,47217008176,47219687008,2678832
4713,47142897680,47227008176,47229905856,2897680
4714,47152471376,47237008176,47239479552,2471376
4715,47163016384,47247008176,47250024560,3016384
4716,47172669408,47257008176,47259677584,2669408
4717,47182330080,47267008176,47269338256,2330080
4718,47191615424,47277008176,47278623600,1615424
4719,47202225472,47287008176,47289233648,2225472
4720,47212588192,47297008176,47299596368,2588192
4721,47222586112,47307008176,47309594288,2586112
4722,47232048720,47317008176,47319056896,2048720
4723,47242337200,47327008176,47329345376,2337200
4724,47252524560,47337008176,47339532736,2524560
4725,47262450608,47347008176,47349458784,2450608
4726,47272640864,47357008176,47359649040,2640864
4727,47282526448,47367008176,47369534624,2526448
4728,47292524592,47377008176,47379532768,2524592
4729,47302198736,47387008176,47389206912,2198736
4730,47312318016,47397008176,47399326192,2318016
4731,47322298032,47407008176,47409306208,2298032
4732,47332602608,47417008176,47419610784,2602608
4733,47342755584,47427008176,47429763760,2755584
4734,47352674672,47437008176,47439682848,2674672
4735,47362738672,47447008176,47449746848,2738672
4736,47372496768,47457008176,47459504944,2496768
4737,47382549056,47467008176,47469557232,2549056
4738,47392641056,47477008176,47479649232,2641056
4739,47403126000,47487008176,47490134176,3126000
4740,47412087008,47497008176,47499095184,2087008
4741,47422505248,47507008176,47509513424,2505248
4742,47432510832,47517008176,47519519008,2510832
4743,47441879296,47527008176,47528887472,1879296
4744,47452223520,47537008176,47539231696,2223520
4745,47462550032,47547008176,47549558208,2550032
4746,47472425312,47557008176,47559433488,2425312
4747,47482894400,47567008176,47569902576,2894400
4748,47493073856,47577008176,47580082032,3073856
4749,47502213072,47587008176,47589221248,2213072
4750,47512511184,47597008176,47599519360,2511184
4751,47522911504,47607008176,47609919680,2911504
4752,47532413056,47617008176,47619421232,2413056
4753,47542671248,47627008176,47629679424,2671248
4754,47552242384,47637008176,47639250560,2242384
4755,47562324160,47647008176,47649332336,2324160
4756,47572468032,47657008176,47659476208,2468032
4757,47583161344,47667008176,47670169520,3161344
4758,47592897792,47677008176,47679905968,2897792
4759,47602949664,47687008176,47689957840,2949664
4760,47612777392,47697008176,47699785568,2777392
4761,47623022848,47707008176,47710031024,3022848
4762,47632519728,47717008176,47719527904,2519728
4763,47643089744,47727008176,47730097920,3089744
4764,47652461264,47737008176,47739469440,2461264
4765,47662606656,47747008176,47749614832,2606656
4766,47673081088,47757008176,47760089264,3081088
4767,47682236528,47767008176,47769244704,2236528
4768,47692428064,47777008176,47779436240,2428064
4769,47702514464,47787008176,47789522640,2514464
4770,47712484752,47797008176,47799492928,2484752
4771,47723257392,47807008176,47810265568,3257392
4772,47732406048,47817008176,47819414224,2406048
4773,47742518608,47827008176,47829526784,2518608
4774,47753085904,47837008176,47840094080,3085904
4775,47762188048,47847008176,47849196224,2188048
4776,47772329520,47857008176,47859337696,2329520
4777,47782618432,47867008176,47869626608,2618432
4778,47792580032,47877008176,47879588208,2580032
4779,47802529824,47887008176,47889538000,2529824
4780,47812630368,47897008176,47899638544,2630368
4781,47822707776,47907008176,47909715952,2707776
4782,47832611888,47917008176,47919620064,2611888
4783,47843193696,47927008176,47930201872,3193696
4784,47852434080,47937008176,47939442256,2434080
4785,47862749488,47947008176,47949757664,2749488
4786,47872677664,47957008176,47959685840,2677664
4787,47882710928,47967008176,47969719104,2710928
4788,47892617856,47977008176,47979626032,2617856
4789,47902490752,47987008176,47989498928,2490752
4790,47912709776,47997008176,47999717952,2709776
4791,47922797312,48007008176,48009805488,2797312
4792,47932698704,48017008176,48019706880,2698704
4793,47942762448,48027008176,48029770624,2762448
4794,47952832928,48037008176,48039841104,2832928
4795,47962705728,48047008176,48049713904,2705728
4796,47972680064,48057008176,48059688240,2680064
4797,47982769536,48067008176,48069777712,2769536
4798,47992706880,48077008176,48079715056,2706880
4799,48002712352,48087008176,48089720528,2712352
4800,48012322288,48097008176,48099330464,2322288
4801,48022558496,48107008176,48109566672,2558496
4802,48032560112,48117008176,48119568288,2560112
4803,48042884016,48127008176,48129892192,2884016
4804,48052399328,48137008176,48139407504,2399328
4805,48062579184,48147008176,48149587360,2579184
4806,48072221648,48157008176,48159229824,2221648
4807,48082388416,48167008176,48169396592,2388416
4808,48092612640,48177008176,48179620816,2612640
4809,48102560784,48187008176,48189568960,2560784
4810,48112516288,48197008176,48199524464,2516288
4811,48122965088,48207008176,48209973264,2965088
4812,48132513104,48217008176,48219521280,2513104
4813,48142522272,48227008176,48229530448,2522272
4814,48152530688,48237008176,48239538864,2530688
4815,48162547616,48247008176,48249555792,2547616
4816,48172666160,48257008176,48259674336,2666160
4817,48182184832,48267008176,48269193008,2184832
4818,48192617376,48277008176,48279625552,2617376
4819,48202580048,48287008176,48289588224,2580048
4820,48212621872,48297008176,48299630048,2621872
4821,48223362416,48307008176,48310370592,3362416
4822,48232498912,48317008176,48319507088,2498912
4823,48242498080,48327008176,48329506256,2498080
4824,48253104608,48337008176,48340112784,3104608
4825,48262253120,48347008176,48349261296,2253120
4826,48272422976,48357008176,48359431152,2422976
4827,48282806032,48367008176,48369814208,2806032
4828,48292772656,48377008176,48379780832,2772656
4829,48302720688,48387008176,48389728864,2720688
4830,48312726816,48397008176,48399734992,2726816
4831,48322696512,48407008176,48409704688,2696512
4832,48332773024,48417008176,48419781200,2773024
4833,48342793920,48427008176,48429802096,2793920
4834,48352697264,48437008176,48439705440,2697264
4835,48362893488,48447008176,48449901664,2893488
4836,48372490176,48457008176,48459498352,2490176
4837,48382603920,48467008176,48469612096,2603920
4838,48392826928,48477008176,48479835104,2826928
4839,48402819024,48487008176,48489827200,2819024
4840,48412217808,48497008176,48499225984,2217808
4841,48422315776,48507008176,48509323952,2315776
4842,48432600576,48517008176,48519608752,2600576
4843,48442633168,48527008176,48529641344,2633168
4844,48452567536,48537008176,48539575712,2567536
4845,48462424576,48547008176,48549432752,2424576
4846,48472591952,48557008176,48559600128,2591952
4847,48482468912,48567008176,48569477088,2468912
4848,48492673792,48577008176,48579681968,2673792
4849,48502560864,48587008176,48589569040,2560864
4850,48512854736,48597008176,48599862912,2854736
4851,48522344384,48607008176,48609352560,2344384
4852,48532736192,48617008176,48619744368,2736192
4853,48542876528,48627008176,48629884704,2876528
4854,48552445552,48637008176,48639453728,2445552
4855,48562498128,48647008176,48649506304,2498128
4856,48572716400,48657008176,48659724576,2716400
4857,48582630640,48667008176,48669638816,2630640
4858,48592925536,48677008176,48679933712,2925536
4859,48602663152,48687008176,48689671328,2663152
4860,48612778704,48697008176,48699786880,2778704
4861,48622475520,48707008176,48709483696,2475520
4862,48632730816,48717008176,48719738992,2730816
4863,48642737568,48727008176,48729745744,2737568
PERIODIC LATENCY CHUNK end=4864
4864,48652598032,48737008176,48739606208,2598032
4865,48662607424,48747008176,48749615600,2607424
4866,48672498736,48757008176,48759506912,2498736
4867,48682482800,48767008176,48769490976,2482800
4868,48692262720,48777008176,48779270896,2262720
4869,48702577920,48787008176,48789586096,2577920
4870,48713045200,48797008176,48800053376,3045200
4871,48722524096,48807008176,48809532272,2524096
4872,48732842400,48817008176,48819850576,2842400
4873,48742813168,48827008176,48829821344,2813168
4874,48752826272,48837008176,48839834448,2826272
4875,48762210672,48847008176,48849218848,2210672
4876,48772567472,48857008176,48859575648,2567472
4877,48782781168,48867008176,48869789344,2781168
4878,48792662368,48877008176,48879670544,2662368
4879,48802666720,48887008176,48889674896,2666720
4880,48812633472,48897008176,48899641648,2633472
4881,48822478784,48907008176,48909486960,2478784
4882,48832513296,48917008176,48919521472,2513296
4883,48842573680,48927008176,48929581856,2573680
4884,48852425952,48937008176,48939434128,2425952
4885,48862510944,48947008176,48949519120,2510944
4886,48872549216,48957008176,48959557392,2549216
4887,48882648112,48967008176,48969656288,2648112
4888,48892517488,48977008176,48979525664,2517488
4889,48902193936,48987008176,48989202112,2193936
4890,48913091072,48997008176,49000099248,3091072
4891,48922423584,49007008176,49009431760,2423584
4892,48932436576,49017008176,49019444752,2436576
4893,48942709392,49027008176,49029717568,2709392
4894,48952675216,49037008176,49039683392,2675216
4895,48962717920,49047008176,49049726096,2717920
4896,48972693312,49057008176,49059701488,2693312
4897,48982662352,49067008176,49069670528,2662352
4898,48992684320,49077008176,49079692496,2684320
4899,49002605952,49087008176,49089614128,2605952
4900,49012617488,49097008176,49099625664,2617488
4901,49022673072,49107008176,49109681248,2673072
4902,49032670160,49117008176,49119678336,2670160
4903,49042646896,49127008176,49129655072,2646896
4904,49052535392,49137008176,49139543568,2535392
4905,49062512288,49147008176,49149520464,2512288
4906,49072339968,49157008176,49159348144,2339968
4907,49082498416,49167008176,49169506592,2498416
4908,49092457184,49177008176,49179465360,2457184
4909,49102614448,49187008176,49189622624,2614448
4910,49112737456,49197008176,49199745632,2737456
4911,49122591472,49207008176,49209599648,2591472
4912,49132764512,49217008176,49219772688,2764512
4913,49142779568,49227008176,49229787744,2779568
4914,49152809040,49237008176,49239817216,2809040
4915,49162482432,49247008176,49249490608,2482432
4916,49172418112,49257008176,49259426288,2418112
4917,49182677520,49267008176,49269685696,2677520
4918,49192433728,49277008176,49279441904,2433728
4919,49202636944,49287008176,49289645120,2636944
4920,49213396560,49297008176,49300404736,3396560
4921,49222865648,49307008176,49309873824,2865648
4922,49233202528,49317008176,49320210704,3202528
4923,49242486544,49327008176,49329494720,2486544
4924,49252614368,49337008176,49339622544,2614368
4925,49262605888,49347008176,49349614064,2605888
4926,49272475472,49357008176,49359483648,2475472
4927,49282531568,49367008176,49369539744,2531568
4928,49292521264,49377008176,49379529440,2521264
4929,49302540672,49387008176,49389548848,2540672
4930,49312663792,49397008176,49399671968,2663792
4931,49322516480,49407008176,49409524656,2516480
4932,49332358496,49417008176,49419366672,2358496
4933,49343144992,49427008176,49430153168,3144992
4934,49352356208,49437008176,49439364384,2356208
4935,49362616160,49447008176,49449624336,2616160
4936,49372664752,49457008176,49459672928,2664752
4937,49382512656,49467008176,49469520832,2512656
4938,49392430384,49477008176,49479438560,2430384
4939,49402423072,49487008176,49489431248,2423072
4940,49412712048,49497008176,49499720224,2712048
4941,49422347264,49507008176,49509355440,2347264
4942,49432535920,49517008176,49519544096,2535920
4943,49442673904,49527008176,49529682080,2673904
4944,49452502272,49537008176,49539510448,2502272
4945,49461868960,49547008176,49548877136,1868960
4946,49471398528,49557008176,49558406704,1398528
4947,49481764496,49567008176,49568772672,1764496
4948,49492993824,49577008176,49580002000,2993824
4949,49502866848,49587008176,49589875024,2866848
4950,49512776320,49597008176,49599784496,2776320
4951,49522352400,49607008176,49609360576,2352400
4952,49532525856,49617008176,49619534032,2525856
4953,49542614480,49627008176,49629622656,2614480
4954,49552260688,49637008176,49639268864,2260688
4955,49562602944,49647008176,49649611120,2602944
4956,49572695424,49657008176,49659703600,2695424
4957,49582524928,49667008176,49669533104,2524928
4958,49592640448,49677008176,49679648624,2640448
4959,49602629152,49687008176,49689637328,2629152
4960,49612718144,49697008176,49699726320,2718144
4961,49622533952,49707008176,49709542128,2533952
4962,49632491600,49717008176,49719499776,2491600
4963,49642569232,49727008176,49729577408,2569232
4964,49652407328,49737008176,49739415504,2407328
4965,49662384544,49747008176,49749392720,2384544
4966,49672720544,49757008176,49759728720,2720544
4967,49682724208,49767008176,49769732384,2724208
4968,49692423888,49777008176,49779432064,2423888
4969,49702584160,49787008176,49789592336,2584160
4970,49712567104,49797008176,49799575280,2567104
4971,49722425856,49807008176,49809434032,2425856
4972,49732609600,49817008176,49819617776,2609600
4973,49742530928,49827008176,49829539104,2530928
4974,49752638832,49837008176,49839647008,2638832
4975,49762145968,49847008176,49849154144,2145968
4976,49772263424,49857008176,49859271600,2263424
4977,49782439344,49867008176,49869447520,2439344
4978,49792519088,49877008176,49879527264,2519088
4979,49802643984,49887008176,49889652160,2643984
4980,49812615536,49897008176,49899623712,2615536
4981,49822478608,49907008176,49909486784,2478608
4982,49832597808,49917008176,49919605984,2597808
4983,49842512272,49927008176,49929520448,2512272
4984,49852147040,49937008176,49939155216,2147040
4985,49862307472,49947008176,49949315648,2307472
4986,49872711152,49957008176,49959719328,2711152
4987,49882442080,49967008176,49969450256,2442080
4988,49892444016,49977008176,49979452192,2444016
4989,49902198816,49987008176,49989206992,2198816
4990,49912515472,49997008176,49999523648,2515472
4991,49922464544,50007008176,50009472720,2464544
4992,49932024784,50017008176,50019032960,2024784
4993,49942608848,50027008176,50029617024,2608848
4994,49952680320,50037008176,50039688496,2680320
4995,49963192144,50047008176,50050200320,3192144
4996,49972611312,50057008176,50059619488,2611312
4997,49982604832,50067008176,50069613008,2604832
4998,49992752896,50077008176,50079761072,2752896
4999,50002841024,50087008176,50089849200,2841024
5000,50012024592,50097008176,50099032768,2024592
5001,50022857984,50107008176,50109866160,2857984
5002,50032693648,50117008176,50119701824,2693648
5003,50042745008,50127008176,50129753184,2745008
5004,50052817904,50137008176,50139826080,2817904
5005,50062049376,50147008176,50149057552,2049376
5006,50071341584,50157008176,50158349760,1341584
5007,50081505504,50167008176,50168513680,1505504
5008,50091107888,50177008176,50178116064,1107888
5009,50101108064,50187008176,50188116240,1108064
5010,50111240512,50197008176,50198248688,1240512
5011,50121133776,50207008176,50208141952,1133776
5012,50130946432,50217008176,50217954608,946432
5013,50141550976,50227008176,50228559152,1550976
5014,50152584224,50237008176,50239592400,2584224
5015,50162984288,50247008176,50249992464,2984288
5016,50172851744,50257008176,50259859920,2851744
5017,50182259696,50267008176,50269267872,2259696
5018,50192516848,50277008176,50279525024,2516848
5019,50202832176,50287008176,50289840352,2832176
5020,50213019904,50297008176,50300028080,3019904
5021,50222828832,50307008176,50309837008,2828832
5022,50232692944,50317008176,50319701120,2692944
5023,50242865632,50327008176,50329873808,2865632
5024,50252745840,50337008176,50339754016,2745840
5025,50262623760,50347008176,50349631936,2623760
5026,50272786560,50357008176,50359794736,2786560
5027,50282129856,50367008176,50369138032,2129856
5028,50292846048,50377008176,50379854224,2846048
5029,50302801696,50387008176,50389809872,2801696
5030,50312916224,50397008176,50399924400,2916224
5031,50322621440,50407008176,50409629616,2621440
5032,50332886624,50417008176,50419894800,2886624
5033,50342695696,50427008176,50429703872,2695696
5034,50352876848,50437008176,50439885024,2876848
5035,50362853728,50447008176,50449861904,2853728
5036,50372353632,50457008176,50459361808,2353632
5037,50382501280,50467008176,50469509456,2501280
5038,50392719008,50477008176,50479727184,2719008
5039,50402642032,50487008176,50489650208,2642032
5040,50412274704,50497008176,50499282880,2274704
5041,50422712464,50507008176,50509720640,2712464
5042,50432734416,50517008176,50519742592,2734416
5043,50442835536,50527008176,50529843712,2835536
5044,50452695248,50537008176,50539703424,2695248
5045,50462621088,50547008176,50549629264,2621088
5046,50472821808,50557008176,50559829984,2821808
5047,50482751632,50567008176,50569759808,2751632
5048,50492656272,50577008176,50579664448,2656272
5049,50502725456,50587008176,50589733632,2725456
5050,50512907664,50597008176,50599915840,2907664
5051,50522707712,50607008176,50609715888,2707712
5052,50532780064,50617008176,50619788240,2780064
5053,50542802240,50627008176,50629810416,2802240
5054,50552315328,50637008176,50639323504,2315328
5055,50562746672,50647008176,50649754848,2746672
5056,50572864064,50657008176,50659872240,2864064
5057,50582688240,50667008176,50669696416,2688240
5058,50592734512,50677008176,50679742688,2734512
5059,50602660528,50687008176,50689668704,2660528
5060,50612956688,50697008176,50699964864,2956688
5061,50622808416,50707008176,50709816592,2808416
5062,50632763616,50717008176,50719771792,2763616
5063,50642655088,50727008176,50729663264,2655088
5064,50652815728,50737008176,50739823904,2815728
5065,50662490576,50747008176,50749498752,2490576
5066,50672621376,50757008176,50759629552,2621376
5067,50682687312,50767008176,50769695488,2687312
5068,50692882992,50777008176,50779891168,2882992
5069,50702690384,50787008176,50789698560,2690384
5070,50712775488,50797008176,50799783664,2775488
5071,50722638560,50807008176,50809646736,2638560
5072,50732817232,50817008176,50819825408,2817232
5073,50742769184,50827008176,50829777360,2769184
5074,50752738672,50837008176,50839746848,2738672
5075,50762352256,50847008176,50849360432,2352256
5076,50772795280,50857008176,50859803456,2795280
5077,50782850432,50867008176,50869858608,2850432
5078,50792913440,50877008176,50879921616,2913440
5079,50802539264,50887008176,50889547440,2539264
5080,50812957968,50897008176,50899966144,2957968
5081,50822867344,50907008176,50909875520,2867344
5082,50832745664,50917008176,50919753840,2745664
5083,50842986944,50927008176,50929995120,2986944
5084,50852905616,50937008176,50939913792,2905616
5085,50862739264,50947008176,50949747440,2739264
5086,50872901536,50957008176,50959909712,2901536
5087,50882819632,50967008176,50969827808,2819632
5088,50892973040,50977008176,50979981216,2973040
5089,50902390112,50987008176,50989398288,2390112
5090,50912895120,50997008176,50999903296,2895120
5091,50923027584,51007008176,51010035760,3027584
5092,50932784320,51017008176,51019792496,2784320
5093,50942984320,51027008176,51029992496,2984320
5094,50952801360,51037008176,51039809536,2801360
5095,50962708128,51047008176,51049716304,2708128
5096,50972937744,51057008176,51059945920,2937744
5097,50982753056,51067008176,51069761232,2753056
5098,50992963568,51077008176,51079971744,2963568
5099,51002781392,51087008176,51089789568,2781392
5100,51013018960,51097008176,51100027136,3018960
5101,51022789136,51107008176,51109797312,2789136
5102,51032582800,51117008176,51119590976,2582800
5103,51042511904,51127008176,51129520080,2511904
5104,51052624336,51137008176,51139632512,2624336
5105,51063001584,51147008176,51150009760,3001584
5106,51071948224,51157008176,51158956400,1948224
5107,51082380528,51167008176,51169388704,2380528
5108,51093275200,51177008176,51180283376,3275200
5109,51103090400,51187008176,51190098576,3090400
5110,51112152464,51197008176,51199160640,2152464
5111,51122444864,51207008176,51209453040,2444864
5112,51132620624,51217008176,51219628800,2620624
5113,51143123152,51227008176,51230131328,3123152
5114,51152450912,51237008176,51239459088,2450912
5115,51162360240,51247008176,51249368416,2360240
5116,51172513456,51257008176,51259521632,2513456
5117,51182301920,51267008176,51269310096,2301920
5118,51192531824,51277008176,51279540000,2531824
5119,51202767120,51287008176,51289775296,2767120
PERIODIC LATENCY CHUNK end=5120
5120,51212716928,51297008176,51299725104,2716928
5121,51222321984,51307008176,51309330160,2321984
5122,51232572048,51317008176,51319580224,2572048
5123,51242888608,51327008176,51329896784,2888608
5124,51252751664,51337008176,51339759840,2751664
5125,51262604544,51347008176,51349612720,2604544
5126,51272394384,51357008176,51359402560,2394384
5127,51282702560,51367008176,51369710736,2702560
5128,51292422896,51377008176,51379431072,2422896
5129,51302375776,51387008176,51389383952,2375776
5130,51312539472,51397008176,51399547648,2539472
5131,51322585104,51407008176,51409593280,2585104
5132,51332535568,51417008176,51419543744,2535568
5133,51343153296,51427008176,51430161472,3153296
5134,51352862688,51437008176,51439870864,2862688
5135,51362273024,51447008176,51449281200,2273024
5136,51372470656,51457008176,51459478832,2470656
5137,51382724464,51467008176,51469732640,2724464
5138,51393432864,51477008176,51480441040,3432864
5139,51402949040,51487008176,51489957216,2949040
5140,51412179088,51497008176,51499187264,2179088
5141,51422884160,51507008176,51509892336,2884160
5142,51432749536,51517008176,51519757712,2749536
5143,51442419552,51527008176,51529427728,2419552
5144,51452955344,51537008176,51539963520,2955344
5145,51462467728,51547008176,51549475904,2467728
5146,51472512848,51557008176,51559521024,2512848
5147,51482619904,51567008176,51569628080,2619904
5148,51492696304,51577008176,51579704480,2696304
5149,51502740816,51587008176,51589748992,2740816
5150,51512317392,51597008176,51599325568,2317392
5151,51522582608,51607008176,51609590784,2582608
5152,51533316336,51617008176,51620324512,3316336
5153,51542661152,51627008176,51629669328,2661152
5154,51553004720,51637008176,51640012896,3004720
5155,51562481184,51647008176,51649489360,2481184
5156,51572591184,51657008176,51659599360,2591184
5157,51582797872,51667008176,51669806048,2797872
5158,51592164784,51677008176,51679172960,2164784
5159,51602520192,51687008176,51689528368,2520192
5160,51612368240,51697008176,51699376416,2368240
5161,51622707840,51707008176,51709716016,2707840
5162,51632566208,51717008176,51719574384,2566208
5163,51642642240,51727008176,51729650416,2642240
5164,51652587824,51737008176,51739596000,2587824
5165,51662471472,51747008176,51749479648,2471472
5166,51671699408,51757008176,51758707584,1699408
5167,51682110112,51767008176,51769118288,2110112
5168,51691936128,51777008176,51778944304,1936128
5169,51702262288,51787008176,51789270464,2262288
5170,51713041520,51797008176,51800049696,3041520
5171,51723289792,51807008176,51810297968,3289792
5172,51732081776,51817008176,51819089952,2081776
5173,51742493168,51827008176,51829501344,2493168
5174,51752448688,51837008176,51839456864,2448688
5175,51762392560,51847008176,51849400736,2392560
5176,51772560480,51857008176,51859568656,2560480
5177,51782548960,51867008176,51869557136,2548960
5178,51792649888,51877008176,51879658064,2649888
5179,51802597952,51887008176,51889606128,2597952
5180,51812541856,51897008176,51899550032,2541856
5181,51822786176,51907008176,51909794352,2786176
5182,51832504384,51917008176,51919512560,2504384
5183,51842539664,51927008176,51929547840,2539664
5184,51852559344,51937008176,51939567520,2559344
5185,51862475520,51947008176,51949483696,2475520
5186,51872325120,51957008176,51959333296,2325120
5187,51882408816,51967008176,51969416992,2408816
5188,51892478672,51977008176,51979486848,2478672
5189,51902474416,51987008176,51989482592,2474416
5190,51912160496,51997008176,51999168672,2160496
5191,51922304576,52007008176,52009312752,2304576
5192,51932507072,52017008176,52019515248,2507072
5193,51942824000,52027008176,52029832176,2824000
5194,51952728784,52037008176,52039736960,2728784
5195,51962631792,52047008176,52049639968,2631792
5196,51972662064,52057008176,52059670240,2662064
5197,51982781408,52067008176,52069789584,2781408
5198,51992654640,52077008176,52079662816,2654640
5199,52002763104,52087008176,52089771280,2763104
5200,52012733344,52097008176,52099741520,2733344
5201,52022542048,52107008176,52109550224,2542048
5202,52032471632,52117008176,52119479808,2471632
5203,52042665008,52127008176,52129673184,2665008
5204,52052589584,52137008176,52139597760,2589584
5205,52062652112,52147008176,52149660288,2652112
5206,52072452912,52157008176,52159461088,2452912
5207,52082717632,52167008176,52169725808,2717632
5208,52092550144,52177008176,52179558320,2550144
5209,52102682960,52187008176,52189691136,2682960
5210,52112437248,52197008176,52199445424,2437248
5211,52122852736,52207008176,52209860912,2852736
5212,52132644448,52217008176,52219652624,2644448
5213,52142904288,52227008176,52229912464,2904288
5214,52152730096,52237008176,52239738272,2730096
5215,52162705872,52247008176,52249714048,2705872
5216,52173388720,52257008176,52260396896,3388720
5217,52182191136,52267008176,52269199312,2191136
5218,52192450000,52277008176,52279458176,2450000
5219,52202743024,52287008176,52289751200,2743024
5220,52212425232,52297008176,52299433408,2425232
5221,52222481984,52307008176,52309490160,2481984
5222,52232549664,52317008176,52319557840,2549664
5223,52242482256,52327008176,52329490432,2482256
5224,52252546848,52337008176,52339555024,2546848
5225,52262571360,52347008176,52349579536,2571360
5226,52272186112,52357008176,52359194288,2186112
5227,52282544848,52367008176,52369553024,2544848
5228,52292673424,52377008176,52379681600,2673424
5229,52302552080,52387008176,52389560256,2552080
5230,52312754560,52397008176,52399762736,2754560
5231,52322735840,52407008176,52409744016,2735840
5232,52332587280,52417008176,52419595456,2587280
5233,52342726784,52427008176,52429734960,2726784
5234,52352499152,52437008176,52439507328,2499152
5235,52362583264,52447008176,52449591440,2583264
5236,52372308656,52457008176,52459316832,2308656
5237,52382574720,52467008176,52469582896,2574720
5238,52392743408,52477008176,52479751584,2743408
5239,52402572960,52487008176,52489581136,2572960
5240,52412121568,52497008176,52499129744,2121568
5241,52422706432,52507008176,52509714608,2706432
5242,52432401392,52517008176,52519409568,2401392
5243,52442708032,52527008176,52529716208,2708032
5244,52452615392,52537008176,52539623568,2615392
5245,52462754656,52547008176,52549762832,2754656
5246,52472650592,52557008176,52559658768,2650592
5247,52482600720,52567008176,52569608896,2600720
5248,52492529408,52577008176,52579537584,2529408
5249,52502676672,52587008176,52589684848,2676672
5250,52512028080,52597008176,52599036256,2028080
5251,52520764368,52607008176,52607772544,764368
5252,52531226880,52617008176,52618235056,1226880
5253,52542457632,52627008176,52629465808,2457632
5254,52552018384,52637008176,52639026560,2018384
5255,52562106688,52647008176,52649114864,2106688
5256,52572955840,52657008176,52659964016,2955840
5257,52582768288,52667008176,52669776464,2768288
5258,52592397152,52677008176,52679405328,2397152
5259,52602643344,52687008176,52689651520,2643344
5260,52612521104,52697008176,52699529280,2521104
5261,52622664880,52707008176,52709673056,2664880
5262,52632619616,52717008176,52719627792,2619616
5263,52642640544,52727008176,52729648720,2640544
5264,52652638496,52737008176,52739646672,2638496
5265,52662795376,52747008176,52749803552,2795376
5266,52672381248,52757008176,52759389424,2381248
5267,52682753600,52767008176,52769761776,2753600
5268,52692575664,52777008176,52779583840,2575664
5269,52702632048,52787008176,52789640224,2632048
5270,52712585280,52797008176,52799593456,2585280
5271,52722668816,52807008176,52809676992,2668816
5272,52732788784,52817008176,52819796960,2788784
5273,52742504048,52827008176,52829512224,2504048
5274,52752555200,52837008176,52839563376,2555200
5275,52762319808,52847008176,52849327984,2319808
5276,52772638176,52857008176,52859646352,2638176
5277,52782660096,52867008176,52869668272,2660096
5278,52792576288,52877008176,52879584464,2576288
5279,52802539904,52887008176,52889548080,2539904
5280,52812619648,52897008176,52899627824,2619648
5281,52822756960,52907008176,52909765136,2756960
5282,52832611408,52917008176,52919619584,2611408
5283,52842733168,52927008176,52929741344,2733168
5284,52852634272,52937008176,52939642448,2634272
5285,52862502240,52947008176,52949510416,2502240
5286,52872617456,52957008176,52959625632,2617456
5287,52882551552,52967008176,52969559728,2551552
5288,52892456480,52977008176,52979464656,2456480
5289,52902155008,52987008176,52989163184,2155008
5290,52912488208,52997008176,52999496384,2488208
5291,52922474640,53007008176,53009482816,2474640
5292,52932723264,53017008176,53019731440,2723264
5293,52942651376,53027008176,53029659552,2651376
5294,52952573008,53037008176,53039581184,2573008
5295,52962556144,53047008176,53049564320,2556144
5296,52972451360,53057008176,53059459536,2451360
5297,52982487168,53067008176,53069495344,2487168
5298,52992634304,53077008176,53079642480,2634304
5299,53002553600,53087008176,53089561776,2553600
5300,53012562544,53097008176,53099570720,2562544
5301,53022554688,53107008176,53109562864,2554688
5302,53032443760,53117008176,53119451936,2443760
5303,53042613824,53127008176,53129622000,2613824
5304,53052607200,53137008176,53139615376,2607200
5305,53062603392,53147008176,53149611568,2603392
5306,53072268528,53157008176,53159276704,2268528
5307,53082466624,53167008176,53169474800,2466624
5308,53092611328,53177008176,53179619504,2611328
5309,53102603952,53187008176,53189612128,2603952
5310,53112309232,53197008176,53199317408,2309232
5311,53122534320,53207008176,53209542496,2534320
5312,53130909424,53217008176,53217917600,909424
5313,53140994640,53227008176,53228002816,994640
5314,53150884752,53237008176,53237892928,884752
5315,53161128000,53247008176,53248136176,1128000
5316,53170769200,53257008176,53257777376,769200
5317,53181053888,53267008176,53268062064,1053888
5318,53191109632,53277008176,53278117808,1109632
5319,53200862544,53287008176,53287870720,862544
5320,53210848352,53297008176,53297856528,848352
5321,53221231712,53307008176,53308239888,1231712
5322,53233162192,53317008176,53320170368,3162192
5323,53243293184,53327008176,53330301360,3293184
5324,53252356272,53337008176,53339364448,2356272
5325,53262415616,53347008176,53349423792,2415616
5326,53272372160,53357008176,53359380336,2372160
5327,53282515376,53367008176,53369523552,2515376
5328,53292605728,53377008176,53379613904,2605728
5329,53302631392,53387008176,53389639568,2631392
5330,53312464784,53397008176,53399472960,2464784
5331,53322314144,53407008176,53409322320,2314144
5332,53332636592,53417008176,53419644768,2636592
5333,53342660608,53427008176,53429668784,2660608
5334,53352489152,53437008176,53439497328,2489152
5335,53362673168,53447008176,53449681344,2673168
5336,53372416496,53457008176,53459424672,2416496
5337,53382568048,53467008176,53469576224,2568048
5338,53392051856,53477008176,53479060032,2051856
5339,53402291312,53487008176,53489299488,2291312
5340,53412417328,53497008176,53499425504,2417328
5341,53422784128,53507008176,53509792304,2784128
5342,53432610688,53517008176,53519618864,2610688
5343,53442335920,53527008176,53529344096,2335920
5344,53452296320,53537008176,53539304496,2296320
5345,53462247440,53547008176,53549255616,2247440
5346,53472953296,53557008176,53559961472,2953296
5347,53481999664,53567008176,53569007840,1999664
5348,53492227504,53577008176,53579235680,2227504
5349,53502508352,53587008176,53589516528,2508352
5350,53512400336,53597008176,53599408512,2400336
5351,53522579872,53607008176,53609588048,2579872
5352,53532566432,53617008176,53619574608,2566432
5353,53542767072,53627008176,53629775248,2767072
5354,53551966848,53637008176,53638975024,1966848
5355,53562570576,53647008176,53649578752,2570576
5356,53572616352,53657008176,53659624528,2616352
5357,53582635312,53667008176,53669643488,2635312
5358,53592414448,53677008176,53679422624,2414448
5359,53602633104,53687008176,53689641280,2633104
5360,53612498992,53697008176,53699507168,2498992
5361,53622663360,53707008176,53709671536,2663360
5362,53632879984,53717008176,53719888160,2879984
5363,53642916928,53727008176,53729925104,2916928
5364,53652654576,53737008176,53739662752,2654576
5365,53662690752,53747008176,53749698928,2690752
5366,53672521472,53757008176,53759529648,2521472
5367,53682593792,53767008176,53769601968,2593792
5368,53692602992,53777008176,53779611168,2602992
5369,53702634896,53787008176,53789643072,2634896
5370,53713180592,53797008176,53800188768,3180592
5371,53722513328,53807008176,53809521504,2513328
5372,53732633104,53817008176,53819641280,2633104
5373,53742739728,53827008176,53829747904,2739728
5374,53752688624,53837008176,53839696800,2688624
5375,53762230928,53847008176,53849239104,2230928
PERIODIC LATENCY CHUNK end=5376
5376,53773199360,53857008176,53860207536,3199360
5377,53782431360,53867008176,53869439536,2431360
5378,53792396976,53877008176,53879405152,2396976
5379,53802924720,53887008176,53889932896,2924720
5380,53813078736,53897008176,53900086912,3078736
5381,53822614256,53907008176,53909622432,2614256
5382,53833308352,53917008176,53920316528,3308352
5383,53842705648,53927008176,53929713824,2705648
5384,53852879904,53937008176,53939888080,2879904
5385,53862867888,53947008176,53949876064,2867888
5386,53873071200,53957008176,53960079376,3071200
5387,53882714800,53967008176,53969722976,2714800
5388,53892678272,53977008176,53979686448,2678272
5389,53902933248,53987008176,53989941424,2933248
5390,53913180144,53997008176,54000188320,3180144
5391,53922478800,54007008176,54009486976,2478800
5392,53932637392,54017008176,54019645568,2637392
5393,53942707360,54027008176,54029715536,2707360
5394,53953213168,54037008176,54040221344,3213168
5395,53962405888,54047008176,54049414064,2405888
5396,53972611584,54057008176,54059619760,2611584
5397,53982492224,54067008176,54069500400,2492224
5398,53992776592,54077008176,54079784768,2776592
5399,54003280208,54087008176,54090288384,3280208
5400,54012639504,54097008176,54099647680,2639504
5401,54022817600,54107008176,54109825776,2817600
5402,54032678080,54117008176,54119686256,2678080
5403,54042749008,54127008176,54129757184,2749008
5404,54052761328,54137008176,54139769504,2761328
5405,54063119856,54147008176,54150128032,3119856
5406,54072812512,54157008176,54159820688,2812512
5407,54082319200,54167008176,54169327376,2319200
5408,54093051280,54177008176,54180059456,3051280
5409,54103107312,54187008176,54190115488,3107312
5410,54112478816,54197008176,54199486992,2478816
5411,54122510480,54207008176,54209518656,2510480
5412,54132525328,54217008176,54219533504,2525328
5413,54142625840,54227008176,54229634016,2625840
5414,54152642352,54237008176,54239650528,2642352
5415,54162670144,54247008176,54249678320,2670144
5416,54173135504,54257008176,54260143680,3135504
5417,54182720928,54267008176,54269729104,2720928
5418,54192684288,54277008176,54279692464,2684288
5419,54202867024,54287008176,54289875200,2867024
5420,54212166240,54297008176,54299174416,2166240
5421,54222318336,54307008176,54309326512,2318336
5422,54232963120,54317008176,54319971296,2963120
5423,54242970960,54327008176,54329979136,2970960
5424,54252848448,54337008176,54339856624,2848448
5425,54264127552,54347008176,54351135728,4127552
5426,54272342192,54357008176,54359350368,2342192
5427,54282187488,54367008176,54369195664,2187488
5428,54292338592,54377008176,54379346768,2338592
5429,54302505168,54387008176,54389513344,2505168
5430,54312504624,54397008176,54399512800,2504624
5431,54322555808,54407008176,54409563984,2555808
5432,54332108176,54417008176,54419116352,2108176
5433,54342835392,54427008176,54429843568,2835392
5434,54352785424,54437008176,54439793600,2785424
5435,54362661120,54447008176,54449669296,2661120
5436,54372914608,54457008176,54459922784,2914608
5437,54382717472,54467008176,54469725648,2717472
5438,54392575152,54477008176,54479583328,2575152
5439,54402623680,54487008176,54489631856,2623680
5440,54412046176,54497008176,54499054352,2046176
5441,54422340512,54507008176,54509348688,2340512
5442,54432538144,54517008176,54519546320,2538144
5443,54442579680,54527008176,54529587856,2579680
5444,54452850624,54537008176,54539858800,2850624
5445,54462779984,54547008176,54549788160,2779984
5446,54472647392,54557008176,54559655568,2647392
5447,54483306688,54567008176,54570314864,3306688
5448,54492368784,54577008176,54579376960,2368784
5449,54502420960,54587008176,54589429136,2420960
5450,54512478064,54597008176,54599486240,2478064
5451,54522620128,54607008176,54609628304,2620128
5452,54532660656,54617008176,54619668832,2660656
5453,54542670688,54627008176,54629678864,2670688
5454,54552334592,54637008176,54639342768,2334592
5455,54562525296,54647008176,54649533472,2525296
5456,54572793232,54657008176,54659801408,2793232
5457,54582615072,54667008176,54669623248,2615072
5458,54592219248,54677008176,54679227424,2219248
5459,54602636144,54687008176,54689644320,2636144
5460,54612753376,54697008176,54699761552,2753376
5461,54622854592,54707008176,54709862768,2854592
5462,54632845168,54717008176,54719853344,2845168
5463,54642804352,54727008176,54729812528,2804352
5464,54652402080,54737008176,54739410256,2402080
5465,54662714048,54747008176,54749722224,2714048
5466,54672322480,54757008176,54759330656,2322480
5467,54682565776,54767008176,54769573952,2565776
5468,54692647520,54777008176,54779655696,2647520
5469,54702598864,54787008176,54789607040,2598864
5470,54712606944,54797008176,54799615120,2606944
5471,54722763568,54807008176,54809771744,2763568
5472,54732368240,54817008176,54819376416,2368240
5473,54741914704,54827008176,54828922880,1914704
5474,54752363296,54837008176,54839371472,2363296
5475,54762340064,54847008176,54849348240,2340064
5476,54772759392,54857008176,54859767568,2759392
5477,54782750784,54867008176,54869758960,2750784
5478,54792487200,54877008176,54879495376,2487200
5479,54802556480,54887008176,54889564656,2556480
5480,54812802208,54897008176,54899810384,2802208
5481,54822657680,54907008176,54909665856,2657680
5482,54832714528,54917008176,54919722704,2714528
5483,54842472496,54927008176,54929480672,2472496
5484,54852721984,54937008176,54939730160,2721984
5485,54862131088,54947008176,54949139264,2131088
5486,54872928624,54957008176,54959936800,2928624
5487,54882232352,54967008176,54969240528,2232352
5488,54892578096,54977008176,54979586272,2578096
5489,54902235872,54987008176,54989244048,2235872
5490,54912595056,54997008176,54999603232,2595056
5491,54922676480,55007008176,55009684656,2676480
5492,54932541584,55017008176,55019549760,2541584
5493,54942528032,55027008176,55029536208,2528032
5494,54952642416,55037008176,55039650592,2642416
5495,54962268688,55047008176,55049276864,2268688
5496,54972565104,55057008176,55059573280,2565104
5497,54982730912,55067008176,55069739088,2730912
5498,54992628512,55077008176,55079636688,2628512
5499,55002763040,55087008176,55089771216,2763040
5500,55012720928,55097008176,55099729104,2720928
5501,55022771856,55107008176,55109780032,2771856
5502,55032875120,55117008176,55119883296,2875120
5503,55042530480,55127008176,55129538656,2530480
5504,55052762336,55137008176,55139770512,2762336
5505,55062678480,55147008176,55149686656,2678480
5506,55072368112,55157008176,55159376288,2368112
5507,55082862416,55167008176,55169870592,2862416
5508,55092624032,55177008176,55179632208,2624032
5509,55102779456,55187008176,55189787632,2779456
5510,55112601104,55197008176,55199609280,2601104
5511,55122432832,55207008176,55209441008,2432832
5512,55132690864,55217008176,55219699040,2690864
5513,55142524240,55227008176,55229532416,2524240
5514,55152635456,55237008176,55239643632,2635456
5515,55162569040,55247008176,55249577216,2569040
5516,55172571392,55257008176,55259579568,2571392
5517,55182227088,55267008176,55269235264,2227088
5518,55192671776,55277008176,55279679952,2671776
5519,55202579056,55287008176,55289587232,2579056
5520,55212788688,55297008176,55299796864,2788688
5521,55222589776,55307008176,55309597952,2589776
5522,55232396976,55317008176,55319405152,2396976
5523,55242709568,55327008176,55329717744,2709568
5524,55252731984,55337008176,55339740160,2731984
5525,55262783760,55347008176,55349791936,2783760
5526,55272425488,55357008176,55359433664,2425488
5527,55282708976,55367008176,55369717152,2708976
5528,55292723344,55377008176,55379731520,2723344
5529,55302646944,55387008176,55389655120,2646944
5530,55312799312,55397008176,55399807488,2799312
5531,55322751120,55407008176,55409759296,2751120
5532,55332850000,55417008176,55419858176,2850000
5533,55342652576,55427008176,55429660752,2652576
5534,55352408768,55437008176,55439416944,2408768
5535,55363265712,55447008176,55450273888,3265712
5536,55372362784,55457008176,55459370960,2362784
5537,55382615536,55467008176,55469623712,2615536
5538,55392850768,55477008176,55479858944,2850768
5539,55402647328,55487008176,55489655504,2647328
5540,55412193632,55497008176,55499201808,2193632
5541,55422447584,55507008176,55509455760,2447584
5542,55432554688,55517008176,55519562864,2554688
5543,55442514000,55527008176,55529522176,2514000
5544,55452719808,55537008176,55539727984,2719808
5545,55462328384,55547008176,55549336560,2328384
5546,55472605248,55557008176,55559613424,2605248
5547,55482635744,55567008176,55569643920,2635744
5548,55492603024,55577008176,55579611200,2603024
5549,55502558448,55587008176,55589566624,2558448
5550,55512594128,55597008176,55599602304,2594128
5551,55522589792,55607008176,55609597968,2589792
5552,55532621792,55617008176,55619629968,2621792
5553,55542478144,55627008176,55629486320,2478144
5554,55552244336,55637008176,55639252512,2244336
5555,55562929712,55647008176,55649937888,2929712
5556,55572390208,55657008176,55659398384,2390208
5557,55582941408,55667008176,55669949584,2941408
5558,55592229696,55677008176,55679237872,2229696
5559,55602569632,55687008176,55689577808,2569632
5560,55612485248,55697008176,55699493424,2485248
5561,55622649056,55707008176,55709657232,2649056
5562,55632564224,55717008176,55719572400,2564224
5563,55642642880,55727008176,55729651056,2642880
5564,55652572640,55737008176,55739580816,2572640
5565,55662388272,55747008176,55749396448,2388272
5566,55672588656,55757008176,55759596832,2588656
5567,55682608176,55767008176,55769616352,2608176
5568,55692545472,55777008176,55779553648,2545472
5569,55702529840,55787008176,55789538016,2529840
5570,55712141152,55797008176,55799149328,2141152
5571,55722427904,55807008176,55809436080,2427904
5572,55732095200,55817008176,55819103376,2095200
5573,55742443792,55827008176,55829451968,2443792
5574,55751971568,55837008176,55838979744,1971568
5575,55762081408,55847008176,55849089584,2081408
5576,55772517680,55857008176,55859525856,2517680
5577,55782610256,55867008176,55869618432,2610256
5578,55792633024,55877008176,55879641200,2633024
5579,55802524720,55887008176,55889532896,2524720
5580,55812697904,55897008176,55899706080,2697904
5581,55823456432,55907008176,55910464608,3456432
5582,55832694000,55917008176,55919702176,2694000
5583,55842135952,55927008176,55929144128,2135952
5584,55852577968,55937008176,55939586144,2577968
5585,55862580480,55947008176,55949588656,2580480
5586,55872552144,55957008176,55959560320,2552144
5587,55882478016,55967008176,55969486192,2478016
5588,55892743424,55977008176,55979751600,2743424
5589,55902873520,55987008176,55989881696,2873520
5590,55912325856,55997008176,55999334032,2325856
5591,55922708528,56007008176,56009716704,2708528
5592,55932922704,56017008176,56019930880,2922704
5593,55942524672,56027008176,56029532848,2524672
5594,55952689504,56037008176,56039697680,2689504
5595,55962503600,56047008176,56049511776,2503600
5596,55972996800,56057008176,56060004976,2996800
5597,55982986880,56067008176,56069995056,2986880
5598,55993053600,56077008176,56080061776,3053600
5599,56002809072,56087008176,56089817248,2809072
5600,56012248864,56097008176,56099257040,2248864
5601,56022515120,56107008176,56109523296,2515120
5602,56032422512,56117008176,56119430688,2422512
5603,56042417296,56127008176,56129425472,2417296
5604,56052189904,56137008176,56139198080,2189904
5605,56062549184,56147008176,56149557360,2549184
5606,56071836368,56157008176,56158844544,1836368
5607,56082275072,56167008176,56169283248,2275072
5608,56092871504,56177008176,56179879680,2871504
5609,56102843136,56187008176,56189851312,2843136
5610,56112611392,56197008176,56199619568,2611392
5611,56122228992,56207008176,56209237168,2228992
5612,56132382416,56217008176,56219390592,2382416
5613,56142412544,56227008176,56229420720,2412544
5614,56152797600,56237008176,56239805776,2797600
5615,56163046432,56247008176,56250054608,3046432
5616,56172258512,56257008176,56259266688,2258512
5617,56182547232,56267008176,56269555408,2547232
5618,56191087040,56277008176,56278095216,1087040
5619,56201181056,56287008176,56288189232,1181056
5620,56210839520,56297008176,56297847696,839520
5621,56221161024,56307008176,56308169200,1161024
5622,56230934976,56317008176,56317943152,934976
5623,56241255056,56327008176,56328263232,1255056
5624,56250962944,56337008176,56337971120,962944
5625,56260881536,56347008176,56347889712,881536
5626,56270937856,56357008176,56357946032,937856
5627,56281782176,56367008176,56368790352,1782176
5628,56292658720,56377008176,56379666896,2658720
5629,56302580656,56387008176,56389588832,2580656
5630,56312635136,56397008176,56399643312,2635136
5631,56321970912,56407008176,56408979088,1970912
PERIODIC LATENCY CHUNK end=5632
5632,56332265040,56417008176,56419273216,2265040
5633,56342603232,56427008176,56429611408,2603232
5634,56352866896,56437008176,56439875072,2866896
5635,56362817568,56447008176,56449825744,2817568
5636,56372534736,56457008176,56459542912,2534736
5637,56382755808,56467008176,56469763984,2755808
5638,56392590832,56477008176,56479599008,2590832
5639,56402614176,56487008176,56489622352,2614176
5640,56411812720,56497008176,56498820896,1812720
5641,56422395632,56507008176,56509403808,2395632
5642,56432533520,56517008176,56519541696,2533520
5643,56442565648,56527008176,56529573824,2565648
5644,56452595920,56537008176,56539604096,2595920
5645,56462538608,56547008176,56549546784,2538608
5646,56472660496,56557008176,56559668672,2660496
5647,56482683328,56567008176,56569691504,2683328
5648,56493139776,56577008176,56580147952,3139776
5649,56502997584,56587008176,56590005760,2997584
5650,56512335680,56597008176,56599343856,2335680
5651,56522466416,56607008176,56609474592,2466416
5652,56532873968,56617008176,56619882144,2873968
5653,56542530256,56627008176,56629538432,2530256
5654,56552487088,56637008176,56639495264,2487088
5655,56562584816,56647008176,56649592992,2584816
5656,56572547232,56657008176,56659555408,2547232
5657,56582711536,56667008176,56669719712,2711536
5658,56592347568,56677008176,56679355744,2347568
5659,56603237088,56687008176,56690245264,3237088
5660,56612443232,56697008176,56699451408,2443232
5661,56622590944,56707008176,56709599120,2590944
5662,56632519696,56717008176,56719527872,2519696
5663,56642655824,56727008176,56729664000,2655824
5664,56652717216,56737008176,56739725392,2717216
5665,56662580304,56747008176,56749588480,2580304
5666,56672859632,56757008176,56759867808,2859632
5667,56682685856,56767008176,56769694032,2685856
5668,56692731824,56777008176,56779740000,2731824
5669,56702523520,56787008176,56789531696,2523520
5670,56712238544,56797008176,56799246720,2238544
5671,56722701056,56807008176,56809709232,2701056
5672,56732315152,56817008176,56819323328,2315152
5673,56742861696,56827008176,56829869872,2861696
5674,56752748880,56837008176,56839757056,2748880
5675,56762186224,56847008176,56849194400,2186224
5676,56772561056,56857008176,56859569232,2561056
5677,56782253056,56867008176,56869261232,2253056
5678,56792907728,56877008176,56879915904,2907728
5679,56802337152,56887008176,56889345328,2337152
5680,56812609408,56897008176,56899617584,2609408
5681,56822623664,56907008176,56909631840,2623664
5682,56832357584,56917008176,56919365760,2357584
5683,56842796064,56927008176,56929804240,2796064
5684,56852691024,56937008176,56939699200,2691024
5685,56862616672,56947008176,56949624848,2616672
5686,56872742880,56957008176,56959751056,2742880
5687,56882610896,56967008176,56969619072,2610896
5688,56892775472,56977008176,56979783648,2775472
5689,56902185920,56987008176,56989194096,2185920
5690,56912680352,56997008176,56999688528,2680352
5691,56922444752,57007008176,57009452928,2444752
5692,56933150896,57017008176,57020159072,3150896
5693,56942513568,57027008176,57029521744,2513568
5694,56952765232,57037008176,57039773408,2765232
5695,56962612144,57047008176,57049620320,2612144
5696,56972773696,57057008176,57059781872,2773696
5697,56982544992,57067008176,57069553168,2544992
5698,56992757264,57077008176,57079765440,2757264
5699,57002712704,57087008176,57089720880,2712704
5700,57012645536,57097008176,57099653712,2645536
5701,57022723568,57107008176,57109731744,2723568
5702,57033117952,57117008176,57120126128,3117952
5703,57042311600,57127008176,57129319776,2311600
5704,57053213520,57137008176,57140221696,3213520
5705,57062456464,57147008176,57149464640,2456464
5706,57072290176,57157008176,57159298352,2290176
5707,57082574544,57167008176,57169582720,2574544
5708,57092829520,57177008176,57179837696,2829520
5709,57102517632,57187008176,57189525808,2517632
5710,57112969232,57197008176,57199977408,2969232
5711,57122820384,57207008176,57209828560,2820384
5712,57132605872,57217008176,57219614048,2605872
5713,57142105840,57227008176,57229114016,2105840
5714,57152962608,57237008176,57239970784,2962608
5715,57162222944,57247008176,57249231120,2222944
5716,57173025440,57257008176,57260033616,3025440
5717,57181801312,57267008176,57268809488,1801312
5718,57192443296,57277008176,57279451472,2443296
5719,57202396576,57287008176,57289404752,2396576
5720,57213543632,57297008176,57300551808,3543632
5721,57222677968,57307008176,57309686144,2677968
5722,57232602304,57317008176,57319610480,2602304
5723,57242631472,57327008176,57329639648,2631472
5724,57252709568,57337008176,57339717744,2709568
5725,57262793056,57347008176,57349801232,2793056
5726,57272803824,57357008176,57359812000,2803824
5727,57282931552,57367008176,57369939728,2931552
5728,57292757344,57377008176,57379765520,2757344
5729,57302650576,57387008176,57389658752,2650576
5730,57313419424,57397008176,57400427600,3419424
5731,57322872512,57407008176,57409880688,2872512
5732,57332549104,57417008176,57419557280,2549104
5733,57342705904,57427008176,57429714080,2705904
5734,57352680416,57437008176,57439688592,2680416
5735,57362273968,57447008176,57449282144,2273968
5736,57372385024,57457008176,57459393200,2385024
5737,57382734512,57467008176,57469742688,2734512
5738,57392692976,57477008176,57479701152,2692976
5739,57402853600,57487008176,57489861776,2853600
5740,57412318272,57497008176,57499326448,2318272
5741,57423095936,57507008176,57510104112,3095936
5742,57432899280,57517008176,57519907456,2899280
5743,57442722960,57527008176,57529731136,2722960
5744,57452890608,57537008176,57539898784,2890608
5745,57462895984,57547008176,57549904160,2895984
5746,57472787760,57557008176,57559795936,2787760
5747,57482944304,57567008176,57569952480,2944304
5748,57493032144,57577008176,57580040320,3032144
5749,57502737824,57587008176,57589746000,2737824
5750,57512852592,57597008176,57599860768,2852592
5751,57522765520,57607008176,57609773696,2765520
5752,57532818432,57617008176,57619826608,2818432
5753,57543207632,57627008176,57630215808,3207632
5754,57552419568,57637008176,57639427744,2419568
5755,57562887776,57647008176,57649895952,2887776
5756,57572779232,57657008176,57659787408,2779232
5757,57582685504,57667008176,57669693680,2685504
5758,57592707008,57677008176,57679715184,2707008
5759,57602915888,57687008176,57689924064,2915888
5760,57612835488,57697008176,57699843664,2835488
5761,57622890640,57707008176,57709898816,2890640
5762,57632842016,57717008176,57719850192,2842016
5763,57642748512,57727008176,57729756688,2748512
5764,57652759504,57737008176,57739767680,2759504
5765,57663012384,57747008176,57750020560,3012384
5766,57671529408,57757008176,57758537584,1529408
5767,57681202032,57767008176,57768210208,1202032
5768,57691176512,57777008176,57778184688,1176512
5769,57701416240,57787008176,57788424416,1416240
5770,57711137648,57797008176,57798145824,1137648
5771,57721457120,57807008176,57808465296,1457120
5772,57731298688,57817008176,57818306864,1298688
5773,57741150960,57827008176,57828159136,1150960
5774,57752056528,57837008176,57839064704,2056528
5775,57762372912,57847008176,57849381088,2372912
5776,57772875376,57857008176,57859883552,2875376
5777,57782249680,57867008176,57869257856,2249680
5778,57792421856,57877008176,57879430032,2421856
5779,57802569952,57887008176,57889578128,2569952
5780,57812633072,57897008176,57899641248,2633072
5781,57822429616,57907008176,57909437792,2429616
5782,57832863792,57917008176,57919871968,2863792
5783,57843095216,57927008176,57930103392,3095216
5784,57852896576,57937008176,57939904752,2896576
5785,57862699376,57947008176,57949707552,2699376
5786,57872791648,57957008176,57959799824,2791648
5787,57882697584,57967008176,57969705760,2697584
5788,57892528704,57977008176,57979536880,2528704
5789,57902163200,57987008176,57989171376,2163200
5790,57912491712,57997008176,57999499888,2491712
5791,57922364768,58007008176,58009372944,2364768
5792,57932558976,58017008176,58019567152,2558976
5793,57942653200,58027008176,58029661376,2653200
5794,57952743136,58037008176,58039751312,2743136
5795,57962580416,58047008176,58049588592,2580416
5796,57972529968,58057008176,58059538144,2529968
5797,57982401264,58067008176,58069409440,2401264
5798,57992906320,58077008176,58079914496,2906320
5799,58002872064,58087008176,58089880240,2872064
5800,58012948384,58097008176,58099956560,2948384
5801,58022709168,58107008176,58109717344,2709168
5802,58032272736,58117008176,58119280912,2272736
5803,58043714544,58127008176,58130722720,3714544
5804,58052739280,58137008176,58139747456,2739280
5805,58062554112,58147008176,58149562288,2554112
5806,58072594000,58157008176,58159602176,2594000
5807,58082096768,58167008176,58169104944,2096768
5808,58092791664,58177008176,58179799840,2791664
5809,58102376704,58187008176,58189384880,2376704
5810,58112801248,58197008176,58199809424,2801248
5811,58122627504,58207008176,58209635680,2627504
5812,58132689888,58217008176,58219698064,2689888
5813,58142522768,58227008176,58229530944,2522768
5814,58152611344,58237008176,58239619520,2611344
5815,58162434720,58247008176,58249442896,2434720
5816,58172542336,58257008176,58259550512,2542336
5817,58182329136,58267008176,58269337312,2329136
5818,58192512288,58277008176,58279520464,2512288
5819,58202440560,58287008176,58289448736,2440560
5820,58212515760,58297008176,58299523936,2515760
5821,58222148448,58307008176,58309156624,2148448
5822,58232627120,58317008176,58319635296,2627120
5823,58242480208,58327008176,58329488384,2480208
5824,58252642976,58337008176,58339651152,2642976
5825,58262548800,58347008176,58349556976,2548800
5826,58272787952,58357008176,58359796128,2787952
5827,58282518672,58367008176,58369526848,2518672
5828,58293116144,58377008176,58380124320,3116144
5829,58302929872,58387008176,58389938048,2929872
5830,58312423040,58397008176,58399431216,2423040
5831,58322456048,58407008176,58409464224,2456048
5832,58332692016,58417008176,58419700192,2692016
5833,58342632224,58427008176,58429640400,2632224
5834,58353388016,58437008176,58440396192,3388016
5835,58363279792,58447008176,58450287968,3279792
5836,58374015216,58457008176,58461023392,4015216
5837,58382565952,58467008176,58469574128,2565952
5838,58392112176,58477008176,58479120352,2112176
5839,58402226304,58487008176,58489234480,2226304
5840,58412126880,58497008176,58499135056,2126880
5841,58422407376,58507008176,58509415552,2407376
5842,58432694000,58517008176,58519702176,2694000
5843,58442863776,58527008176,58529871952,2863776
5844,58452938432,58537008176,58539946608,2938432
5845,58462499360,58547008176,58549507536,2499360
5846,58472750112,58557008176,58559758288,2750112
5847,58482744544,58567008176,58569752720,2744544
5848,58492783280,58577008176,58579791456,2783280
5849,58502703936,58587008176,58589712112,2703936
5850,58512746176,58597008176,58599754352,2746176
5851,58522366896,58607008176,58609375072,2366896
5852,58532561392,58617008176,58619569568,2561392
5853,58542639536,58627008176,58629647712,2639536
5854,58552540032,58637008176,58639548208,2540032
5855,58562672352,58647008176,58649680528,2672352
5856,58572841184,58657008176,58659849360,2841184
5857,58582839216,58667008176,58669847392,2839216
5858,58592937744,58677008176,58679945920,2937744
5859,58602897856,58687008176,58689906032,2897856
5860,58612914608,58697008176,58699922784,2914608
5861,58622397136,58707008176,58709405312,2397136
5862,58632858320,58717008176,58719866496,2858320
5863,58642781632,58727008176,58729789808,2781632
5864,58653413440,58737008176,58740421616,3413440
5865,58662627040,58747008176,58749635216,2627040
5866,58672760672,58757008176,58759768848,2760672
5867,58682877936,58767008176,58769886112,2877936
5868,58692584512,58777008176,58779592688,2584512
5869,58703168544,58787008176,58790176720,3168544
5870,58712405296,58797008176,58799413472,2405296
5871,58722351760,58807008176,58809359936,2351760
5872,58732782992,58817008176,58819791168,2782992
5873,58742371568,58827008176,58829379744,2371568
5874,58752363616,58837008176,58839371792,2363616
5875,58762362752,58847008176,58849370928,2362752
5876,58773129344,58857008176,58860137520,3129344
5877,58782874304,58867008176,58869882480,2874304
5878,58792754416,58877008176,58879762592,2754416
5879,58802591920,58887008176,58889600096,2591920
5880,58812646928,58897008176,58899655104,2646928
5881,58822373904,58907008176,58909382080,2373904
5882,58832562976,58917008176,58919571152,2562976
5883,58842696000,58927008176,58929704176,2696000
5884,58852531520,58937008176,58939539696,2531520
5885,58862830848,58947008176,58949839024,2830848
5886,58872888096,58957008176,58959896272,2888096
5887,58882960928,58967008176,58969969104,2960928
PERIODIC LATENCY CHUNK end=5888
5888,58892682160,58977008176,58979690336,2682160
5889,58902525392,58987008176,58989533568,2525392
5890,58912707632,58997008176,58999715808,2707632
5891,58922550080,59007008176,59009558256,2550080
5892,58932450880,59017008176,59019459056,2450880
5893,58942667360,59027008176,59029675536,2667360
5894,58952506960,59037008176,59039515136,2506960
5895,58962738288,59047008176,59049746464,2738288
5896,58972784560,59057008176,59059792736,2784560
5897,58982875648,59067008176,59069883824,2875648
5898,58992747824,59077008176,59079756000,2747824
5899,59002796448,59087008176,59089804624,2796448
5900,59012869872,59097008176,59099878048,2869872
5901,59022582640,59107008176,59109590816,2582640
5902,59032729072,59117008176,59119737248,2729072
5903,59042814160,59127008176,59129822336,2814160
5904,59052757136,59137008176,59139765312,2757136
5905,59062750896,59147008176,59149759072,2750896
5906,59072328512,59157008176,59159336688,2328512
5907,59082357744,59167008176,59169365920,2357744
5908,59092596208,59177008176,59179604384,2596208
5909,59102783840,59187008176,59189792016,2783840
5910,59112689104,59197008176,59199697280,2689104
5911,59122605904,59207008176,59209614080,2605904
5912,59132853504,59217008176,59219861680,2853504
5913,59142787232,59227008176,59229795408,2787232
5914,59152481296,59237008176,59239489472,2481296
5915,59162696208,59247008176,59249704384,2696208
5916,59172699280,59257008176,59259707456,2699280
5917,59182356640,59267008176,59269364816,2356640
5918,59192528320,59277008176,59279536496,2528320
5919,59202605664,59287008176,59289613840,2605664
5920,59212722864,59297008176,59299731040,2722864
5921,59222600256,59307008176,59309608432,2600256
5922,59233228944,59317008176,59320237120,3228944
5923,59242814096,59327008176,59329822272,2814096
5924,59251808320,59337008176,59338816496,1808320
5925,59261103952,59347008176,59348112128,1103952
5926,59270896096,59357008176,59357904272,896096
5927,59280969312,59367008176,59367977488,969312
5928,59291087760,59377008176,59378095936,1087760
5929,59300944384,59387008176,59387952560,944384
5930,59311167472,59397008176,59398175648,1167472
5931,59321104080,59407008176,59408112256,1104080
5932,59331485328,59417008176,59418493504,1485328
5933,59343259872,59427008176,59430268048,3259872
5934,59352351392,59437008176,59439359568,2351392
5935,59362527664,59447008176,59449535840,2527664
5936,59372094896,59457008176,59459103072,2094896
5937,59382597392,59467008176,59469605568,2597392
5938,59392642224,59477008176,59479650400,2642224
5939,59402770720,59487008176,59489778896,2770720
5940,59412359904,59497008176,59499368080,2359904
5941,59422474272,59507008176,59509482448,2474272
5942,59432719568,59517008176,59519727744,2719568
5943,59442702368,59527008176,59529710544,2702368
5944,59452694288,59537008176,59539702464,2694288
5945,59462697344,59547008176,59549705520,2697344
5946,59472728848,59557008176,59559737024,2728848
5947,59481888240,59567008176,59568896416,1888240
5948,59492202800,59577008176,59579210976,2202800
5949,59502408112,59587008176,59589416288,2408112
5950,59513145216,59597008176,59600153392,3145216
5951,59522181776,59607008176,59609189952,2181776
5952,59532413216,59617008176,59619421392,2413216
5953,59542963504,59627008176,59629971680,2963504
5954,59552143872,59637008176,59639152048,2143872
5955,59562664688,59647008176,59649672864,2664688
5956,59572737280,59657008176,59659745456,2737280
5957,59582752704,59667008176,59669760880,2752704
5958,59592699648,59677008176,59679707824,2699648
5959,59603349536,59687008176,59690357712,3349536
5960,59613105840,59697008176,59700114016,3105840
5961,59622352720,59707008176,59709360896,2352720
5962,59633048880,59717008176,59720057056,3048880
5963,59642486848,59727008176,59729495024,2486848
5964,59652397968,59737008176,59739406144,2397968
5965,59662491104,59747008176,59749499280,2491104
5966,59672540272,59757008176,59759548448,2540272
5967,59682541488,59767008176,59769549664,2541488
5968,59692568544,59777008176,59779576720,2568544
5969,59702565824,59787008176,59789574000,2565824
5970,59712434032,59797008176,59799442208,2434032
5971,59722562336,59807008176,59809570512,2562336
5972,59732516688,59817008176,59819524864,2516688
5973,59742593904,59827008176,59829602080,2593904
5974,59752572160,59837008176,59839580336,2572160
5975,59762588000,59847008176,59849596176,2588000
5976,59772594592,59857008176,59859602768,2594592
5977,59782534096,59867008176,59869542272,2534096
5978,59792599616,59877008176,59879607792,2599616
5979,59802689760,59887008176,59889697936,2689760
5980,59812503360,59897008176,59899511536,2503360
5981,59822556528,59907008176,59909564704,2556528
5982,59832566432,59917008176,59919574608,2566432
5983,59842623360,59927008176,59929631536,2623360
5984,59853083920,59937008176,59940092096,3083920
5985,59862393440,59947008176,59949401616,2393440
5986,59872545184,59957008176,59959553360,2545184
5987,59882685792,59967008176,59969693968,2685792
5988,59893044272,59977008176,59980052448,3044272
5989,59901592896,59987008176,59988601072,1592896
5990,59912104528,59997008176,59999112704,2104528
5991,59921987088,60007008176,60008995264,1987088
5992,59932871376,60017008176,60019879552,2871376
5993,59942294176,60027008176,60029302352,2294176
5994,59952489648,60037008176,60039497824,2489648
5995,59962596320,60047008176,60049604496,2596320
5996,59972504176,60057008176,60059512352,2504176
5997,59982644032,60067008176,60069652208,2644032
5998,59992613280,60077008176,60079621456,2613280
5999,60002605616,60087008176,60089613792,2605616
PERIODIC LATENCY CHUNK end=6000
PERIODIC LATENCY COMPLETE samples=6000
=== SUCCESS PATTERN MATCHED: PERIODIC LATENCY COMPLETE samples=6000 ===

[?1006l[?1015l[?1003l[?1002l[?1000l
✓ 已退出串口终端模式
[axbuild] qemu build+run package=axvisor target=scripts/targets/std/pie/aarch64-unknown-linux-musl.json config=scripts/test/rt-partition/board-qemu-aarch64-fp-rr.toml ... done (147.07s)

Script done on 2026-08-25 20:25:47+08:00 [COMMAND_EXIT_CODE="0"]
