*** Booting Zephyr OS build dccb09599635bdff17633fa7e9dab014b91dce90 ***
sequence,timestamp_ns,deadline_ns,actual_ns,jitter_ns
0,11748336,18019088,19767424,1748336
1,20222192,28019088,28241280,222192
2,30145232,38019088,38164320,145232
3,40154288,48019088,48173376,154288
4,50092624,58019088,58111712,92624
5,60108912,68019088,68128000,108912
6,70055760,78019088,78074848,55760
7,80094784,88019088,88113872,94784
8,90165760,98019088,98184848,165760
9,100152848,108019088,108171936,152848
10,110216816,118019088,118235904,216816
11,120202608,128019088,128221696,202608
12,130155520,138019088,138174608,155520
13,140160752,148019088,148179840,160752
14,150219008,158019088,158238096,219008
15,160189040,168019088,168208128,189040
16,170181136,178019088,178200224,181136
17,180171056,188019088,188190144,171056
18,190127120,198019088,198146208,127120
19,200251008,208019088,208270096,251008
20,210144496,218019088,218163584,144496
21,220267104,228019088,228286192,267104
22,230161296,238019088,238180384,161296
23,240261328,248019088,248280416,261328
24,250216720,258019088,258235808,216720
25,260118480,268019088,268137568,118480
26,270153936,278019088,278173024,153936
27,280503424,288019088,288522512,503424
28,290407728,298019088,298426816,407728
29,300410048,308019088,308429136,410048
30,310255568,318019088,318274656,255568
31,320309680,328019088,328328768,309680
32,330342848,338019088,338361936,342848
33,340307760,348019088,348326848,307760
34,350388048,358019088,358407136,388048
35,360236848,368019088,368255936,236848
36,370171328,378019088,378190416,171328
37,380261184,388019088,388280272,261184
38,390122352,398019088,398141440,122352
39,400336768,408019088,408355856,336768
40,410305632,418019088,418324720,305632
41,420334192,428019088,428353280,334192
42,430199728,438019088,438218816,199728
43,440257088,448019088,448276176,257088
44,450134784,458019088,458153872,134784
45,460238432,468019088,468257520,238432
46,470318256,478019088,478337344,318256
47,480157728,488019088,488176816,157728
48,490155632,498019088,498174720,155632
49,500148304,508019088,508167392,148304
50,510168576,518019088,518187664,168576
51,520166656,528019088,528185744,166656
52,530106560,538019088,538125648,106560
53,540076672,548019088,548095760,76672
54,550186736,558019088,558205824,186736
55,560129616,568019088,568148704,129616
56,570142256,578019088,578161344,142256
57,580174480,588019088,588193568,174480
58,590287264,598019088,598306352,287264
59,600273744,608019088,608292832,273744
60,610227296,618019088,618246384,227296
61,620225424,628019088,628244512,225424
62,630110160,638019088,638129248,110160
63,640232496,648019088,648251584,232496
64,650272192,658019088,658291280,272192
65,660164608,668019088,668183696,164608
66,670209840,678019088,678228928,209840
67,680333360,688019088,688352448,333360
68,690212832,698019088,698231920,212832
69,700357888,708019088,708376976,357888
70,710437792,718019088,718456880,437792
71,720374256,728019088,728393344,374256
72,730178944,738019088,738198032,178944
73,740317872,748019088,748336960,317872
74,750471408,758019088,758490496,471408
75,760376912,768019088,768396000,376912
76,770207984,778019088,778227072,207984
77,780452512,788019088,788471600,452512
78,790366272,798019088,798385360,366272
79,800297376,808019088,808316464,297376
80,810474336,818019088,818493424,474336
81,820496848,828019088,828515936,496848
82,830161008,838019088,838180096,161008
83,840137824,848019088,848156912,137824
84,850239424,858019088,858258512,239424
85,860138288,868019088,868157376,138288
86,870189424,878019088,878208512,189424
87,880237136,888019088,888256224,237136
88,890201520,898019088,898220608,201520
89,900206400,908019088,908225488,206400
90,910228640,918019088,918247728,228640
91,920235632,928019088,928254720,235632
92,930134080,938019088,938153168,134080
93,940162320,948019088,948181408,162320
94,950185488,958019088,958204576,185488
95,960113376,968019088,968132464,113376
96,970133456,978019088,978152544,133456
97,980125616,988019088,988144704,125616
98,990118336,998019088,998137424,118336
99,1000134160,1008019088,1008153248,134160
100,1010096112,1018019088,1018115200,96112
101,1020083344,1028019088,1028102432,83344
102,1030130816,1038019088,1038149904,130816
103,1040188112,1048019088,1048207200,188112
104,1050201264,1058019088,1058220352,201264
105,1060172736,1068019088,1068191824,172736
106,1070096624,1078019088,1078115712,96624
107,1080127296,1088019088,1088146384,127296
108,1090173056,1098019088,1098192144,173056
109,1100126176,1108019088,1108145264,126176
110,1110109744,1118019088,1118128832,109744
111,1120090224,1128019088,1128109312,90224
112,1130100528,1138019088,1138119616,100528
113,1140067584,1148019088,1148086672,67584
114,1150028048,1158019088,1158047136,28048
115,1160071264,1168019088,1168090352,71264
116,1170169136,1178019088,1178188224,169136
117,1180123264,1188019088,1188142352,123264
118,1190156832,1198019088,1198175920,156832
119,1200194880,1208019088,1208213968,194880
120,1210158704,1218019088,1218177792,158704
121,1220126176,1228019088,1228145264,126176
122,1230172880,1238019088,1238191968,172880
123,1240104000,1248019088,1248123088,104000
124,1250167360,1258019088,1258186448,167360
125,1260179632,1268019088,1268198720,179632
126,1270165072,1278019088,1278184160,165072
127,1280191232,1288019088,1288210320,191232
128,1290228384,1298019088,1298247472,228384
129,1300234544,1308019088,1308253632,234544
130,1310162176,1318019088,1318181264,162176
131,1320114304,1328019088,1328133392,114304
132,1330196992,1338019088,1338216080,196992
133,1340189040,1348019088,1348208128,189040
134,1350090976,1358019088,1358110064,90976
135,1360120752,1368019088,1368139840,120752
136,1370200256,1378019088,1378219344,200256
137,1380125312,1388019088,1388144400,125312
138,1390168864,1398019088,1398187952,168864
139,1400350992,1408019088,1408370080,350992
140,1410313552,1418019088,1418332640,313552
141,1420226368,1428019088,1428245456,226368
142,1430274928,1438019088,1438294016,274928
143,1440206672,1448019088,1448225760,206672
144,1450157488,1458019088,1458176576,157488
145,1460125408,1468019088,1468144496,125408
146,1470157936,1478019088,1478177024,157936
147,1480087008,1488019088,1488106096,87008
148,1490096000,1498019088,1498115088,96000
149,1500089840,1508019088,1508108928,89840
150,1510081040,1518019088,1518100128,81040
151,1520165360,1528019088,1528184448,165360
152,1530092432,1538019088,1538111520,92432
153,1540135440,1548019088,1548154528,135440
154,1550152800,1558019088,1558171888,152800
155,1560193360,1568019088,1568212448,193360
156,1570176464,1578019088,1578195552,176464
157,1580077968,1588019088,1588097056,77968
158,1590165232,1598019088,1598184320,165232
159,1600270736,1608019088,1608289824,270736
160,1610114912,1618019088,1618134000,114912
161,1620115712,1628019088,1628134800,115712
162,1630111920,1638019088,1638131008,111920
163,1640296624,1648019088,1648315712,296624
164,1650227104,1658019088,1658246192,227104
165,1660141856,1668019088,1668160944,141856
166,1670117760,1678019088,1678136848,117760
167,1680098480,1688019088,1688117568,98480
168,1690093472,1698019088,1698112560,93472
169,1700209328,1708019088,1708228416,209328
170,1710178336,1718019088,1718197424,178336
171,1720177984,1728019088,1728197072,177984
172,1730219344,1738019088,1738238432,219344
173,1740092816,1748019088,1748111904,92816
174,1750153680,1758019088,1758172768,153680
175,1760100928,1768019088,1768120016,100928
176,1770210176,1778019088,1778229264,210176
177,1780073712,1788019088,1788092800,73712
178,1790119984,1798019088,1798139072,119984
179,1800236608,1808019088,1808255696,236608
180,1810235888,1818019088,1818254976,235888
181,1820109728,1828019088,1828128816,109728
182,1830057152,1838019088,1838076240,57152
183,1840183808,1848019088,1848202896,183808
184,1850239008,1858019088,1858258096,239008
185,1860210752,1868019088,1868229840,210752
186,1870083680,1878019088,1878102768,83680
187,1880184240,1888019088,1888203328,184240
188,1890382592,1898019088,1898401680,382592
189,1900176992,1908019088,1908196080,176992
190,1910038384,1918019088,1918057472,38384
191,1920034976,1928019088,1928054064,34976
192,1930055936,1938019088,1938075024,55936
193,1940092992,1948019088,1948112080,92992
194,1950385424,1958019088,1958404512,385424
195,1960154624,1968019088,1968173712,154624
196,1970055568,1978019088,1978074656,55568
197,1980073728,1988019088,1988092816,73728
198,1990087664,1998019088,1998106752,87664
199,2000058736,2008019088,2008077824,58736
200,2010072560,2018019088,2018091648,72560
201,2020064880,2028019088,2028083968,64880
202,2030079824,2038019088,2038098912,79824
203,2040069920,2048019088,2048089008,69920
204,2050233968,2058019088,2058253056,233968
205,2060207248,2068019088,2068226336,207248
206,2070066704,2078019088,2078085792,66704
207,2080085952,2088019088,2088105040,85952
208,2090093104,2098019088,2098112192,93104
209,2100025712,2108019088,2108044800,25712
210,2110069616,2118019088,2118088704,69616
211,2120073056,2128019088,2128092144,73056
212,2130045088,2138019088,2138064176,45088
213,2140084624,2148019088,2148103712,84624
214,2150093728,2158019088,2158112816,93728
215,2160227904,2168019088,2168246992,227904
216,2170198848,2178019088,2178217936,198848
217,2180139280,2188019088,2188158368,139280
218,2190121616,2198019088,2198140704,121616
219,2200070880,2208019088,2208089968,70880
220,2210062320,2218019088,2218081408,62320
221,2220062704,2228019088,2228081792,62704
222,2230043712,2238019088,2238062800,43712
223,2240096448,2248019088,2248115536,96448
224,2250244944,2258019088,2258264032,244944
225,2260196560,2268019088,2268215648,196560
226,2270105120,2278019088,2278124208,105120
227,2280055840,2288019088,2288074928,55840
228,2290082752,2298019088,2298101840,82752
229,2300232512,2308019088,2308251600,232512
230,2310140848,2318019088,2318159936,140848
231,2320064672,2328019088,2328083760,64672
232,2330085168,2338019088,2338104256,85168
233,2340087216,2348019088,2348106304,87216
234,2350090608,2358019088,2358109696,90608
235,2360126672,2368019088,2368145760,126672
236,2370228688,2378019088,2378247776,228688
237,2380199840,2388019088,2388218928,199840
238,2390241040,2398019088,2398260128,241040
239,2400220032,2408019088,2408239120,220032
240,2410102544,2418019088,2418121632,102544
241,2420093136,2428019088,2428112224,93136
242,2430116624,2438019088,2438135712,116624
243,2440395152,2448019088,2448414240,395152
244,2450185200,2458019088,2458204288,185200
245,2460338544,2468019088,2468357632,338544
246,2470378176,2478019088,2478397264,378176
247,2480159408,2488019088,2488178496,159408
248,2490241776,2498019088,2498260864,241776
249,2500081472,2508019088,2508100560,81472
250,2510080688,2518019088,2518099776,80688
251,2520229472,2528019088,2528248560,229472
252,2530237664,2538019088,2538256752,237664
253,2540203264,2548019088,2548222352,203264
254,2550225456,2558019088,2558244544,225456
255,2560233040,2568019088,2568252128,233040
PERIODIC LATENCY CHUNK end=256
256,2570172912,2578019088,2578192000,172912
257,2580068032,2588019088,2588087120,68032
258,2590067536,2598019088,2598086624,67536
259,2600065696,2608019088,2608084784,65696
260,2610076112,2618019088,2618095200,76112
261,2620107152,2628019088,2628126240,107152
262,2630147104,2638019088,2638166192,147104
263,2640185248,2648019088,2648204336,185248
264,2650272032,2658019088,2658291120,272032
265,2660216528,2668019088,2668235616,216528
266,2670217648,2678019088,2678236736,217648
267,2680212864,2688019088,2688231952,212864
268,2690225632,2698019088,2698244720,225632
269,2700194944,2708019088,2708214032,194944
270,2710215264,2718019088,2718234352,215264
271,2720223616,2728019088,2728242704,223616
272,2730259584,2738019088,2738278672,259584
273,2740202656,2748019088,2748221744,202656
274,2750292112,2758019088,2758311200,292112
275,2760276512,2768019088,2768295600,276512
276,2770187888,2778019088,2778206976,187888
277,2780121952,2788019088,2788141040,121952
278,2790172640,2798019088,2798191728,172640
279,2800141216,2808019088,2808160304,141216
280,2810175440,2818019088,2818194528,175440
281,2820131600,2828019088,2828150688,131600
282,2830076720,2838019088,2838095808,76720
283,2840098896,2848019088,2848117984,98896
284,2850031808,2858019088,2858050896,31808
285,2860051936,2868019088,2868071024,51936
286,2870076160,2878019088,2878095248,76160
287,2880028752,2888019088,2888047840,28752
288,2890072320,2898019088,2898091408,72320
289,2900064400,2908019088,2908083488,64400
290,2910128864,2918019088,2918147952,128864
291,2920043856,2928019088,2928062944,43856
292,2930214432,2938019088,2938233520,214432
293,2940073824,2948019088,2948092912,73824
294,2950117904,2958019088,2958136992,117904
295,2960110640,2968019088,2968129728,110640
296,2970085856,2978019088,2978104944,85856
297,2980195264,2988019088,2988214352,195264
298,2990387840,2998019088,2998406928,387840
299,3000408864,3008019088,3008427952,408864
300,3010230384,3018019088,3018249472,230384
301,3020250560,3028019088,3028269648,250560
302,3030141040,3038019088,3038160128,141040
303,3040230896,3048019088,3048249984,230896
304,3050237232,3058019088,3058256320,237232
305,3060278480,3068019088,3068297568,278480
306,3070243856,3078019088,3078262944,243856
307,3080137472,3088019088,3088156560,137472
308,3090306448,3098019088,3098325536,306448
309,3100136416,3108019088,3108155504,136416
310,3110370272,3118019088,3118389360,370272
311,3120186400,3128019088,3128205488,186400
312,3130221120,3138019088,3138240208,221120
313,3140242528,3148019088,3148261616,242528
314,3150273968,3158019088,3158293056,273968
315,3160267920,3168019088,3168287008,267920
316,3170177248,3178019088,3178196336,177248
317,3180124832,3188019088,3188143920,124832
318,3190113104,3198019088,3198132192,113104
319,3200252400,3208019088,3208271488,252400
320,3210115232,3218019088,3218134320,115232
321,3220226752,3228019088,3228245840,226752
322,3230198800,3238019088,3238217888,198800
323,3240229600,3248019088,3248248688,229600
324,3250243216,3258019088,3258262304,243216
325,3260096080,3268019088,3268115168,96080
326,3270253296,3278019088,3278272384,253296
327,3280224464,3288019088,3288243552,224464
328,3290184448,3298019088,3298203536,184448
329,3300404176,3308019088,3308423264,404176
330,3310305472,3318019088,3318324560,305472
331,3320100464,3328019088,3328119552,100464
332,3330258096,3338019088,3338277184,258096
333,3340098576,3348019088,3348117664,98576
334,3350106432,3358019088,3358125520,106432
335,3360127680,3368019088,3368146768,127680
336,3370313904,3378019088,3378332992,313904
337,3380321312,3388019088,3388340400,321312
338,3390172992,3398019088,3398192080,172992
339,3400298128,3408019088,3408317216,298128
340,3410310000,3418019088,3418329088,310000
341,3420267728,3428019088,3428286816,267728
342,3430229488,3438019088,3438248576,229488
343,3440389824,3448019088,3448408912,389824
344,3450206032,3458019088,3458225120,206032
345,3460230096,3468019088,3468249184,230096
346,3470255776,3478019088,3478274864,255776
347,3480340432,3488019088,3488359520,340432
348,3490238576,3498019088,3498257664,238576
349,3500264736,3508019088,3508283824,264736
350,3510168784,3518019088,3518187872,168784
351,3520196752,3528019088,3528215840,196752
352,3530179504,3538019088,3538198592,179504
353,3540092896,3548019088,3548111984,92896
354,3550271024,3558019088,3558290112,271024
355,3560213808,3568019088,3568232896,213808
356,3570234864,3578019088,3578253952,234864
357,3580330304,3588019088,3588349392,330304
358,3590138512,3598019088,3598157600,138512
359,3600226192,3608019088,3608245280,226192
360,3610222000,3618019088,3618241088,222000
361,3620179856,3628019088,3628198944,179856
362,3630217360,3638019088,3638236448,217360
363,3640398256,3648019088,3648417344,398256
364,3650224144,3658019088,3658243232,224144
365,3660276128,3668019088,3668295216,276128
366,3670212320,3678019088,3678231408,212320
367,3680278272,3688019088,3688297360,278272
368,3690175488,3698019088,3698194576,175488
369,3700193664,3708019088,3708212752,193664
370,3710237952,3718019088,3718257040,237952
371,3720250912,3728019088,3728270000,250912
372,3730074928,3738019088,3738094016,74928
373,3740132960,3748019088,3748152048,132960
374,3750237616,3758019088,3758256704,237616
375,3760235648,3768019088,3768254736,235648
376,3770269744,3778019088,3778288832,269744
377,3780110992,3788019088,3788130080,110992
378,3790230752,3798019088,3798249840,230752
379,3800248128,3808019088,3808267216,248128
380,3810233776,3818019088,3818252864,233776
381,3820221760,3828019088,3828240848,221760
382,3830175424,3838019088,3838194512,175424
383,3840224704,3848019088,3848243792,224704
384,3850268880,3858019088,3858287968,268880
385,3860209280,3868019088,3868228368,209280
386,3870109136,3878019088,3878128224,109136
387,3880196800,3888019088,3888215888,196800
388,3890150928,3898019088,3898170016,150928
389,3900247392,3908019088,3908266480,247392
390,3910384048,3918019088,3918403136,384048
391,3920382208,3928019088,3928401296,382208
392,3930234224,3938019088,3938253312,234224
393,3940324128,3948019088,3948343216,324128
394,3950217776,3958019088,3958236864,217776
395,3960104528,3968019088,3968123616,104528
396,3970088752,3978019088,3978107840,88752
397,3980073280,3988019088,3988092368,73280
398,3990109072,3998019088,3998128160,109072
399,4000214720,4008019088,4008233808,214720
400,4010348512,4018019088,4018367600,348512
401,4020206960,4028019088,4028226048,206960
402,4030202224,4038019088,4038221312,202224
403,4040367536,4048019088,4048386624,367536
404,4050267680,4058019088,4058286768,267680
405,4060344752,4068019088,4068363840,344752
406,4070355616,4078019088,4078374704,355616
407,4080259232,4088019088,4088278320,259232
408,4090302736,4098019088,4098321824,302736
409,4100295712,4108019088,4108314800,295712
410,4110341328,4118019088,4118360416,341328
411,4120297392,4128019088,4128316480,297392
412,4130326256,4138019088,4138345344,326256
413,4140311984,4148019088,4148331072,311984
414,4150196144,4158019088,4158215232,196144
415,4160342064,4168019088,4168361152,342064
416,4170284016,4178019088,4178303104,284016
417,4180206320,4188019088,4188225408,206320
418,4190210368,4198019088,4198229456,210368
419,4200094608,4208019088,4208113696,94608
420,4210087600,4218019088,4218106688,87600
421,4220078528,4228019088,4228097616,78528
422,4230044176,4238019088,4238063264,44176
423,4240065360,4248019088,4248084448,65360
424,4250052816,4258019088,4258071904,52816
425,4260100560,4268019088,4268119648,100560
426,4270065280,4278019088,4278084368,65280
427,4280077728,4288019088,4288096816,77728
428,4290064608,4298019088,4298083696,64608
429,4300241152,4308019088,4308260240,241152
430,4310228752,4318019088,4318247840,228752
431,4320170576,4328019088,4328189664,170576
432,4330183760,4338019088,4338202848,183760
433,4340248992,4348019088,4348268080,248992
434,4350200736,4358019088,4358219824,200736
435,4360226688,4368019088,4368245776,226688
436,4370219696,4378019088,4378238784,219696
437,4380224304,4388019088,4388243392,224304
438,4390213616,4398019088,4398232704,213616
439,4400214640,4408019088,4408233728,214640
440,4410232240,4418019088,4418251328,232240
441,4420222656,4428019088,4428241744,222656
442,4430190352,4438019088,4438209440,190352
443,4440237280,4448019088,4448256368,237280
444,4450140944,4458019088,4458160032,140944
445,4460127920,4468019088,4468147008,127920
446,4470174144,4478019088,4478193232,174144
447,4480283216,4488019088,4488302304,283216
448,4490204864,4498019088,4498223952,204864
449,4500172176,4508019088,4508191264,172176
450,4510217776,4518019088,4518236864,217776
451,4520340208,4528019088,4528359296,340208
452,4530181584,4538019088,4538200672,181584
453,4540208336,4548019088,4548227424,208336
454,4550203088,4558019088,4558222176,203088
455,4560224432,4568019088,4568243520,224432
456,4570206608,4578019088,4578225696,206608
457,4580095952,4588019088,4588115040,95952
458,4590199248,4598019088,4598218336,199248
459,4600214320,4608019088,4608233408,214320
460,4610218352,4618019088,4618237440,218352
461,4620220480,4628019088,4628239568,220480
462,4630241072,4638019088,4638260160,241072
463,4640196992,4648019088,4648216080,196992
464,4650212928,4658019088,4658232016,212928
465,4660381040,4668019088,4668400128,381040
466,4670293840,4678019088,4678312928,293840
467,4680225824,4688019088,4688244912,225824
468,4690204160,4698019088,4698223248,204160
469,4700238048,4708019088,4708257136,238048
470,4710270096,4718019088,4718289184,270096
471,4720178560,4728019088,4728197648,178560
472,4730182464,4738019088,4738201552,182464
473,4740172928,4748019088,4748192016,172928
474,4750173568,4758019088,4758192656,173568
475,4760187728,4768019088,4768206816,187728
476,4770208368,4778019088,4778227456,208368
477,4780258464,4788019088,4788277552,258464
478,4790199680,4798019088,4798218768,199680
479,4800180880,4808019088,4808199968,180880
480,4810229520,4818019088,4818248608,229520
481,4820254704,4828019088,4828273792,254704
482,4830077808,4838019088,4838096896,77808
483,4840041472,4848019088,4848060560,41472
484,4850101200,4858019088,4858120288,101200
485,4860078352,4868019088,4868097440,78352
486,4870079584,4878019088,4878098672,79584
487,4880186368,4888019088,4888205456,186368
488,4890106432,4898019088,4898125520,106432
489,4900113344,4908019088,4908132432,113344
490,4910051872,4918019088,4918070960,51872
491,4920051536,4928019088,4928070624,51536
492,4930206096,4938019088,4938225184,206096
493,4940347920,4948019088,4948367008,347920
494,4950220368,4958019088,4958239456,220368
495,4960140576,4968019088,4968159664,140576
496,4970146192,4978019088,4978165280,146192
497,4980143808,4988019088,4988162896,143808
498,4990279488,4998019088,4998298576,279488
499,5000234720,5008019088,5008253808,234720
500,5010239200,5018019088,5018258288,239200
501,5020223408,5028019088,5028242496,223408
502,5030197440,5038019088,5038216528,197440
503,5040227920,5048019088,5048247008,227920
504,5050259456,5058019088,5058278544,259456
505,5060398592,5068019088,5068417680,398592
506,5070271856,5078019088,5078290944,271856
507,5080178880,5088019088,5088197968,178880
508,5090078672,5098019088,5098097760,78672
509,5100137152,5108019088,5108156240,137152
510,5110129712,5118019088,5118148800,129712
511,5120037584,5128019088,5128056672,37584
PERIODIC LATENCY CHUNK end=512
512,5130056912,5138019088,5138076000,56912
513,5140069872,5148019088,5148088960,69872
514,5150058992,5158019088,5158078080,58992
515,5160234144,5168019088,5168253232,234144
516,5170317344,5178019088,5178336432,317344
517,5180245040,5188019088,5188264128,245040
518,5190193552,5198019088,5198212640,193552
519,5200151904,5208019088,5208170992,151904
520,5210304016,5218019088,5218323104,304016
521,5220406896,5228019088,5228425984,406896
522,5230381280,5238019088,5238400368,381280
523,5240275952,5248019088,5248295040,275952
524,5250262832,5258019088,5258281920,262832
525,5260281072,5268019088,5268300160,281072
526,5270355328,5278019088,5278374416,355328
527,5280220064,5288019088,5288239152,220064
528,5290170304,5298019088,5298189392,170304
529,5300224592,5308019088,5308243680,224592
530,5310114368,5318019088,5318133456,114368
531,5320193184,5328019088,5328212272,193184
532,5330329664,5338019088,5338348752,329664
533,5340363648,5348019088,5348382736,363648
534,5350332912,5358019088,5358352000,332912
535,5360286576,5368019088,5368305664,286576
536,5370260336,5378019088,5378279424,260336
537,5380151232,5388019088,5388170320,151232
538,5390330256,5398019088,5398349344,330256
539,5400384064,5408019088,5408403152,384064
540,5410370352,5418019088,5418389440,370352
541,5420324176,5428019088,5428343264,324176
542,5430381232,5438019088,5438400320,381232
543,5440336224,5448019088,5448355312,336224
544,5450239904,5458019088,5458258992,239904
545,5460296208,5468019088,5468315296,296208
546,5470368112,5478019088,5478387200,368112
547,5480349936,5488019088,5488369024,349936
548,5490367856,5498019088,5498386944,367856
549,5500385184,5508019088,5508404272,385184
550,5510383152,5518019088,5518402240,383152
551,5520195168,5528019088,5528214256,195168
552,5530108048,5538019088,5538127136,108048
553,5540123264,5548019088,5548142352,123264
554,5550160240,5558019088,5558179328,160240
555,5560261376,5568019088,5568280464,261376
556,5570388848,5578019088,5578407936,388848
557,5580244224,5588019088,5588263312,244224
558,5590214944,5598019088,5598234032,214944
559,5600139104,5608019088,5608158192,139104
560,5610096512,5618019088,5618115600,96512
561,5620098080,5628019088,5628117168,98080
562,5630178848,5638019088,5638197936,178848
563,5640204736,5648019088,5648223824,204736
564,5650244272,5658019088,5658263360,244272
565,5660205168,5668019088,5668224256,205168
566,5670243424,5678019088,5678262512,243424
567,5680134512,5688019088,5688153600,134512
568,5690092752,5698019088,5698111840,92752
569,5700144976,5708019088,5708164064,144976
570,5710099904,5718019088,5718118992,99904
571,5720122640,5728019088,5728141728,122640
572,5730185904,5738019088,5738204992,185904
573,5740207168,5748019088,5748226256,207168
574,5750182368,5758019088,5758201456,182368
575,5760161472,5768019088,5768180560,161472
576,5770267152,5778019088,5778286240,267152
577,5780271808,5788019088,5788290896,271808
578,5790131504,5798019088,5798150592,131504
579,5800101728,5808019088,5808120816,101728
580,5810263680,5818019088,5818282768,263680
581,5820276112,5828019088,5828295200,276112
582,5830205120,5838019088,5838224208,205120
583,5840211504,5848019088,5848230592,211504
584,5850272288,5858019088,5858291376,272288
585,5860236912,5868019088,5868256000,236912
586,5870265072,5878019088,5878284160,265072
587,5880205024,5888019088,5888224112,205024
588,5890115504,5898019088,5898134592,115504
589,5900059504,5908019088,5908078592,59504
590,5910054480,5918019088,5918073568,54480
591,5920048048,5928019088,5928067136,48048
592,5930059312,5938019088,5938078400,59312
593,5940036848,5948019088,5948055936,36848
594,5950026592,5958019088,5958045680,26592
595,5960026960,5968019088,5968046048,26960
596,5970019120,5978019088,5978038208,19120
597,5980051408,5988019088,5988070496,51408
598,5990120816,5998019088,5998139904,120816
599,6000181456,6008019088,6008200544,181456
600,6010162736,6018019088,6018181824,162736
601,6020202720,6028019088,6028221808,202720
602,6030165056,6038019088,6038184144,165056
603,6040155120,6048019088,6048174208,155120
604,6050113040,6058019088,6058132128,113040
605,6060165024,6068019088,6068184112,165024
606,6070181312,6078019088,6078200400,181312
607,6080133408,6088019088,6088152496,133408
608,6090153152,6098019088,6098172240,153152
609,6100409648,6108019088,6108428736,409648
610,6110437712,6118019088,6118456800,437712
611,6120246512,6128019088,6128265600,246512
612,6130329168,6138019088,6138348256,329168
613,6140424624,6148019088,6148443712,424624
614,6150281984,6158019088,6158301072,281984
615,6160165712,6168019088,6168184800,165712
616,6170396176,6178019088,6178415264,396176
617,6180301264,6188019088,6188320352,301264
618,6190247040,6198019088,6198266128,247040
619,6200237904,6208019088,6208256992,237904
620,6210260256,6218019088,6218279344,260256
621,6220356560,6228019088,6228375648,356560
622,6230413504,6238019088,6238432592,413504
623,6240303744,6248019088,6248322832,303744
624,6250337280,6258019088,6258356368,337280
625,6260221936,6268019088,6268241024,221936
626,6270423088,6278019088,6278442176,423088
627,6280192896,6288019088,6288211984,192896
628,6290206272,6298019088,6298225360,206272
629,6300430656,6308019088,6308449744,430656
630,6310408240,6318019088,6318427328,408240
631,6320237232,6328019088,6328256320,237232
632,6330411440,6338019088,6338430528,411440
633,6340406432,6348019088,6348425520,406432
634,6350253216,6358019088,6358272304,253216
635,6360154112,6368019088,6368173200,154112
636,6370420944,6378019088,6378440032,420944
637,6380197984,6388019088,6388217072,197984
638,6390290880,6398019088,6398309968,290880
639,6400253296,6408019088,6408272384,253296
640,6410427648,6418019088,6418446736,427648
641,6420259920,6428019088,6428279008,259920
642,6430394160,6438019088,6438413248,394160
643,6440199664,6448019088,6448218752,199664
644,6450186752,6458019088,6458205840,186752
645,6460129536,6468019088,6468148624,129536
646,6470240400,6478019088,6478259488,240400
647,6480242768,6488019088,6488261856,242768
648,6490194336,6498019088,6498213424,194336
649,6500136192,6508019088,6508155280,136192
650,6510162608,6518019088,6518181696,162608
651,6520114544,6528019088,6528133632,114544
652,6530143264,6538019088,6538162352,143264
653,6540140496,6548019088,6548159584,140496
654,6550249152,6558019088,6558268240,249152
655,6560213344,6568019088,6568232432,213344
656,6570266528,6578019088,6578285616,266528
657,6580249536,6588019088,6588268624,249536
658,6590107072,6598019088,6598126160,107072
659,6600137440,6608019088,6608156528,137440
660,6610153888,6618019088,6618172976,153888
661,6620176048,6628019088,6628195136,176048
662,6630146176,6638019088,6638165264,146176
663,6640100720,6648019088,6648119808,100720
664,6650084720,6658019088,6658103808,84720
665,6660185216,6668019088,6668204304,185216
666,6670158544,6678019088,6678177632,158544
667,6680144640,6688019088,6688163728,144640
668,6690075472,6698019088,6698094560,75472
669,6700170960,6708019088,6708190048,170960
670,6710167808,6718019088,6718186896,167808
671,6720145904,6728019088,6728164992,145904
672,6730152544,6738019088,6738171632,152544
673,6740275280,6748019088,6748294368,275280
674,6750364624,6758019088,6758383712,364624
675,6760301664,6768019088,6768320752,301664
676,6770282624,6778019088,6778301712,282624
677,6780152480,6788019088,6788171568,152480
678,6790094880,6798019088,6798113968,94880
679,6800152928,6808019088,6808172016,152928
680,6810258416,6818019088,6818277504,258416
681,6820256144,6828019088,6828275232,256144
682,6830148864,6838019088,6838167952,148864
683,6840138784,6848019088,6848157872,138784
684,6850096128,6858019088,6858115216,96128
685,6860128272,6868019088,6868147360,128272
686,6870182224,6878019088,6878201312,182224
687,6880174672,6888019088,6888193760,174672
688,6890176432,6898019088,6898195520,176432
689,6900201200,6908019088,6908220288,201200
690,6910174064,6918019088,6918193152,174064
691,6920091632,6928019088,6928110720,91632
692,6930249904,6938019088,6938268992,249904
693,6940247888,6948019088,6948266976,247888
694,6950145728,6958019088,6958164816,145728
695,6960161584,6968019088,6968180672,161584
696,6970118928,6978019088,6978138016,118928
697,6980126224,6988019088,6988145312,126224
698,6990101072,6998019088,6998120160,101072
699,7000097216,7008019088,7008116304,97216
700,7010117024,7018019088,7018136112,117024
701,7020117552,7028019088,7028136640,117552
702,7030159968,7038019088,7038179056,159968
703,7040139440,7048019088,7048158528,139440
704,7050107312,7058019088,7058126400,107312
705,7060187344,7068019088,7068206432,187344
706,7070167664,7078019088,7078186752,167664
707,7080126320,7088019088,7088145408,126320
708,7090104464,7098019088,7098123552,104464
709,7100106112,7108019088,7108125200,106112
710,7110097616,7118019088,7118116704,97616
711,7120068608,7128019088,7128087696,68608
712,7130100432,7138019088,7138119520,100432
713,7140064304,7148019088,7148083392,64304
714,7150087744,7158019088,7158106832,87744
715,7160108368,7168019088,7168127456,108368
716,7170126208,7178019088,7178145296,126208
717,7180096480,7188019088,7188115568,96480
718,7190108544,7198019088,7198127632,108544
719,7200183680,7208019088,7208202768,183680
720,7210076864,7218019088,7218095952,76864
721,7220185600,7228019088,7228204688,185600
722,7230166464,7238019088,7238185552,166464
723,7240183936,7248019088,7248203024,183936
724,7250205104,7258019088,7258224192,205104
725,7260182816,7268019088,7268201904,182816
726,7270162032,7278019088,7278181120,162032
727,7280130224,7288019088,7288149312,130224
728,7290141424,7298019088,7298160512,141424
729,7300185856,7308019088,7308204944,185856
730,7310145872,7318019088,7318164960,145872
731,7320082576,7328019088,7328101664,82576
732,7330200688,7338019088,7338219776,200688
733,7340217648,7348019088,7348236736,217648
734,7350157424,7358019088,7358176512,157424
735,7360173408,7368019088,7368192496,173408
736,7370163584,7378019088,7378182672,163584
737,7380112528,7388019088,7388131616,112528
738,7390102928,7398019088,7398122016,102928
739,7400115600,7408019088,7408134688,115600
740,7410110384,7418019088,7418129472,110384
741,7420187824,7428019088,7428206912,187824
742,7430132656,7438019088,7438151744,132656
743,7440138880,7448019088,7448157968,138880
744,7450149232,7458019088,7458168320,149232
745,7460225824,7468019088,7468244912,225824
746,7470218576,7478019088,7478237664,218576
747,7480157824,7488019088,7488176912,157824
748,7490224192,7498019088,7498243280,224192
749,7500194624,7508019088,7508213712,194624
750,7510232096,7518019088,7518251184,232096
751,7520191456,7528019088,7528210544,191456
752,7530221456,7538019088,7538240544,221456
753,7540179104,7548019088,7548198192,179104
754,7550238080,7558019088,7558257168,238080
755,7560240800,7568019088,7568259888,240800
756,7570266320,7578019088,7578285408,266320
757,7580163552,7588019088,7588182640,163552
758,7590213488,7598019088,7598232576,213488
759,7600184224,7608019088,7608203312,184224
760,7610238592,7618019088,7618257680,238592
761,7620232320,7628019088,7628251408,232320
762,7630156912,7638019088,7638176000,156912
763,7640222160,7648019088,7648241248,222160
764,7650247200,7658019088,7658266288,247200
765,7660257376,7668019088,7668276464,257376
766,7670264928,7678019088,7678284016,264928
767,7680133440,7688019088,7688152528,133440
PERIODIC LATENCY CHUNK end=768
768,7690221504,7698019088,7698240592,221504
769,7700141152,7708019088,7708160240,141152
770,7710146048,7718019088,7718165136,146048
771,7720169264,7728019088,7728188352,169264
772,7730134832,7738019088,7738153920,134832
773,7740325168,7748019088,7748344256,325168
774,7750440672,7758019088,7758459760,440672
775,7760441600,7768019088,7768460688,441600
776,7770360704,7778019088,7778379792,360704
777,7780292400,7788019088,7788311488,292400
778,7790231424,7798019088,7798250512,231424
779,7800282608,7808019088,7808301696,282608
780,7810352288,7818019088,7818371376,352288
781,7820402112,7828019088,7828421200,402112
782,7830139648,7838019088,7838158736,139648
783,7840146208,7848019088,7848165296,146208
784,7850177376,7858019088,7858196464,177376
785,7860177760,7868019088,7868196848,177760
786,7870177648,7878019088,7878196736,177648
787,7880110624,7888019088,7888129712,110624
788,7890172624,7898019088,7898191712,172624
789,7900155568,7908019088,7908174656,155568
790,7910172928,7918019088,7918192016,172928
791,7920201328,7928019088,7928220416,201328
792,7930187760,7938019088,7938206848,187760
793,7940168464,7948019088,7948187552,168464
794,7950273776,7958019088,7958292864,273776
795,7960164576,7968019088,7968183664,164576
796,7970116208,7978019088,7978135296,116208
797,7980187584,7988019088,7988206672,187584
798,7990135584,7998019088,7998154672,135584
799,8000187696,8008019088,8008206784,187696
800,8010205520,8018019088,8018224608,205520
801,8020246976,8028019088,8028266064,246976
802,8030115760,8038019088,8038134848,115760
803,8040061920,8048019088,8048081008,61920
804,8050160752,8058019088,8058179840,160752
805,8060097408,8068019088,8068116496,97408
806,8070242544,8078019088,8078261632,242544
807,8080125920,8088019088,8088145008,125920
808,8090126112,8098019088,8098145200,126112
809,8100178112,8108019088,8108197200,178112
810,8110117024,8118019088,8118136112,117024
811,8120087232,8128019088,8128106320,87232
812,8130114368,8138019088,8138133456,114368
813,8140098864,8148019088,8148117952,98864
814,8150122224,8158019088,8158141312,122224
815,8160084848,8168019088,8168103936,84848
816,8170184160,8178019088,8178203248,184160
817,8180183840,8188019088,8188202928,183840
818,8190160720,8198019088,8198179808,160720
819,8200138704,8208019088,8208157792,138704
820,8210129440,8218019088,8218148528,129440
821,8220183856,8228019088,8228202944,183856
822,8230183120,8238019088,8238202208,183120
823,8240165984,8248019088,8248185072,165984
824,8250248768,8258019088,8258267856,248768
825,8260196112,8268019088,8268215200,196112
826,8270200112,8278019088,8278219200,200112
827,8280178896,8288019088,8288197984,178896
828,8290164704,8298019088,8298183792,164704
829,8300361584,8308019088,8308380672,361584
830,8310200352,8318019088,8318219440,200352
831,8320194848,8328019088,8328213936,194848
832,8330282064,8338019088,8338301152,282064
833,8340453376,8348019088,8348472464,453376
834,8350211408,8358019088,8358230496,211408
835,8360238784,8368019088,8368257872,238784
836,8370364336,8378019088,8378383424,364336
837,8380415056,8388019088,8388434144,415056
838,8390127296,8398019088,8398146384,127296
839,8400169744,8408019088,8408188832,169744
840,8410183776,8418019088,8418202864,183776
841,8420174912,8428019088,8428194000,174912
842,8430163072,8438019088,8438182160,163072
843,8440125728,8448019088,8448144816,125728
844,8450123424,8458019088,8458142512,123424
845,8460113696,8468019088,8468132784,113696
846,8470099456,8478019088,8478118544,99456
847,8480175616,8488019088,8488194704,175616
848,8490126688,8498019088,8498145776,126688
849,8500162192,8508019088,8508181280,162192
850,8510200896,8518019088,8518219984,200896
851,8520143008,8528019088,8528162096,143008
852,8530139920,8538019088,8538159008,139920
853,8540147680,8548019088,8548166768,147680
854,8550131840,8558019088,8558150928,131840
855,8560178448,8568019088,8568197536,178448
856,8570189520,8578019088,8578208608,189520
857,8580220496,8588019088,8588239584,220496
858,8590134224,8598019088,8598153312,134224
859,8600102320,8608019088,8608121408,102320
860,8610138400,8618019088,8618157488,138400
861,8620259696,8628019088,8628278784,259696
862,8630094256,8638019088,8638113344,94256
863,8640063808,8648019088,8648082896,63808
864,8650101584,8658019088,8658120672,101584
865,8660151072,8668019088,8668170160,151072
866,8670162336,8678019088,8678181424,162336
867,8680164624,8688019088,8688183712,164624
868,8690207952,8698019088,8698227040,207952
869,8700255472,8708019088,8708274560,255472
870,8710261040,8718019088,8718280128,261040
871,8720220480,8728019088,8728239568,220480
872,8730150448,8738019088,8738169536,150448
873,8740136512,8748019088,8748155600,136512
874,8750161296,8758019088,8758180384,161296
875,8760169600,8768019088,8768188688,169600
876,8770227728,8778019088,8778246816,227728
877,8780136832,8788019088,8788155920,136832
878,8790141744,8798019088,8798160832,141744
879,8800159840,8808019088,8808178928,159840
880,8810130304,8818019088,8818149392,130304
881,8820138448,8828019088,8828157536,138448
882,8830070352,8838019088,8838089440,70352
883,8840141536,8848019088,8848160624,141536
884,8850160832,8858019088,8858179920,160832
885,8860167872,8868019088,8868186960,167872
886,8870193968,8878019088,8878213056,193968
887,8880189344,8888019088,8888208432,189344
888,8890097568,8898019088,8898116656,97568
889,8900150352,8908019088,8908169440,150352
890,8910205632,8918019088,8918224720,205632
891,8920203232,8928019088,8928222320,203232
892,8930259424,8938019088,8938278512,259424
893,8940281376,8948019088,8948300464,281376
894,8950227120,8958019088,8958246208,227120
895,8960122016,8968019088,8968141104,122016
896,8970219440,8978019088,8978238528,219440
897,8980054736,8988019088,8988073824,54736
898,8990090304,8998019088,8998109392,90304
899,9000149472,9008019088,9008168560,149472
900,9010112480,9018019088,9018131568,112480
901,9020059824,9028019088,9028078912,59824
902,9030046992,9038019088,9038066080,46992
903,9040066416,9048019088,9048085504,66416
904,9050125200,9058019088,9058144288,125200
905,9060190480,9068019088,9068209568,190480
906,9070118080,9078019088,9078137168,118080
907,9080095712,9088019088,9088114800,95712
908,9090163072,9098019088,9098182160,163072
909,9100103968,9108019088,9108123056,103968
910,9110197488,9118019088,9118216576,197488
911,9120186528,9128019088,9128205616,186528
912,9130118752,9138019088,9138137840,118752
913,9140201904,9148019088,9148220992,201904
914,9150109296,9158019088,9158128384,109296
915,9160181328,9168019088,9168200416,181328
916,9170231456,9178019088,9178250544,231456
917,9180111680,9188019088,9188130768,111680
918,9190113264,9198019088,9198132352,113264
919,9200134432,9208019088,9208153520,134432
920,9210064224,9218019088,9218083312,64224
921,9220092560,9228019088,9228111648,92560
922,9230064464,9238019088,9238083552,64464
923,9240083792,9248019088,9248102880,83792
924,9250159632,9258019088,9258178720,159632
925,9260081184,9268019088,9268100272,81184
926,9270085952,9278019088,9278105040,85952
927,9280075360,9288019088,9288094448,75360
928,9290069744,9298019088,9298088832,69744
929,9300080896,9308019088,9308099984,80896
930,9310057344,9318019088,9318076432,57344
931,9320079696,9328019088,9328098784,79696
932,9330057760,9338019088,9338076848,57760
933,9340088080,9348019088,9348107168,88080
934,9350102368,9358019088,9358121456,102368
935,9360122912,9368019088,9368142000,122912
936,9370135728,9378019088,9378154816,135728
937,9380092832,9388019088,9388111920,92832
938,9390118304,9398019088,9398137392,118304
939,9400163344,9408019088,9408182432,163344
940,9410192880,9418019088,9418211968,192880
941,9420197696,9428019088,9428216784,197696
942,9430081680,9438019088,9438100768,81680
943,9440169168,9448019088,9448188256,169168
944,9450165216,9458019088,9458184304,165216
945,9460115776,9468019088,9468134864,115776
946,9470101840,9478019088,9478120928,101840
947,9480082736,9488019088,9488101824,82736
948,9490220640,9498019088,9498239728,220640
949,9500327120,9508019088,9508346208,327120
950,9510443808,9518019088,9518462896,443808
951,9520286480,9528019088,9528305568,286480
952,9530181168,9538019088,9538200256,181168
953,9540226464,9548019088,9548245552,226464
954,9550268656,9558019088,9558287744,268656
955,9560235360,9568019088,9568254448,235360
956,9570232080,9578019088,9578251168,232080
957,9580159952,9588019088,9588179040,159952
958,9590168752,9598019088,9598187840,168752
959,9600276368,9608019088,9608295456,276368
960,9610289456,9618019088,9618308544,289456
961,9620244496,9628019088,9628263584,244496
962,9630130288,9638019088,9638149376,130288
963,9640196608,9648019088,9648215696,196608
964,9650182704,9658019088,9658201792,182704
965,9660240800,9668019088,9668259888,240800
966,9670193792,9678019088,9678212880,193792
967,9680083808,9688019088,9688102896,83808
968,9690142624,9698019088,9698161712,142624
969,9700108400,9708019088,9708127488,108400
970,9710168096,9718019088,9718187184,168096
971,9720185904,9728019088,9728204992,185904
972,9730102800,9738019088,9738121888,102800
973,9740058704,9748019088,9748077792,58704
974,9750250864,9758019088,9758269952,250864
975,9760139824,9768019088,9768158912,139824
976,9770159840,9778019088,9778178928,159840
977,9780205584,9788019088,9788224672,205584
978,9790095456,9798019088,9798114544,95456
979,9800067744,9808019088,9808086832,67744
980,9810086752,9818019088,9818105840,86752
981,9820078752,9828019088,9828097840,78752
982,9830045568,9838019088,9838064656,45568
983,9840065904,9848019088,9848084992,65904
984,9850076336,9858019088,9858095424,76336
985,9860063872,9868019088,9868082960,63872
986,9870089728,9878019088,9878108816,89728
987,9880106400,9888019088,9888125488,106400
988,9890076256,9898019088,9898095344,76256
989,9900084832,9908019088,9908103920,84832
990,9910105248,9918019088,9918124336,105248
991,9920192416,9928019088,9928211504,192416
992,9930145920,9938019088,9938165008,145920
993,9940165168,9948019088,9948184256,165168
994,9950155456,9958019088,9958174544,155456
995,9960201888,9968019088,9968220976,201888
996,9970251056,9978019088,9978270144,251056
997,9980216880,9988019088,9988235968,216880
998,9990236112,9998019088,9998255200,236112
999,10000256304,10008019088,10008275392,256304
1000,10010321264,10018019088,10018340352,321264
1001,10020284240,10028019088,10028303328,284240
1002,10030252448,10038019088,10038271536,252448
1003,10040314240,10048019088,10048333328,314240
1004,10050213456,10058019088,10058232544,213456
1005,10060281408,10068019088,10068300496,281408
1006,10070275216,10078019088,10078294304,275216
1007,10080277920,10088019088,10088297008,277920
1008,10090192032,10098019088,10098211120,192032
1009,10100241392,10108019088,10108260480,241392
1010,10110246064,10118019088,10118265152,246064
1011,10120110512,10128019088,10128129600,110512
1012,10130073712,10138019088,10138092800,73712
1013,10140230016,10148019088,10148249104,230016
1014,10150263792,10158019088,10158282880,263792
1015,10160210112,10168019088,10168229200,210112
1016,10170245648,10178019088,10178264736,245648
1017,10180215680,10188019088,10188234768,215680
1018,10190096336,10198019088,10198115424,96336
1019,10200210800,10208019088,10208229888,210800
1020,10210198960,10218019088,10218218048,198960
1021,10220190592,10228019088,10228209680,190592
1022,10230277664,10238019088,10238296752,277664
1023,10240237872,10248019088,10248256960,237872
PERIODIC LATENCY CHUNK end=1024
1024,10250256160,10258019088,10258275248,256160
1025,10260239056,10268019088,10268258144,239056
1026,10270274288,10278019088,10278293376,274288
1027,10280250576,10288019088,10288269664,250576
1028,10290255232,10298019088,10298274320,255232
1029,10300325520,10308019088,10308344608,325520
1030,10310194768,10318019088,10318213856,194768
1031,10320226032,10328019088,10328245120,226032
1032,10330277920,10338019088,10338297008,277920
1033,10340330928,10348019088,10348350016,330928
1034,10350170128,10358019088,10358189216,170128
1035,10360094912,10368019088,10368114000,94912
1036,10370191936,10378019088,10378211024,191936
1037,10380209312,10388019088,10388228400,209312
1038,10390116160,10398019088,10398135248,116160
1039,10400277056,10408019088,10408296144,277056
1040,10410283040,10418019088,10418302128,283040
1041,10420274448,10428019088,10428293536,274448
1042,10430233760,10438019088,10438252848,233760
1043,10440283296,10448019088,10448302384,283296
1044,10450180224,10458019088,10458199312,180224
1045,10460205856,10468019088,10468224944,205856
1046,10470199552,10478019088,10478218640,199552
1047,10480134416,10488019088,10488153504,134416
1048,10490067600,10498019088,10498086688,67600
1049,10500118080,10508019088,10508137168,118080
1050,10510115008,10518019088,10518134096,115008
1051,10520086400,10528019088,10528105488,86400
1052,10530083840,10538019088,10538102928,83840
1053,10540083280,10548019088,10548102368,83280
1054,10550148768,10558019088,10558167856,148768
1055,10560191264,10568019088,10568210352,191264
1056,10570171152,10578019088,10578190240,171152
1057,10580177280,10588019088,10588196368,177280
1058,10590186208,10598019088,10598205296,186208
1059,10600195200,10608019088,10608214288,195200
1060,10610200176,10618019088,10618219264,200176
1061,10620140304,10628019088,10628159392,140304
1062,10630088320,10638019088,10638107408,88320
1063,10640104064,10648019088,10648123152,104064
1064,10650061072,10658019088,10658080160,61072
1065,10660237184,10668019088,10668256272,237184
1066,10670287040,10678019088,10678306128,287040
1067,10680275296,10688019088,10688294384,275296
1068,10690243264,10698019088,10698262352,243264
1069,10700205696,10708019088,10708224784,205696
1070,10710239200,10718019088,10718258288,239200
1071,10720291136,10728019088,10728310224,291136
1072,10730092304,10738019088,10738111392,92304
1073,10740250800,10748019088,10748269888,250800
1074,10750276080,10758019088,10758295168,276080
1075,10760294336,10768019088,10768313424,294336
1076,10770164000,10778019088,10778183088,164000
1077,10780428416,10788019088,10788447504,428416
1078,10790313520,10798019088,10798332608,313520
1079,10800403680,10808019088,10808422768,403680
1080,10810392528,10818019088,10818411616,392528
1081,10820377312,10828019088,10828396400,377312
1082,10830129936,10838019088,10838149024,129936
1083,10840315024,10848019088,10848334112,315024
1084,10850397232,10858019088,10858416320,397232
1085,10860440784,10868019088,10868459872,440784
1086,10870429872,10878019088,10878448960,429872
1087,10880409920,10888019088,10888429008,409920
1088,10890327088,10898019088,10898346176,327088
1089,10900379072,10908019088,10908398160,379072
1090,10910401136,10918019088,10918420224,401136
1091,10920445376,10928019088,10928464464,445376
1092,10930185536,10938019088,10938204624,185536
1093,10940413584,10948019088,10948432672,413584
1094,10950357776,10958019088,10958376864,357776
1095,10960364912,10968019088,10968384000,364912
1096,10970267120,10978019088,10978286208,267120
1097,10980256848,10988019088,10988275936,256848
1098,10990224448,10998019088,10998243536,224448
1099,11000287920,11008019088,11008307008,287920
1100,11010445088,11018019088,11018464176,445088
1101,11020410832,11028019088,11028429920,410832
1102,11030171408,11038019088,11038190496,171408
1103,11040448368,11048019088,11048467456,448368
1104,11050376032,11058019088,11058395120,376032
1105,11060387888,11068019088,11068406976,387888
1106,11070408928,11078019088,11078428016,408928
1107,11080422016,11088019088,11088441104,422016
1108,11090374144,11098019088,11098393232,374144
1109,11100401424,11108019088,11108420512,401424
1110,11110403168,11118019088,11118422256,403168
1111,11120446336,11128019088,11128465424,446336
1112,11130170656,11138019088,11138189744,170656
1113,11140360672,11148019088,11148379760,360672
1114,11150350384,11158019088,11158369472,350384
1115,11160200384,11168019088,11168219472,200384
1116,11170265952,11178019088,11178285040,265952
1117,11180247328,11188019088,11188266416,247328
1118,11190163520,11198019088,11198182608,163520
1119,11200199968,11208019088,11208219056,199968
1120,11210326960,11218019088,11218346048,326960
1121,11220214832,11228019088,11228233920,214832
1122,11230336656,11238019088,11238355744,336656
1123,11240394240,11248019088,11248413328,394240
1124,11250253168,11258019088,11258272256,253168
1125,11260249696,11268019088,11268268784,249696
1126,11270325200,11278019088,11278344288,325200
1127,11280390832,11288019088,11288409920,390832
1128,11290382016,11298019088,11298401104,382016
1129,11300336048,11308019088,11308355136,336048
1130,11310246640,11318019088,11318265728,246640
1131,11320215616,11328019088,11328234704,215616
1132,11330250528,11338019088,11338269616,250528
1133,11340289856,11348019088,11348308944,289856
1134,11350331008,11358019088,11358350096,331008
1135,11360412032,11368019088,11368431120,412032
1136,11370318224,11378019088,11378337312,318224
1137,11380281712,11388019088,11388300800,281712
1138,11390267392,11398019088,11398286480,267392
1139,11400377360,11408019088,11408396448,377360
1140,11410328560,11418019088,11418347648,328560
1141,11420396176,11428019088,11428415264,396176
1142,11430217552,11438019088,11438236640,217552
1143,11440132544,11448019088,11448151632,132544
1144,11450122336,11458019088,11458141424,122336
1145,11460152816,11468019088,11468171904,152816
1146,11470269712,11478019088,11478288800,269712
1147,11480241504,11488019088,11488260592,241504
1148,11490166032,11498019088,11498185120,166032
1149,11500173888,11508019088,11508192976,173888
1150,11510317792,11518019088,11518336880,317792
1151,11520209952,11528019088,11528229040,209952
1152,11530197632,11538019088,11538216720,197632
1153,11540152832,11548019088,11548171920,152832
1154,11550178400,11558019088,11558197488,178400
1155,11560160480,11568019088,11568179568,160480
1156,11570156880,11578019088,11578175968,156880
1157,11580300864,11588019088,11588319952,300864
1158,11590155920,11598019088,11598175008,155920
1159,11600131536,11608019088,11608150624,131536
1160,11610139376,11618019088,11618158464,139376
1161,11620083504,11628019088,11628102592,83504
1162,11630122048,11638019088,11638141136,122048
1163,11640140304,11648019088,11648159392,140304
1164,11650167104,11658019088,11658186192,167104
1165,11660072320,11668019088,11668091408,72320
1166,11670107152,11678019088,11678126240,107152
1167,11680156288,11688019088,11688175376,156288
1168,11690093776,11698019088,11698112864,93776
1169,11700069984,11708019088,11708089072,69984
1170,11710098304,11718019088,11718117392,98304
1171,11720120448,11728019088,11728139536,120448
1172,11730103568,11738019088,11738122656,103568
1173,11740107744,11748019088,11748126832,107744
1174,11750101632,11758019088,11758120720,101632
1175,11760189072,11768019088,11768208160,189072
1176,11770164608,11778019088,11778183696,164608
1177,11780163424,11788019088,11788182512,163424
1178,11790179568,11798019088,11798198656,179568
1179,11800246608,11808019088,11808265696,246608
1180,11810140656,11818019088,11818159744,140656
1181,11820083216,11828019088,11828102304,83216
1182,11830123168,11838019088,11838142256,123168
1183,11840060832,11848019088,11848079920,60832
1184,11850166128,11858019088,11858185216,166128
1185,11860188832,11868019088,11868207920,188832
1186,11870195600,11878019088,11878214688,195600
1187,11880156560,11888019088,11888175648,156560
1188,11890113968,11898019088,11898133056,113968
1189,11900140080,11908019088,11908159168,140080
1190,11910148208,11918019088,11918167296,148208
1191,11920137584,11928019088,11928156672,137584
1192,11930213808,11938019088,11938232896,213808
1193,11940219392,11948019088,11948238480,219392
1194,11950242928,11958019088,11958262016,242928
1195,11960281424,11968019088,11968300512,281424
1196,11970168224,11978019088,11978187312,168224
1197,11980199040,11988019088,11988218128,199040
1198,11990235200,11998019088,11998254288,235200
1199,12000156512,12008019088,12008175600,156512
1200,12010140192,12018019088,12018159280,140192
1201,12020082480,12028019088,12028101568,82480
1202,12030064272,12038019088,12038083360,64272
1203,12040042848,12048019088,12048061936,42848
1204,12050048816,12058019088,12058067904,48816
1205,12060072640,12068019088,12068091728,72640
1206,12070067600,12078019088,12078086688,67600
1207,12080023152,12088019088,12088042240,23152
1208,12090037968,12098019088,12098057056,37968
1209,12100045536,12108019088,12108064624,45536
1210,12110081456,12118019088,12118100544,81456
1211,12120137072,12128019088,12128156160,137072
1212,12130120896,12138019088,12138139984,120896
1213,12140157648,12148019088,12148176736,157648
1214,12150112240,12158019088,12158131328,112240
1215,12160152432,12168019088,12168171520,152432
1216,12170175216,12178019088,12178194304,175216
1217,12180106208,12188019088,12188125296,106208
1218,12190074736,12198019088,12198093824,74736
1219,12200122448,12208019088,12208141536,122448
1220,12210097552,12218019088,12218116640,97552
1221,12220083376,12228019088,12228102464,83376
1222,12230075040,12238019088,12238094128,75040
1223,12240102928,12248019088,12248122016,102928
1224,12250179728,12258019088,12258198816,179728
1225,12260081504,12268019088,12268100592,81504
1226,12270090352,12278019088,12278109440,90352
1227,12280072080,12288019088,12288091168,72080
1228,12290050960,12298019088,12298070048,50960
1229,12300086192,12308019088,12308105280,86192
1230,12310054224,12318019088,12318073312,54224
1231,12320064928,12328019088,12328084016,64928
1232,12330084576,12338019088,12338103664,84576
1233,12340088816,12348019088,12348107904,88816
1234,12350084240,12358019088,12358103328,84240
1235,12360047456,12368019088,12368066544,47456
1236,12370049456,12378019088,12378068544,49456
1237,12380076272,12388019088,12388095360,76272
1238,12390070288,12398019088,12398089376,70288
1239,12400076800,12408019088,12408095888,76800
1240,12410156304,12418019088,12418175392,156304
1241,12420232752,12428019088,12428251840,232752
1242,12430150272,12438019088,12438169360,150272
1243,12440141712,12448019088,12448160800,141712
1244,12450168656,12458019088,12458187744,168656
1245,12460125920,12468019088,12468145008,125920
1246,12470158144,12478019088,12478177232,158144
1247,12480239056,12488019088,12488258144,239056
1248,12490076112,12498019088,12498095200,76112
1249,12500259984,12508019088,12508279072,259984
1250,12510201440,12518019088,12518220528,201440
1251,12520165152,12528019088,12528184240,165152
1252,12530182864,12538019088,12538201952,182864
1253,12540133152,12548019088,12548152240,133152
1254,12550109680,12558019088,12558128768,109680
1255,12560182432,12568019088,12568201520,182432
1256,12570276272,12578019088,12578295360,276272
1257,12580365696,12588019088,12588384784,365696
1258,12590116736,12598019088,12598135824,116736
1259,12600186240,12608019088,12608205328,186240
1260,12610158336,12618019088,12618177424,158336
1261,12620231600,12628019088,12628250688,231600
1262,12630099408,12638019088,12638118496,99408
1263,12640087216,12648019088,12648106304,87216
1264,12650144864,12658019088,12658163952,144864
1265,12660142864,12668019088,12668161952,142864
1266,12670063648,12678019088,12678082736,63648
1267,12680092016,12688019088,12688111104,92016
1268,12690052544,12698019088,12698071632,52544
1269,12700080864,12708019088,12708099952,80864
1270,12710058864,12718019088,12718077952,58864
1271,12720042784,12728019088,12728061872,42784
1272,12730087696,12738019088,12738106784,87696
1273,12740067312,12748019088,12748086400,67312
1274,12750046688,12758019088,12758065776,46688
1275,12760070688,12768019088,12768089776,70688
1276,12770058784,12778019088,12778077872,58784
1277,12780189456,12788019088,12788208544,189456
1278,12790167616,12798019088,12798186704,167616
1279,12800180576,12808019088,12808199664,180576
PERIODIC LATENCY CHUNK end=1280
1280,12810198016,12818019088,12818217104,198016
1281,12820204416,12828019088,12828223504,204416
1282,12830185168,12838019088,12838204256,185168
1283,12840218784,12848019088,12848237872,218784
1284,12850249840,12858019088,12858268928,249840
1285,12860237264,12868019088,12868256352,237264
1286,12870377792,12878019088,12878396880,377792
1287,12880203632,12888019088,12888222720,203632
1288,12890207200,12898019088,12898226288,207200
1289,12900257216,12908019088,12908276304,257216
1290,12910186752,12918019088,12918205840,186752
1291,12920133648,12928019088,12928152736,133648
1292,12930164096,12938019088,12938183184,164096
1293,12940205728,12948019088,12948224816,205728
1294,12950234064,12958019088,12958253152,234064
1295,12960208752,12968019088,12968227840,208752
1296,12970172832,12978019088,12978191920,172832
1297,12980124928,12988019088,12988144016,124928
1298,12990092000,12998019088,12998111088,92000
1299,13000216368,13008019088,13008235456,216368
1300,13010232976,13018019088,13018252064,232976
1301,13020390080,13028019088,13028409168,390080
1302,13030203312,13038019088,13038222400,203312
1303,13040242784,13048019088,13048261872,242784
1304,13050246656,13058019088,13058265744,246656
1305,13060245904,13068019088,13068264992,245904
1306,13070161552,13078019088,13078180640,161552
1307,13080126816,13088019088,13088145904,126816
1308,13090218528,13098019088,13098237616,218528
1309,13100332576,13108019088,13108351664,332576
1310,13110343312,13118019088,13118362400,343312
1311,13120190976,13128019088,13128210064,190976
1312,13130281472,13138019088,13138300560,281472
1313,13140329040,13148019088,13148348128,329040
1314,13150102560,13158019088,13158121648,102560
1315,13160331952,13168019088,13168351040,331952
1316,13170390256,13178019088,13178409344,390256
1317,13180232928,13188019088,13188252016,232928
1318,13190199856,13198019088,13198218944,199856
1319,13200200144,13208019088,13208219232,200144
1320,13210235456,13218019088,13218254544,235456
1321,13220220880,13228019088,13228239968,220880
1322,13230202064,13238019088,13238221152,202064
1323,13240226112,13248019088,13248245200,226112
1324,13250139536,13258019088,13258158624,139536
1325,13260119216,13268019088,13268138304,119216
1326,13270224080,13278019088,13278243168,224080
1327,13280191392,13288019088,13288210480,191392
1328,13290240768,13298019088,13298259856,240768
1329,13300225408,13308019088,13308244496,225408
1330,13310067232,13318019088,13318086320,67232
1331,13320060960,13328019088,13328080048,60960
1332,13330199488,13338019088,13338218576,199488
1333,13340123616,13348019088,13348142704,123616
1334,13350103280,13358019088,13358122368,103280
1335,13360211088,13368019088,13368230176,211088
1336,13370206704,13378019088,13378225792,206704
1337,13380113312,13388019088,13388132400,113312
1338,13390068576,13398019088,13398087664,68576
1339,13400105744,13408019088,13408124832,105744
1340,13410200848,13418019088,13418219936,200848
1341,13420347824,13428019088,13428366912,347824
1342,13430263376,13438019088,13438282464,263376
1343,13440369872,13448019088,13448388960,369872
1344,13450117664,13458019088,13458136752,117664
1345,13460263440,13468019088,13468282528,263440
1346,13470158832,13478019088,13478177920,158832
1347,13480168416,13488019088,13488187504,168416
1348,13490162832,13498019088,13498181920,162832
1349,13500211696,13508019088,13508230784,211696
1350,13510152048,13518019088,13518171136,152048
1351,13520051872,13528019088,13528070960,51872
1352,13530071776,13538019088,13538090864,71776
1353,13540089824,13548019088,13548108912,89824
1354,13550154208,13558019088,13558173296,154208
1355,13560093904,13568019088,13568112992,93904
1356,13570210624,13578019088,13578229712,210624
1357,13580107200,13588019088,13588126288,107200
1358,13590076112,13598019088,13598095200,76112
1359,13600235264,13608019088,13608254352,235264
1360,13610211104,13618019088,13618230192,211104
1361,13620127920,13628019088,13628147008,127920
1362,13630217024,13638019088,13638236112,217024
1363,13640345776,13648019088,13648364864,345776
1364,13650370048,13658019088,13658389136,370048
1365,13660298512,13668019088,13668317600,298512
1366,13670263392,13678019088,13678282480,263392
1367,13680283200,13688019088,13688302288,283200
1368,13690288688,13698019088,13698307776,288688
1369,13700364288,13708019088,13708383376,364288
1370,13710321120,13718019088,13718340208,321120
1371,13720235280,13728019088,13728254368,235280
1372,13730182800,13738019088,13738201888,182800
1373,13740192736,13748019088,13748211824,192736
1374,13750206448,13758019088,13758225536,206448
1375,13760174288,13768019088,13768193376,174288
1376,13770288432,13778019088,13778307520,288432
1377,13780278112,13788019088,13788297200,278112
1378,13790383584,13798019088,13798402672,383584
1379,13800400768,13808019088,13808419856,400768
1380,13810369952,13818019088,13818389040,369952
1381,13820246752,13828019088,13828265840,246752
1382,13830193360,13838019088,13838212448,193360
1383,13840247376,13848019088,13848266464,247376
1384,13850307920,13858019088,13858327008,307920
1385,13860088064,13868019088,13868107152,88064
1386,13870325632,13878019088,13878344720,325632
1387,13880213040,13888019088,13888232128,213040
1388,13890198160,13898019088,13898217248,198160
1389,13900126176,13908019088,13908145264,126176
1390,13910034320,13918019088,13918053408,34320
1391,13920261232,13928019088,13928280320,261232
1392,13930178048,13938019088,13938197136,178048
1393,13940192496,13948019088,13948211584,192496
1394,13950261088,13958019088,13958280176,261088
1395,13960200128,13968019088,13968219216,200128
1396,13970210800,13978019088,13978229888,210800
1397,13980246752,13988019088,13988265840,246752
1398,13990205904,13998019088,13998224992,205904
1399,14000289584,14008019088,14008308672,289584
1400,14010191936,14018019088,14018211024,191936
1401,14020183904,14028019088,14028202992,183904
1402,14030207936,14038019088,14038227024,207936
1403,14040197344,14048019088,14048216432,197344
1404,14050285136,14058019088,14058304224,285136
1405,14060211984,14068019088,14068231072,211984
1406,14070215504,14078019088,14078234592,215504
1407,14080186304,14088019088,14088205392,186304
1408,14090221488,14098019088,14098240576,221488
1409,14100239088,14108019088,14108258176,239088
1410,14110207136,14118019088,14118226224,207136
1411,14120161616,14128019088,14128180704,161616
1412,14130148544,14138019088,14138167632,148544
1413,14140184720,14148019088,14148203808,184720
1414,14150122960,14158019088,14158142048,122960
1415,14160051328,14168019088,14168070416,51328
1416,14170237616,14178019088,14178256704,237616
1417,14180153632,14188019088,14188172720,153632
1418,14190145888,14198019088,14198164976,145888
1419,14200084176,14208019088,14208103264,84176
1420,14210204336,14218019088,14218223424,204336
1421,14220229184,14228019088,14228248272,229184
1422,14230215328,14238019088,14238234416,215328
1423,14240270160,14248019088,14248289248,270160
1424,14250234272,14258019088,14258253360,234272
1425,14260179008,14268019088,14268198096,179008
1426,14270173824,14278019088,14278192912,173824
1427,14280123408,14288019088,14288142496,123408
1428,14290236160,14298019088,14298255248,236160
1429,14300102656,14308019088,14308121744,102656
1430,14310095200,14318019088,14318114288,95200
1431,14320044368,14328019088,14328063456,44368
1432,14330096352,14338019088,14338115440,96352
1433,14340109072,14348019088,14348128160,109072
1434,14350055296,14358019088,14358074384,55296
1435,14360098592,14368019088,14368117680,98592
1436,14370084176,14378019088,14378103264,84176
1437,14380044928,14388019088,14388064016,44928
1438,14390071424,14398019088,14398090512,71424
1439,14400072048,14408019088,14408091136,72048
1440,14410108640,14418019088,14418127728,108640
1441,14420055008,14428019088,14428074096,55008
1442,14430090416,14438019088,14438109504,90416
1443,14440070112,14448019088,14448089200,70112
1444,14450198864,14458019088,14458217952,198864
1445,14460077376,14468019088,14468096464,77376
1446,14470098160,14478019088,14478117248,98160
1447,14480077136,14488019088,14488096224,77136
1448,14490090640,14498019088,14498109728,90640
1449,14500236992,14508019088,14508256080,236992
1450,14510105200,14518019088,14518124288,105200
1451,14520102048,14528019088,14528121136,102048
1452,14530065680,14538019088,14538084768,65680
1453,14540047408,14548019088,14548066496,47408
1454,14550092800,14558019088,14558111888,92800
1455,14560113056,14568019088,14568132144,113056
1456,14570088128,14578019088,14578107216,88128
1457,14580059584,14588019088,14588078672,59584
1458,14590069840,14598019088,14598088928,69840
1459,14600043888,14608019088,14608062976,43888
1460,14610039808,14618019088,14618058896,39808
1461,14620151184,14628019088,14628170272,151184
1462,14630083632,14638019088,14638102720,83632
1463,14640078672,14648019088,14648097760,78672
1464,14650048192,14658019088,14658067280,48192
1465,14660033472,14668019088,14668052560,33472
1466,14670215040,14678019088,14678234128,215040
1467,14680239840,14688019088,14688258928,239840
1468,14690234064,14698019088,14698253152,234064
1469,14700176000,14708019088,14708195088,176000
1470,14710220464,14718019088,14718239552,220464
1471,14720126336,14728019088,14728145424,126336
1472,14730062848,14738019088,14738081936,62848
1473,14740084608,14748019088,14748103696,84608
1474,14750200992,14758019088,14758220080,200992
1475,14760080608,14768019088,14768099696,80608
1476,14770108080,14778019088,14778127168,108080
1477,14780114512,14788019088,14788133600,114512
1478,14790073904,14798019088,14798092992,73904
1479,14800073280,14808019088,14808092368,73280
1480,14810058464,14818019088,14818077552,58464
1481,14820073952,14828019088,14828093040,73952
1482,14830100880,14838019088,14838119968,100880
1483,14840234784,14848019088,14848253872,234784
1484,14850243920,14858019088,14858263008,243920
1485,14860281536,14868019088,14868300624,281536
1486,14870236448,14878019088,14878255536,236448
1487,14880220592,14888019088,14888239680,220592
1488,14890205888,14898019088,14898224976,205888
1489,14900381616,14908019088,14908400704,381616
1490,14910327104,14918019088,14918346192,327104
1491,14920231184,14928019088,14928250272,231184
1492,14930334880,14938019088,14938353968,334880
1493,14940370464,14948019088,14948389552,370464
1494,14950266464,14958019088,14958285552,266464
1495,14960209184,14968019088,14968228272,209184
1496,14970187072,14978019088,14978206160,187072
1497,14980201568,14988019088,14988220656,201568
1498,14990109232,14998019088,14998128320,109232
1499,15000235728,15008019088,15008254816,235728
1500,15010237072,15018019088,15018256160,237072
1501,15020230288,15028019088,15028249376,230288
1502,15030236368,15038019088,15038255456,236368
1503,15040244896,15048019088,15048263984,244896
1504,15050229264,15058019088,15058248352,229264
1505,15060252992,15068019088,15068272080,252992
1506,15070210720,15078019088,15078229808,210720
1507,15080177856,15088019088,15088196944,177856
1508,15090196288,15098019088,15098215376,196288
1509,15100031904,15108019088,15108050992,31904
1510,15110087936,15118019088,15118107024,87936
1511,15120012720,15128019088,15128031808,12720
1512,15130145248,15138019088,15138164336,145248
1513,15140282624,15148019088,15148301712,282624
1514,15150172992,15158019088,15158192080,172992
1515,15160174624,15168019088,15168193712,174624
1516,15170382112,15178019088,15178401200,382112
1517,15180381024,15188019088,15188400112,381024
1518,15190175312,15198019088,15198194400,175312
1519,15200147152,15208019088,15208166240,147152
1520,15210328464,15218019088,15218347552,328464
1521,15220222896,15228019088,15228241984,222896
1522,15230299856,15238019088,15238318944,299856
1523,15240385936,15248019088,15248405024,385936
1524,15250271216,15258019088,15258290304,271216
1525,15260203472,15268019088,15268222560,203472
1526,15270234816,15278019088,15278253904,234816
1527,15280190704,15288019088,15288209792,190704
1528,15290223504,15298019088,15298242592,223504
1529,15300347648,15308019088,15308366736,347648
1530,15310112144,15318019088,15318131232,112144
1531,15320097312,15328019088,15328116400,97312
1532,15330268192,15338019088,15338287280,268192
1533,15340303760,15348019088,15348322848,303760
1534,15350221488,15358019088,15358240576,221488
1535,15360181504,15368019088,15368200592,181504
PERIODIC LATENCY CHUNK end=1536
1536,15370209968,15378019088,15378229056,209968
1537,15380224352,15388019088,15388243440,224352
1538,15390214032,15398019088,15398233120,214032
1539,15400370288,15408019088,15408389376,370288
1540,15410205520,15418019088,15418224608,205520
1541,15420105152,15428019088,15428124240,105152
1542,15430208832,15438019088,15438227920,208832
1543,15440216096,15448019088,15448235184,216096
1544,15450247552,15458019088,15458266640,247552
1545,15460206848,15468019088,15468225936,206848
1546,15470319280,15478019088,15478338368,319280
1547,15480371776,15488019088,15488390864,371776
1548,15490175376,15498019088,15498194464,175376
1549,15500191040,15508019088,15508210128,191040
1550,15510384496,15518019088,15518403584,384496
1551,15520179584,15528019088,15528198672,179584
1552,15530218016,15538019088,15538237104,218016
1553,15540191488,15548019088,15548210576,191488
1554,15550205184,15558019088,15558224272,205184
1555,15560108544,15568019088,15568127632,108544
1556,15570390960,15578019088,15578410048,390960
1557,15580371920,15588019088,15588391008,371920
1558,15590298896,15598019088,15598317984,298896
1559,15600229728,15608019088,15608248816,229728
1560,15610304912,15618019088,15618324000,304912
1561,15620156272,15628019088,15628175360,156272
1562,15630118720,15638019088,15638137808,118720
1563,15640293184,15648019088,15648312272,293184
1564,15650282880,15658019088,15658301968,282880
1565,15660212160,15668019088,15668231248,212160
1566,15670355776,15678019088,15678374864,355776
1567,15680256640,15688019088,15688275728,256640
1568,15690244992,15698019088,15698264080,244992
1569,15700268608,15708019088,15708287696,268608
1570,15710355632,15718019088,15718374720,355632
1571,15720204608,15728019088,15728223696,204608
1572,15730120592,15738019088,15738139680,120592
1573,15740106464,15748019088,15748125552,106464
1574,15750236560,15758019088,15758255648,236560
1575,15760135344,15768019088,15768154432,135344
1576,15770292848,15778019088,15778311936,292848
1577,15780277824,15788019088,15788296912,277824
1578,15790296192,15798019088,15798315280,296192
1579,15800315904,15808019088,15808334992,315904
1580,15810392672,15818019088,15818411760,392672
1581,15820266096,15828019088,15828285184,266096
1582,15830205984,15838019088,15838225072,205984
1583,15840239504,15848019088,15848258592,239504
1584,15850296512,15858019088,15858315600,296512
1585,15860208080,15868019088,15868227168,208080
1586,15870251552,15878019088,15878270640,251552
1587,15880252496,15888019088,15888271584,252496
1588,15890263856,15898019088,15898282944,263856
1589,15900296944,15908019088,15908316032,296944
1590,15910201376,15918019088,15918220464,201376
1591,15920173712,15928019088,15928192800,173712
1592,15930218304,15938019088,15938237392,218304
1593,15940262960,15948019088,15948282048,262960
1594,15950263952,15958019088,15958283040,263952
1595,15960096560,15968019088,15968115648,96560
1596,15970206192,15978019088,15978225280,206192
1597,15980355984,15988019088,15988375072,355984
1598,15990233776,15998019088,15998252864,233776
1599,16000290352,16008019088,16008309440,290352
1600,16010399376,16018019088,16018418464,399376
1601,16020253312,16028019088,16028272400,253312
1602,16030222464,16038019088,16038241552,222464
1603,16040288320,16048019088,16048307408,288320
1604,16050269248,16058019088,16058288336,269248
1605,16060212240,16068019088,16068231328,212240
1606,16070195984,16078019088,16078215072,195984
1607,16080264896,16088019088,16088283984,264896
1608,16090236304,16098019088,16098255392,236304
1609,16100181456,16108019088,16108200544,181456
1610,16110165920,16118019088,16118185008,165920
1611,16120155200,16128019088,16128174288,155200
1612,16130230960,16138019088,16138250048,230960
1613,16140277488,16148019088,16148296576,277488
1614,16150181488,16158019088,16158200576,181488
1615,16160213328,16168019088,16168232416,213328
1616,16170394976,16178019088,16178414064,394976
1617,16180269680,16188019088,16188288768,269680
1618,16190178384,16198019088,16198197472,178384
1619,16200112160,16208019088,16208131248,112160
1620,16210155504,16218019088,16218174592,155504
1621,16220171152,16228019088,16228190240,171152
1622,16230130224,16238019088,16238149312,130224
1623,16240158208,16248019088,16248177296,158208
1624,16250156992,16258019088,16258176080,156992
1625,16260160224,16268019088,16268179312,160224
1626,16270165040,16278019088,16278184128,165040
1627,16280110560,16288019088,16288129648,110560
1628,16290141568,16298019088,16298160656,141568
1629,16300131072,16308019088,16308150160,131072
1630,16310127920,16318019088,16318147008,127920
1631,16320095552,16328019088,16328114640,95552
1632,16330149264,16338019088,16338168352,149264
1633,16340196032,16348019088,16348215120,196032
1634,16350200944,16358019088,16358220032,200944
1635,16360179520,16368019088,16368198608,179520
1636,16370179616,16378019088,16378198704,179616
1637,16380184784,16388019088,16388203872,184784
1638,16390163952,16398019088,16398183040,163952
1639,16400140576,16408019088,16408159664,140576
1640,16410205696,16418019088,16418224784,205696
1641,16420304400,16428019088,16428323488,304400
1642,16430236192,16438019088,16438255280,236192
1643,16440252496,16448019088,16448271584,252496
1644,16450130336,16458019088,16458149424,130336
1645,16460146432,16468019088,16468165520,146432
1646,16470101536,16478019088,16478120624,101536
1647,16480146640,16488019088,16488165728,146640
1648,16490146256,16498019088,16498165344,146256
1649,16500116096,16508019088,16508135184,116096
1650,16510154192,16518019088,16518173280,154192
1651,16520195424,16528019088,16528214512,195424
1652,16530171264,16538019088,16538190352,171264
1653,16540187760,16548019088,16548206848,187760
1654,16550227232,16558019088,16558246320,227232
1655,16560151664,16568019088,16568170752,151664
1656,16570190288,16578019088,16578209376,190288
1657,16580185584,16588019088,16588204672,185584
1658,16590190416,16598019088,16598209504,190416
1659,16600174016,16608019088,16608193104,174016
1660,16610255488,16618019088,16618274576,255488
1661,16620246048,16628019088,16628265136,246048
1662,16630102208,16638019088,16638121296,102208
1663,16640169808,16648019088,16648188896,169808
1664,16650157312,16658019088,16658176400,157312
1665,16660150112,16668019088,16668169200,150112
1666,16670249568,16678019088,16678268656,249568
1667,16680273456,16688019088,16688292544,273456
1668,16690102656,16698019088,16698121744,102656
1669,16700159792,16708019088,16708178880,159792
1670,16710187952,16718019088,16718207040,187952
1671,16720214784,16728019088,16728233872,214784
1672,16730091920,16738019088,16738111008,91920
1673,16740056048,16748019088,16748075136,56048
1674,16750064944,16758019088,16758084032,64944
1675,16760032416,16768019088,16768051504,32416
1676,16770028400,16778019088,16778047488,28400
1677,16780040672,16788019088,16788059760,40672
1678,16790115296,16798019088,16798134384,115296
1679,16800076928,16808019088,16808096016,76928
1680,16810155152,16818019088,16818174240,155152
1681,16820116320,16828019088,16828135408,116320
1682,16830115152,16838019088,16838134240,115152
1683,16840212544,16848019088,16848231632,212544
1684,16850086576,16858019088,16858105664,86576
1685,16860100560,16868019088,16868119648,100560
1686,16870156656,16878019088,16878175744,156656
1687,16880076288,16888019088,16888095376,76288
1688,16890108864,16898019088,16898127952,108864
1689,16900085280,16908019088,16908104368,85280
1690,16910079088,16918019088,16918098176,79088
1691,16920112736,16928019088,16928131824,112736
1692,16930115008,16938019088,16938134096,115008
1693,16940189680,16948019088,16948208768,189680
1694,16950215792,16958019088,16958234880,215792
1695,16960134432,16968019088,16968153520,134432
1696,16970087696,16978019088,16978106784,87696
1697,16980081760,16988019088,16988100848,81760
1698,16990142176,16998019088,16998161264,142176
1699,17000129584,17008019088,17008148672,129584
1700,17010104272,17018019088,17018123360,104272
1701,17020183920,17028019088,17028203008,183920
1702,17030214944,17038019088,17038234032,214944
1703,17040191312,17048019088,17048210400,191312
1704,17050186608,17058019088,17058205696,186608
1705,17060244720,17068019088,17068263808,244720
1706,17070248544,17078019088,17078267632,248544
1707,17080336624,17088019088,17088355712,336624
1708,17090192240,17098019088,17098211328,192240
1709,17100113472,17108019088,17108132560,113472
1710,17110084224,17118019088,17118103312,84224
1711,17120164880,17128019088,17128183968,164880
1712,17130084160,17138019088,17138103248,84160
1713,17140087008,17148019088,17148106096,87008
1714,17150139840,17158019088,17158158928,139840
1715,17160072496,17168019088,17168091584,72496
1716,17170064448,17178019088,17178083536,64448
1717,17180136672,17188019088,17188155760,136672
1718,17190112272,17198019088,17198131360,112272
1719,17200089472,17208019088,17208108560,89472
1720,17210144640,17218019088,17218163728,144640
1721,17220079456,17228019088,17228098544,79456
1722,17230178128,17238019088,17238197216,178128
1723,17240177072,17248019088,17248196160,177072
1724,17250069072,17258019088,17258088160,69072
1725,17260110704,17268019088,17268129792,110704
1726,17270234576,17278019088,17278253664,234576
1727,17280263248,17288019088,17288282336,263248
1728,17290257680,17298019088,17298276768,257680
1729,17300228992,17308019088,17308248080,228992
1730,17310155760,17318019088,17318174848,155760
1731,17320197328,17328019088,17328216416,197328
1732,17330175360,17338019088,17338194448,175360
1733,17340230320,17348019088,17348249408,230320
1734,17350229072,17358019088,17358248160,229072
1735,17360182160,17368019088,17368201248,182160
1736,17370236784,17378019088,17378255872,236784
1737,17380142624,17388019088,17388161712,142624
1738,17390213728,17398019088,17398232816,213728
1739,17400380080,17408019088,17408399168,380080
1740,17410213664,17418019088,17418232752,213664
1741,17420225344,17428019088,17428244432,225344
1742,17430317152,17438019088,17438336240,317152
1743,17440330144,17448019088,17448349232,330144
1744,17450130688,17458019088,17458149776,130688
1745,17460251856,17468019088,17468270944,251856
1746,17470255568,17478019088,17478274656,255568
1747,17480232272,17488019088,17488251360,232272
1748,17490185664,17498019088,17498204752,185664
1749,17500224512,17508019088,17508243600,224512
1750,17510280000,17518019088,17518299088,280000
1751,17520232000,17528019088,17528251088,232000
1752,17530267904,17538019088,17538286992,267904
1753,17540237408,17548019088,17548256496,237408
1754,17550232672,17558019088,17558251760,232672
1755,17560223632,17568019088,17568242720,223632
1756,17570212864,17578019088,17578231952,212864
1757,17580211680,17588019088,17588230768,211680
1758,17590256368,17598019088,17598275456,256368
1759,17600229328,17608019088,17608248416,229328
1760,17610226864,17618019088,17618245952,226864
1761,17620215280,17628019088,17628234368,215280
1762,17630184400,17638019088,17638203488,184400
1763,17640201792,17648019088,17648220880,201792
1764,17650202384,17658019088,17658221472,202384
1765,17660207376,17668019088,17668226464,207376
1766,17670222608,17678019088,17678241696,222608
1767,17680246656,17688019088,17688265744,246656
1768,17690127088,17698019088,17698146176,127088
1769,17700116528,17708019088,17708135616,116528
1770,17710217040,17718019088,17718236128,217040
1771,17720075440,17728019088,17728094528,75440
1772,17730130960,17738019088,17738150048,130960
1773,17740078032,17748019088,17748097120,78032
1774,17750058624,17758019088,17758077712,58624
1775,17760037936,17768019088,17768057024,37936
1776,17770017776,17778019088,17778036864,17776
1777,17780163664,17788019088,17788182752,163664
1778,17790089136,17798019088,17798108224,89136
1779,17800022384,17808019088,17808041472,22384
1780,17810051232,17818019088,17818070320,51232
1781,17820136048,17828019088,17828155136,136048
1782,17830067152,17838019088,17838086240,67152
1783,17840090464,17848019088,17848109552,90464
1784,17850193648,17858019088,17858212736,193648
1785,17860246112,17868019088,17868265200,246112
1786,17870125648,17878019088,17878144736,125648
1787,17880115824,17888019088,17888134912,115824
1788,17890119296,17898019088,17898138384,119296
1789,17900086080,17908019088,17908105168,86080
1790,17910053936,17918019088,17918073024,53936
1791,17920104240,17928019088,17928123328,104240
PERIODIC LATENCY CHUNK end=1792
1792,17930064256,17938019088,17938083344,64256
1793,17940055888,17948019088,17948074976,55888
1794,17950061616,17958019088,17958080704,61616
1795,17960083440,17968019088,17968102528,83440
1796,17970086688,17978019088,17978105776,86688
1797,17980221840,17988019088,17988240928,221840
1798,17990226336,17998019088,17998245424,226336
1799,18000222592,18008019088,18008241680,222592
1800,18010099024,18018019088,18018118112,99024
1801,18020098752,18028019088,18028117840,98752
1802,18030118688,18038019088,18038137776,118688
1803,18040081280,18048019088,18048100368,81280
1804,18050074784,18058019088,18058093872,74784
1805,18060282016,18068019088,18068301104,282016
1806,18070257264,18078019088,18078276352,257264
1807,18080124112,18088019088,18088143200,124112
1808,18090221648,18098019088,18098240736,221648
1809,18100118224,18108019088,18108137312,118224
1810,18110218208,18118019088,18118237296,218208
1811,18120136448,18128019088,18128155536,136448
1812,18130229776,18138019088,18138248864,229776
1813,18140274896,18148019088,18148293984,274896
1814,18150238416,18158019088,18158257504,238416
1815,18160262528,18168019088,18168281616,262528
1816,18170286576,18178019088,18178305664,286576
1817,18180268224,18188019088,18188287312,268224
1818,18190214768,18198019088,18198233856,214768
1819,18200132896,18208019088,18208151984,132896
1820,18210137712,18218019088,18218156800,137712
1821,18220156768,18228019088,18228175856,156768
1822,18230181936,18238019088,18238201024,181936
1823,18240138160,18248019088,18248157248,138160
1824,18250159536,18258019088,18258178624,159536
1825,18260188176,18268019088,18268207264,188176
1826,18270347392,18278019088,18278366480,347392
1827,18280396448,18288019088,18288415536,396448
1828,18290352112,18298019088,18298371200,352112
1829,18300209216,18308019088,18308228304,209216
1830,18310386320,18318019088,18318405408,386320
1831,18320194288,18328019088,18328213376,194288
1832,18330215520,18338019088,18338234608,215520
1833,18340299488,18348019088,18348318576,299488
1834,18350232752,18358019088,18358251840,232752
1835,18360093184,18368019088,18368112272,93184
1836,18370233904,18378019088,18378252992,233904
1837,18380094768,18388019088,18388113856,94768
1838,18390142832,18398019088,18398161920,142832
1839,18400179344,18408019088,18408198432,179344
1840,18410338832,18418019088,18418357920,338832
1841,18420217328,18428019088,18428236416,217328
1842,18430278544,18438019088,18438297632,278544
1843,18440229648,18448019088,18448248736,229648
1844,18450205808,18458019088,18458224896,205808
1845,18460171280,18468019088,18468190368,171280
1846,18470228752,18478019088,18478247840,228752
1847,18480233248,18488019088,18488252336,233248
1848,18490077488,18498019088,18498096576,77488
1849,18500232096,18508019088,18508251184,232096
1850,18510206944,18518019088,18518226032,206944
1851,18520223392,18528019088,18528242480,223392
1852,18530231856,18538019088,18538250944,231856
1853,18540195600,18548019088,18548214688,195600
1854,18550277456,18558019088,18558296544,277456
1855,18560182336,18568019088,18568201424,182336
1856,18570181872,18578019088,18578200960,181872
1857,18580210704,18588019088,18588229792,210704
1858,18590240528,18598019088,18598259616,240528
1859,18600242128,18608019088,18608261216,242128
1860,18610246224,18618019088,18618265312,246224
1861,18620217408,18628019088,18628236496,217408
1862,18630150352,18638019088,18638169440,150352
1863,18640207664,18648019088,18648226752,207664
1864,18650197088,18658019088,18658216176,197088
1865,18660167056,18668019088,18668186144,167056
1866,18670120592,18678019088,18678139680,120592
1867,18680227488,18688019088,18688246576,227488
1868,18690238784,18698019088,18698257872,238784
1869,18700228720,18708019088,18708247808,228720
1870,18710269776,18718019088,18718288864,269776
1871,18720220240,18728019088,18728239328,220240
1872,18730170560,18738019088,18738189648,170560
1873,18740142144,18748019088,18748161232,142144
1874,18750222336,18758019088,18758241424,222336
1875,18760130896,18768019088,18768149984,130896
1876,18770090464,18778019088,18778109552,90464
1877,18780231376,18788019088,18788250464,231376
1878,18790256800,18798019088,18798275888,256800
1879,18800221520,18808019088,18808240608,221520
1880,18810237216,18818019088,18818256304,237216
1881,18820188576,18828019088,18828207664,188576
1882,18830187344,18838019088,18838206432,187344
1883,18840205952,18848019088,18848225040,205952
1884,18850205104,18858019088,18858224192,205104
1885,18860174432,18868019088,18868193520,174432
1886,18870251280,18878019088,18878270368,251280
1887,18880225264,18888019088,18888244352,225264
1888,18890398608,18898019088,18898417696,398608
1889,18900301664,18908019088,18908320752,301664
1890,18910233520,18918019088,18918252608,233520
1891,18920374000,18928019088,18928393088,374000
1892,18930175536,18938019088,18938194624,175536
1893,18940214800,18948019088,18948233888,214800
1894,18950210080,18958019088,18958229168,210080
1895,18960049952,18968019088,18968069040,49952
1896,18970066288,18978019088,18978085376,66288
1897,18980062960,18988019088,18988082048,62960
1898,18990087696,18998019088,18998106784,87696
1899,19000077152,19008019088,19008096240,77152
1900,19010037920,19018019088,19018057008,37920
1901,19020072768,19028019088,19028091856,72768
1902,19030086640,19038019088,19038105728,86640
1903,19040200080,19048019088,19048219168,200080
1904,19050208576,19058019088,19058227664,208576
1905,19060129600,19068019088,19068148688,129600
1906,19070061024,19078019088,19078080112,61024
1907,19080054752,19088019088,19088073840,54752
1908,19090025456,19098019088,19098044544,25456
1909,19100059424,19108019088,19108078512,59424
1910,19110041152,19118019088,19118060240,41152
1911,19120075840,19128019088,19128094928,75840
1912,19130059152,19138019088,19138078240,59152
1913,19140052432,19148019088,19148071520,52432
1914,19150070256,19158019088,19158089344,70256
1915,19160076752,19168019088,19168095840,76752
1916,19170051888,19178019088,19178070976,51888
1917,19180061744,19188019088,19188080832,61744
1918,19190096176,19198019088,19198115264,96176
1919,19200196544,19208019088,19208215632,196544
1920,19210231584,19218019088,19218250672,231584
1921,19220165136,19228019088,19228184224,165136
1922,19230173760,19238019088,19238192848,173760
1923,19240350432,19248019088,19248369520,350432
1924,19250126176,19258019088,19258145264,126176
1925,19260175712,19268019088,19268194800,175712
1926,19270242768,19278019088,19278261856,242768
1927,19280226752,19288019088,19288245840,226752
1928,19290226672,19298019088,19298245760,226672
1929,19300248128,19308019088,19308267216,248128
1930,19310222864,19318019088,19318241952,222864
1931,19320210512,19328019088,19328229600,210512
1932,19330206832,19338019088,19338225920,206832
1933,19340222352,19348019088,19348241440,222352
1934,19350222336,19358019088,19358241424,222336
1935,19360179760,19368019088,19368198848,179760
1936,19370370544,19378019088,19378389632,370544
1937,19380392368,19388019088,19388411456,392368
1938,19390249584,19398019088,19398268672,249584
1939,19400391056,19408019088,19408410144,391056
1940,19410181008,19418019088,19418200096,181008
1941,19420231632,19428019088,19428250720,231632
1942,19430360720,19438019088,19438379808,360720
1943,19440303456,19448019088,19448322544,303456
1944,19450248864,19458019088,19458267952,248864
1945,19460120976,19468019088,19468140064,120976
1946,19470230976,19478019088,19478250064,230976
1947,19480291344,19488019088,19488310432,291344
1948,19490169856,19498019088,19498188944,169856
1949,19500232928,19508019088,19508252016,232928
1950,19510260416,19518019088,19518279504,260416
1951,19520191904,19528019088,19528210992,191904
1952,19530228864,19538019088,19538247952,228864
1953,19540258336,19548019088,19548277424,258336
1954,19550218304,19558019088,19558237392,218304
1955,19560183072,19568019088,19568202160,183072
1956,19570193664,19578019088,19578212752,193664
1957,19580191568,19588019088,19588210656,191568
1958,19590217536,19598019088,19598236624,217536
1959,19600198112,19608019088,19608217200,198112
1960,19610258000,19618019088,19618277088,258000
1961,19620163168,19628019088,19628182256,163168
1962,19630153696,19638019088,19638172784,153696
1963,19640182880,19648019088,19648201968,182880
1964,19650124624,19658019088,19658143712,124624
1965,19660091744,19668019088,19668110832,91744
1966,19670219552,19678019088,19678238640,219552
1967,19680216224,19688019088,19688235312,216224
1968,19690217712,19698019088,19698236800,217712
1969,19700129504,19708019088,19708148592,129504
1970,19710079872,19718019088,19718098960,79872
1971,19720086768,19728019088,19728105856,86768
1972,19730166624,19738019088,19738185712,166624
1973,19740183584,19748019088,19748202672,183584
1974,19750219696,19758019088,19758238784,219696
1975,19760200016,19768019088,19768219104,200016
1976,19770360752,19778019088,19778379840,360752
1977,19780342320,19788019088,19788361408,342320
1978,19790392432,19798019088,19798411520,392432
1979,19800374112,19808019088,19808393200,374112
1980,19810378064,19818019088,19818397152,378064
1981,19820388608,19828019088,19828407696,388608
1982,19830314384,19838019088,19838333472,314384
1983,19840247584,19848019088,19848266672,247584
1984,19850217520,19858019088,19858236608,217520
1985,19860304624,19868019088,19868323712,304624
1986,19870331968,19878019088,19878351056,331968
1987,19880367088,19888019088,19888386176,367088
1988,19890278704,19898019088,19898297792,278704
1989,19900272320,19908019088,19908291408,272320
1990,19910290352,19918019088,19918309440,290352
1991,19920294096,19928019088,19928313184,294096
1992,19930259600,19938019088,19938278688,259600
1993,19940318512,19948019088,19948337600,318512
1994,19950272256,19958019088,19958291344,272256
1995,19960094560,19968019088,19968113648,94560
1996,19970126848,19978019088,19978145936,126848
1997,19980205840,19988019088,19988224928,205840
1998,19990102192,19998019088,19998121280,102192
1999,20000203984,20008019088,20008223072,203984
2000,20010200896,20018019088,20018219984,200896
2001,20020095472,20028019088,20028114560,95472
2002,20030230864,20038019088,20038249952,230864
2003,20040159040,20048019088,20048178128,159040
2004,20050253792,20058019088,20058272880,253792
2005,20060189216,20068019088,20068208304,189216
2006,20070224752,20078019088,20078243840,224752
2007,20080237904,20088019088,20088256992,237904
2008,20090192064,20098019088,20098211152,192064
2009,20100225168,20108019088,20108244256,225168
2010,20110199984,20118019088,20118219072,199984
2011,20120069648,20128019088,20128088736,69648
2012,20130172912,20138019088,20138192000,172912
2013,20140222832,20148019088,20148241920,222832
2014,20150226656,20158019088,20158245744,226656
2015,20160201664,20168019088,20168220752,201664
2016,20170187760,20178019088,20178206848,187760
2017,20180211888,20188019088,20188230976,211888
2018,20190096448,20198019088,20198115536,96448
2019,20200085408,20208019088,20208104496,85408
2020,20210216672,20218019088,20218235760,216672
2021,20220193632,20228019088,20228212720,193632
2022,20230214496,20238019088,20238233584,214496
2023,20240127200,20248019088,20248146288,127200
2024,20250108864,20258019088,20258127952,108864
2025,20260180432,20268019088,20268199520,180432
2026,20270189456,20278019088,20278208544,189456
2027,20280279760,20288019088,20288298848,279760
2028,20290240656,20298019088,20298259744,240656
2029,20300216624,20308019088,20308235712,216624
2030,20310141504,20318019088,20318160592,141504
2031,20320204736,20328019088,20328223824,204736
2032,20330129600,20338019088,20338148688,129600
2033,20340132704,20348019088,20348151792,132704
2034,20350251888,20358019088,20358270976,251888
2035,20360107696,20368019088,20368126784,107696
2036,20370136848,20378019088,20378155936,136848
2037,20380244864,20388019088,20388263952,244864
2038,20390229712,20398019088,20398248800,229712
2039,20400130864,20408019088,20408149952,130864
2040,20410219248,20418019088,20418238336,219248
2041,20420254736,20428019088,20428273824,254736
2042,20430243104,20438019088,20438262192,243104
2043,20440303632,20448019088,20448322720,303632
2044,20450159040,20458019088,20458178128,159040
2045,20460097184,20468019088,20468116272,97184
2046,20470244896,20478019088,20478263984,244896
2047,20480227920,20488019088,20488247008,227920
PERIODIC LATENCY CHUNK end=2048
2048,20490183888,20498019088,20498202976,183888
2049,20500211520,20508019088,20508230608,211520
2050,20510205792,20518019088,20518224880,205792
2051,20520127328,20528019088,20528146416,127328
2052,20530351968,20538019088,20538371056,351968
2053,20540128352,20548019088,20548147440,128352
2054,20550153424,20558019088,20558172512,153424
2055,20560278080,20568019088,20568297168,278080
2056,20570310768,20578019088,20578329856,310768
2057,20580253024,20588019088,20588272112,253024
2058,20590363616,20598019088,20598382704,363616
2059,20600368800,20608019088,20608387888,368800
2060,20610432016,20618019088,20618451104,432016
2061,20620184272,20628019088,20628203360,184272
2062,20630259184,20638019088,20638278272,259184
2063,20640236080,20648019088,20648255168,236080
2064,20650188224,20658019088,20658207312,188224
2065,20660182736,20668019088,20668201824,182736
2066,20670224128,20678019088,20678243216,224128
2067,20680219696,20688019088,20688238784,219696
2068,20690225072,20698019088,20698244160,225072
2069,20700224928,20708019088,20708244016,224928
2070,20710232320,20718019088,20718251408,232320
2071,20720285392,20728019088,20728304480,285392
2072,20730203488,20738019088,20738222576,203488
2073,20740074704,20748019088,20748093792,74704
2074,20750174912,20758019088,20758194000,174912
2075,20760088032,20768019088,20768107120,88032
2076,20770249104,20778019088,20778268192,249104
2077,20780228704,20788019088,20788247792,228704
2078,20790129952,20798019088,20798149040,129952
2079,20800230784,20808019088,20808249872,230784
2080,20810130144,20818019088,20818149232,130144
2081,20820111408,20828019088,20828130496,111408
2082,20830214896,20838019088,20838233984,214896
2083,20840152032,20848019088,20848171120,152032
2084,20850088096,20858019088,20858107184,88096
2085,20860089568,20868019088,20868108656,89568
2086,20870143792,20878019088,20878162880,143792
2087,20880230848,20888019088,20888249936,230848
2088,20890247600,20898019088,20898266688,247600
2089,20900269216,20908019088,20908288304,269216
2090,20910244864,20918019088,20918263952,244864
2091,20920179616,20928019088,20928198704,179616
2092,20930276240,20938019088,20938295328,276240
2093,20940110944,20948019088,20948130032,110944
2094,20950229904,20958019088,20958248992,229904
2095,20960147152,20968019088,20968166240,147152
2096,20970244496,20978019088,20978263584,244496
2097,20980337632,20988019088,20988356720,337632
2098,20990352608,20998019088,20998371696,352608
2099,21000211200,21008019088,21008230288,211200
2100,21010374176,21018019088,21018393264,374176
2101,21020318832,21028019088,21028337920,318832
2102,21030330288,21038019088,21038349376,330288
2103,21040298992,21048019088,21048318080,298992
2104,21050288640,21058019088,21058307728,288640
2105,21060223520,21068019088,21068242608,223520
2106,21070267856,21078019088,21078286944,267856
2107,21080360544,21088019088,21088379632,360544
2108,21090260064,21098019088,21098279152,260064
2109,21100247392,21108019088,21108266480,247392
2110,21110315504,21118019088,21118334592,315504
2111,21120318080,21128019088,21128337168,318080
2112,21130345536,21138019088,21138364624,345536
2113,21140271232,21148019088,21148290320,271232
2114,21150189952,21158019088,21158209040,189952
2115,21160329776,21168019088,21168348864,329776
2116,21170288080,21178019088,21178307168,288080
2117,21180312368,21188019088,21188331456,312368
2118,21190147136,21198019088,21198166224,147136
2119,21200206848,21208019088,21208225936,206848
2120,21210038752,21218019088,21218057840,38752
2121,21220117728,21228019088,21228136816,117728
2122,21230101888,21238019088,21238120976,101888
2123,21240023024,21248019088,21248042112,23024
2124,21250020816,21258019088,21258039904,20816
2125,21260097664,21268019088,21268116752,97664
2126,21270186080,21278019088,21278205168,186080
2127,21280244320,21288019088,21288263408,244320
2128,21290315968,21298019088,21298335056,315968
2129,21300300224,21308019088,21308319312,300224
2130,21310259680,21318019088,21318278768,259680
2131,21320295040,21328019088,21328314128,295040
2132,21330380432,21338019088,21338399520,380432
2133,21340363328,21348019088,21348382416,363328
2134,21350421184,21358019088,21358440272,421184
2135,21360224768,21368019088,21368243856,224768
2136,21370429392,21378019088,21378448480,429392
2137,21380427024,21388019088,21388446112,427024
2138,21390469616,21398019088,21398488704,469616
2139,21400419696,21408019088,21408438784,419696
2140,21410410960,21418019088,21418430048,410960
2141,21420324080,21428019088,21428343168,324080
2142,21430391296,21438019088,21438410384,391296
2143,21440468448,21448019088,21448487536,468448
2144,21450220544,21458019088,21458239632,220544
2145,21460334544,21468019088,21468353632,334544
2146,21470333136,21478019088,21478352224,333136
2147,21480415952,21488019088,21488435040,415952
2148,21490272320,21498019088,21498291408,272320
2149,21500299216,21508019088,21508318304,299216
2150,21510315952,21518019088,21518335040,315952
2151,21520220880,21528019088,21528239968,220880
2152,21530383824,21538019088,21538402912,383824
2153,21540411472,21548019088,21548430560,411472
2154,21550459856,21558019088,21558478944,459856
2155,21560248432,21568019088,21568267520,248432
2156,21570472736,21578019088,21578491824,472736
2157,21580452384,21588019088,21588471472,452384
2158,21590228608,21598019088,21598247696,228608
2159,21600385856,21608019088,21608404944,385856
2160,21610383792,21618019088,21618402880,383792
2161,21620361936,21628019088,21628381024,361936
2162,21630157392,21638019088,21638176480,157392
2163,21640277344,21648019088,21648296432,277344
2164,21650308160,21658019088,21658327248,308160
2165,21660156096,21668019088,21668175184,156096
2166,21670099200,21678019088,21678118288,99200
2167,21680137584,21688019088,21688156672,137584
2168,21690114384,21698019088,21698133472,114384
2169,21700096544,21708019088,21708115632,96544
2170,21710104768,21718019088,21718123856,104768
2171,21720111680,21728019088,21728130768,111680
2172,21730177488,21738019088,21738196576,177488
2173,21740119296,21748019088,21748138384,119296
2174,21750184256,21758019088,21758203344,184256
2175,21760097728,21768019088,21768116816,97728
2176,21770079424,21778019088,21778098512,79424
2177,21780157648,21788019088,21788176736,157648
2178,21790213744,21798019088,21798232832,213744
2179,21800205520,21808019088,21808224608,205520
2180,21810183088,21818019088,21818202176,183088
2181,21820245952,21828019088,21828265040,245952
2182,21830359936,21838019088,21838379024,359936
2183,21840457408,21848019088,21848476496,457408
2184,21850276752,21858019088,21858295840,276752
2185,21860323792,21868019088,21868342880,323792
2186,21870375856,21878019088,21878394944,375856
2187,21880378400,21888019088,21888397488,378400
2188,21890331584,21898019088,21898350672,331584
2189,21900341904,21908019088,21908360992,341904
2190,21910348624,21918019088,21918367712,348624
2191,21920343808,21928019088,21928362896,343808
2192,21930228800,21938019088,21938247888,228800
2193,21940196688,21948019088,21948215776,196688
2194,21950320656,21958019088,21958339744,320656
2195,21960193840,21968019088,21968212928,193840
2196,21970230752,21978019088,21978249840,230752
2197,21980229856,21988019088,21988248944,229856
2198,21990249840,21998019088,21998268928,249840
2199,22000223280,22008019088,22008242368,223280
2200,22010249648,22018019088,22018268736,249648
2201,22020217152,22028019088,22028236240,217152
2202,22030190400,22038019088,22038209488,190400
2203,22040378976,22048019088,22048398064,378976
2204,22050397440,22058019088,22058416528,397440
2205,22060329680,22068019088,22068348768,329680
2206,22070402736,22078019088,22078421824,402736
2207,22080354816,22088019088,22088373904,354816
2208,22090150624,22098019088,22098169712,150624
2209,22100183488,22108019088,22108202576,183488
2210,22110290192,22118019088,22118309280,290192
2211,22120300464,22128019088,22128319552,300464
2212,22130378944,22138019088,22138398032,378944
2213,22140450208,22148019088,22148469296,450208
2214,22150430240,22158019088,22158449328,430240
2215,22160237472,22168019088,22168256560,237472
2216,22170247744,22178019088,22178266832,247744
2217,22180224336,22188019088,22188243424,224336
2218,22190128272,22198019088,22198147360,128272
2219,22200130752,22208019088,22208149840,130752
2220,22210178624,22218019088,22218197712,178624
2221,22220319968,22228019088,22228339056,319968
2222,22230132544,22238019088,22238151632,132544
2223,22240202016,22248019088,22248221104,202016
2224,22250269792,22258019088,22258288880,269792
2225,22260153088,22268019088,22268172176,153088
2226,22270163824,22278019088,22278182912,163824
2227,22280313328,22288019088,22288332416,313328
2228,22290182688,22298019088,22298201776,182688
2229,22300240064,22308019088,22308259152,240064
2230,22310185520,22318019088,22318204608,185520
2231,22320203648,22328019088,22328222736,203648
2232,22330406464,22338019088,22338425552,406464
2233,22340304448,22348019088,22348323536,304448
2234,22350390736,22358019088,22358409824,390736
2235,22360325856,22368019088,22368344944,325856
2236,22370390768,22378019088,22378409856,390768
2237,22380425136,22388019088,22388444224,425136
2238,22390407136,22398019088,22398426224,407136
2239,22400455216,22408019088,22408474304,455216
2240,22410462704,22418019088,22418481792,462704
2241,22420221072,22428019088,22428240160,221072
2242,22430389152,22438019088,22438408240,389152
2243,22440415952,22448019088,22448435040,415952
2244,22450224560,22458019088,22458243648,224560
2245,22460349952,22468019088,22468369040,349952
2246,22470401952,22478019088,22478421040,401952
2247,22480420608,22488019088,22488439696,420608
2248,22490413488,22498019088,22498432576,413488
2249,22500220000,22508019088,22508239088,220000
2250,22510378016,22518019088,22518397104,378016
2251,22520346736,22528019088,22528365824,346736
2252,22530464176,22538019088,22538483264,464176
2253,22540437104,22548019088,22548456192,437104
2254,22550413840,22558019088,22558432928,413840
2255,22560182848,22568019088,22568201936,182848
2256,22570265984,22578019088,22578285072,265984
2257,22580282176,22588019088,22588301264,282176
2258,22590338000,22598019088,22598357088,338000
2259,22600399152,22608019088,22608418240,399152
2260,22610420064,22618019088,22618439152,420064
2261,22620376608,22628019088,22628395696,376608
2262,22630336432,22638019088,22638355520,336432
2263,22640414064,22648019088,22648433152,414064
2264,22650447024,22658019088,22658466112,447024
2265,22660167952,22668019088,22668187040,167952
2266,22670279632,22678019088,22678298720,279632
2267,22680373264,22688019088,22688392352,373264
2268,22690202960,22698019088,22698222048,202960
2269,22700424032,22708019088,22708443120,424032
2270,22710434672,22718019088,22718453760,434672
2271,22720349920,22728019088,22728369008,349920
2272,22730301024,22738019088,22738320112,301024
2273,22740340384,22748019088,22748359472,340384
2274,22750322976,22758019088,22758342064,322976
2275,22760270208,22768019088,22768289296,270208
2276,22770393600,22778019088,22778412688,393600
2277,22780355952,22788019088,22788375040,355952
2278,22790414752,22798019088,22798433840,414752
2279,22800435184,22808019088,22808454272,435184
2280,22810395040,22818019088,22818414128,395040
2281,22820220672,22828019088,22828239760,220672
2282,22830184784,22838019088,22838203872,184784
2283,22840279344,22848019088,22848298432,279344
2284,22850304688,22858019088,22858323776,304688
2285,22860198032,22868019088,22868217120,198032
2286,22870335104,22878019088,22878354192,335104
2287,22880301088,22888019088,22888320176,301088
2288,22890245984,22898019088,22898265072,245984
2289,22900207328,22908019088,22908226416,207328
2290,22910278592,22918019088,22918297680,278592
2291,22920165520,22928019088,22928184608,165520
2292,22930243440,22938019088,22938262528,243440
2293,22940257504,22948019088,22948276592,257504
2294,22950240464,22958019088,22958259552,240464
2295,22960202608,22968019088,22968221696,202608
2296,22970170208,22978019088,22978189296,170208
2297,22980484352,22988019088,22988503440,484352
2298,22990268656,22998019088,22998287744,268656
2299,23000236320,23008019088,23008255408,236320
2300,23010254304,23018019088,23018273392,254304
2301,23020165968,23028019088,23028185056,165968
2302,23030288160,23038019088,23038307248,288160
2303,23040291680,23048019088,23048310768,291680
PERIODIC LATENCY CHUNK end=2304
2304,23050269536,23058019088,23058288624,269536
2305,23060298560,23068019088,23068317648,298560
2306,23070309984,23078019088,23078329072,309984
2307,23080302512,23088019088,23088321600,302512
2308,23090106336,23098019088,23098125424,106336
2309,23100195424,23108019088,23108214512,195424
2310,23110110368,23118019088,23118129456,110368
2311,23120139104,23128019088,23128158192,139104
2312,23130190544,23138019088,23138209632,190544
2313,23140209680,23148019088,23148228768,209680
2314,23150169584,23158019088,23158188672,169584
2315,23160138800,23168019088,23168157888,138800
2316,23170210592,23178019088,23178229680,210592
2317,23180139232,23188019088,23188158320,139232
2318,23190087312,23198019088,23198106400,87312
2319,23200327888,23208019088,23208346976,327888
2320,23210389360,23218019088,23218408448,389360
2321,23220373648,23228019088,23228392736,373648
2322,23230145488,23238019088,23238164576,145488
2323,23240268112,23248019088,23248287200,268112
2324,23250547024,23258019088,23258566112,547024
2325,23260175216,23268019088,23268194304,175216
2326,23270362464,23278019088,23278381552,362464
2327,23280456896,23288019088,23288475984,456896
2328,23290310224,23298019088,23298329312,310224
2329,23300441904,23308019088,23308460992,441904
2330,23310221696,23318019088,23318240784,221696
2331,23320257216,23328019088,23328276304,257216
2332,23330296352,23338019088,23338315440,296352
2333,23340189376,23348019088,23348208464,189376
2334,23350260752,23358019088,23358279840,260752
2335,23360277616,23368019088,23368296704,277616
2336,23370311632,23378019088,23378330720,311632
2337,23380314432,23388019088,23388333520,314432
2338,23390161184,23398019088,23398180272,161184
2339,23400234448,23408019088,23408253536,234448
2340,23410302016,23418019088,23418321104,302016
2341,23420214080,23428019088,23428233168,214080
2342,23430293536,23438019088,23438312624,293536
2343,23440326912,23448019088,23448346000,326912
2344,23450185616,23458019088,23458204704,185616
2345,23460125440,23468019088,23468144528,125440
2346,23470235376,23478019088,23478254464,235376
2347,23480202960,23488019088,23488222048,202960
2348,23490204000,23498019088,23498223088,204000
2349,23500219552,23508019088,23508238640,219552
2350,23510276992,23518019088,23518296080,276992
2351,23520188512,23528019088,23528207600,188512
2352,23530216928,23538019088,23538236016,216928
2353,23540228320,23548019088,23548247408,228320
2354,23550223840,23558019088,23558242928,223840
2355,23560211696,23568019088,23568230784,211696
2356,23570234400,23578019088,23578253488,234400
2357,23580173824,23588019088,23588192912,173824
2358,23590221328,23598019088,23598240416,221328
2359,23600236352,23608019088,23608255440,236352
2360,23610151504,23618019088,23618170592,151504
2361,23620190624,23628019088,23628209712,190624
2362,23630247488,23638019088,23638266576,247488
2363,23640294480,23648019088,23648313568,294480
2364,23650209472,23658019088,23658228560,209472
2365,23660195696,23668019088,23668214784,195696
2366,23670259664,23678019088,23678278752,259664
2367,23680283856,23688019088,23688302944,283856
2368,23690216768,23698019088,23698235856,216768
2369,23700161344,23708019088,23708180432,161344
2370,23710225200,23718019088,23718244288,225200
2371,23720198992,23728019088,23728218080,198992
2372,23730183264,23738019088,23738202352,183264
2373,23740211920,23748019088,23748231008,211920
2374,23750199520,23758019088,23758218608,199520
2375,23760258688,23768019088,23768277776,258688
2376,23770171200,23778019088,23778190288,171200
2377,23780203024,23788019088,23788222112,203024
2378,23790152224,23798019088,23798171312,152224
2379,23800187216,23808019088,23808206304,187216
2380,23810252128,23818019088,23818271216,252128
2381,23820118352,23828019088,23828137440,118352
2382,23830131184,23838019088,23838150272,131184
2383,23840262704,23848019088,23848281792,262704
2384,23850207184,23858019088,23858226272,207184
2385,23860274672,23868019088,23868293760,274672
2386,23870335392,23878019088,23878354480,335392
2387,23880291856,23888019088,23888310944,291856
2388,23890255808,23898019088,23898274896,255808
2389,23900249872,23908019088,23908268960,249872
2390,23910184304,23918019088,23918203392,184304
2391,23920207648,23928019088,23928226736,207648
2392,23930171344,23938019088,23938190432,171344
2393,23940137648,23948019088,23948156736,137648
2394,23950123872,23958019088,23958142960,123872
2395,23960230960,23968019088,23968250048,230960
2396,23970075808,23978019088,23978094896,75808
2397,23980157168,23988019088,23988176256,157168
2398,23990149408,23998019088,23998168496,149408
2399,24000189968,24008019088,24008209056,189968
2400,24010174528,24018019088,24018193616,174528
2401,24020131488,24028019088,24028150576,131488
2402,24030198816,24038019088,24038217904,198816
2403,24040148416,24048019088,24048167504,148416
2404,24050144608,24058019088,24058163696,144608
2405,24060136976,24068019088,24068156064,136976
2406,24070132480,24078019088,24078151568,132480
2407,24080161552,24088019088,24088180640,161552
2408,24090183536,24098019088,24098202624,183536
2409,24100119808,24108019088,24108138896,119808
2410,24110173248,24118019088,24118192336,173248
2411,24120189888,24128019088,24128208976,189888
2412,24130165600,24138019088,24138184688,165600
2413,24140160880,24148019088,24148179968,160880
2414,24150223296,24158019088,24158242384,223296
2415,24160195632,24168019088,24168214720,195632
2416,24170202256,24178019088,24178221344,202256
2417,24180099280,24188019088,24188118368,99280
2418,24190080144,24198019088,24198099232,80144
2419,24200167568,24208019088,24208186656,167568
2420,24210281936,24218019088,24218301024,281936
2421,24220269120,24228019088,24228288208,269120
2422,24230156928,24238019088,24238176016,156928
2423,24240233120,24248019088,24248252208,233120
2424,24250155152,24258019088,24258174240,155152
2425,24260101392,24268019088,24268120480,101392
2426,24270117696,24278019088,24278136784,117696
2427,24280041184,24288019088,24288060272,41184
2428,24290071664,24298019088,24298090752,71664
2429,24300046592,24308019088,24308065680,46592
2430,24310040992,24318019088,24318060080,40992
2431,24320038928,24328019088,24328058016,38928
2432,24330024048,24338019088,24338043136,24048
2433,24340019328,24348019088,24348038416,19328
2434,24350045760,24358019088,24358064848,45760
2435,24360102448,24368019088,24368121536,102448
2436,24370106064,24378019088,24378125152,106064
2437,24380091072,24388019088,24388110160,91072
2438,24390120224,24398019088,24398139312,120224
2439,24400250448,24408019088,24408269536,250448
2440,24410141344,24418019088,24418160432,141344
2441,24420185984,24428019088,24428205072,185984
2442,24430253104,24438019088,24438272192,253104
2443,24440320464,24448019088,24448339552,320464
2444,24450236944,24458019088,24458256032,236944
2445,24460223600,24468019088,24468242688,223600
2446,24470286560,24478019088,24478305648,286560
2447,24480294992,24488019088,24488314080,294992
2448,24490141664,24498019088,24498160752,141664
2449,24500225040,24508019088,24508244128,225040
2450,24510340160,24518019088,24518359248,340160
2451,24520132160,24528019088,24528151248,132160
2452,24530182480,24538019088,24538201568,182480
2453,24540170368,24548019088,24548189456,170368
2454,24550198176,24558019088,24558217264,198176
2455,24560183904,24568019088,24568202992,183904
2456,24570178976,24578019088,24578198064,178976
2457,24580169168,24588019088,24588188256,169168
2458,24590130080,24598019088,24598149168,130080
2459,24600176784,24608019088,24608195872,176784
2460,24610210016,24618019088,24618229104,210016
2461,24620142256,24628019088,24628161344,142256
2462,24630169952,24638019088,24638189040,169952
2463,24640154736,24648019088,24648173824,154736
2464,24650191712,24658019088,24658210800,191712
2465,24660166048,24668019088,24668185136,166048
2466,24670167856,24678019088,24678186944,167856
2467,24680199264,24688019088,24688218352,199264
2468,24690124048,24698019088,24698143136,124048
2469,24700198272,24708019088,24708217360,198272
2470,24710193280,24718019088,24718212368,193280
2471,24720146208,24728019088,24728165296,146208
2472,24730179712,24738019088,24738198800,179712
2473,24740126720,24748019088,24748145808,126720
2474,24750122144,24758019088,24758141232,122144
2475,24760200976,24768019088,24768220064,200976
2476,24770156224,24778019088,24778175312,156224
2477,24780186672,24788019088,24788205760,186672
2478,24790138960,24798019088,24798158048,138960
2479,24800151472,24808019088,24808170560,151472
2480,24810179680,24818019088,24818198768,179680
2481,24820191056,24828019088,24828210144,191056
2482,24830144896,24838019088,24838163984,144896
2483,24840144816,24848019088,24848163904,144816
2484,24850178352,24858019088,24858197440,178352
2485,24860153088,24868019088,24868172176,153088
2486,24870156880,24878019088,24878175968,156880
2487,24880154448,24888019088,24888173536,154448
2488,24890153312,24898019088,24898172400,153312
2489,24900102912,24908019088,24908122000,102912
2490,24910104720,24918019088,24918123808,104720
2491,24920122704,24928019088,24928141792,122704
2492,24930168368,24938019088,24938187456,168368
2493,24940167136,24948019088,24948186224,167136
2494,24950186592,24958019088,24958205680,186592
2495,24960143216,24968019088,24968162304,143216
2496,24970127376,24978019088,24978146464,127376
2497,24980214640,24988019088,24988233728,214640
2498,24990139040,24998019088,24998158128,139040
2499,25000163440,25008019088,25008182528,163440
2500,25010164192,25018019088,25018183280,164192
2501,25020132688,25028019088,25028151776,132688
2502,25030188576,25038019088,25038207664,188576
2503,25040368864,25048019088,25048387952,368864
2504,25050438656,25058019088,25058457744,438656
2505,25060401456,25068019088,25068420544,401456
2506,25070315056,25078019088,25078334144,315056
2507,25080293008,25088019088,25088312096,293008
2508,25090121680,25098019088,25098140768,121680
2509,25100130624,25108019088,25108149712,130624
2510,25110165696,25118019088,25118184784,165696
2511,25120178384,25128019088,25128197472,178384
2512,25130244576,25138019088,25138263664,244576
2513,25140242944,25148019088,25148262032,242944
2514,25150183936,25158019088,25158203024,183936
2515,25160380736,25168019088,25168399824,380736
2516,25170206656,25178019088,25178225744,206656
2517,25180229136,25188019088,25188248224,229136
2518,25190126816,25198019088,25198145904,126816
2519,25200173264,25208019088,25208192352,173264
2520,25210192832,25218019088,25218211920,192832
2521,25220268240,25228019088,25228287328,268240
2522,25230173344,25238019088,25238192432,173344
2523,25240171296,25248019088,25248190384,171296
2524,25250217344,25258019088,25258236432,217344
2525,25260170608,25268019088,25268189696,170608
2526,25270178656,25278019088,25278197744,178656
2527,25280170480,25288019088,25288189568,170480
2528,25290149456,25298019088,25298168544,149456
2529,25300155456,25308019088,25308174544,155456
2530,25310103872,25318019088,25318122960,103872
2531,25320054928,25328019088,25328074016,54928
2532,25330116144,25338019088,25338135232,116144
2533,25340094624,25348019088,25348113712,94624
2534,25350102368,25358019088,25358121456,102368
2535,25360157168,25368019088,25368176256,157168
2536,25370203472,25378019088,25378222560,203472
2537,25380152720,25388019088,25388171808,152720
2538,25390109184,25398019088,25398128272,109184
2539,25400117248,25408019088,25408136336,117248
2540,25410105536,25418019088,25418124624,105536
2541,25420080544,25428019088,25428099632,80544
2542,25430090176,25438019088,25438109264,90176
2543,25440077680,25448019088,25448096768,77680
2544,25450073008,25458019088,25458092096,73008
2545,25460106688,25468019088,25468125776,106688
2546,25470098784,25478019088,25478117872,98784
2547,25480115520,25488019088,25488134608,115520
2548,25490096832,25498019088,25498115920,96832
2549,25500167680,25508019088,25508186768,167680
2550,25510177088,25518019088,25518196176,177088
2551,25520127120,25528019088,25528146208,127120
2552,25530181552,25538019088,25538200640,181552
2553,25540173072,25548019088,25548192160,173072
2554,25550062976,25558019088,25558082064,62976
2555,25560048720,25568019088,25568067808,48720
2556,25570081568,25578019088,25578100656,81568
2557,25580101056,25588019088,25588120144,101056
2558,25590111680,25598019088,25598130768,111680
2559,25600105344,25608019088,25608124432,105344
PERIODIC LATENCY CHUNK end=2560
2560,25610065616,25618019088,25618084704,65616
2561,25620097328,25628019088,25628116416,97328
2562,25630055616,25638019088,25638074704,55616
2563,25640051168,25648019088,25648070256,51168
2564,25650077024,25658019088,25658096112,77024
2565,25660048176,25668019088,25668067264,48176
2566,25670091408,25678019088,25678110496,91408
2567,25680075056,25688019088,25688094144,75056
2568,25690056048,25698019088,25698075136,56048
2569,25700047680,25708019088,25708066768,47680
2570,25710046576,25718019088,25718065664,46576
2571,25720064784,25728019088,25728083872,64784
2572,25730081568,25738019088,25738100656,81568
2573,25740125120,25748019088,25748144208,125120
2574,25750220960,25758019088,25758240048,220960
2575,25760137216,25768019088,25768156304,137216
2576,25770061296,25778019088,25778080384,61296
2577,25780095360,25788019088,25788114448,95360
2578,25790050192,25798019088,25798069280,50192
2579,25800055040,25808019088,25808074128,55040
2580,25810073344,25818019088,25818092432,73344
2581,25820039904,25828019088,25828058992,39904
2582,25830068400,25838019088,25838087488,68400
2583,25840086384,25848019088,25848105472,86384
2584,25850079760,25858019088,25858098848,79760
2585,25860065088,25868019088,25868084176,65088
2586,25870069248,25878019088,25878088336,69248
2587,25880112640,25888019088,25888131728,112640
2588,25890065264,25898019088,25898084352,65264
2589,25900052240,25908019088,25908071328,52240
2590,25910071488,25918019088,25918090576,71488
2591,25920060944,25928019088,25928080032,60944
2592,25930049824,25938019088,25938068912,49824
2593,25940061440,25948019088,25948080528,61440
2594,25950081424,25958019088,25958100512,81424
2595,25960052192,25968019088,25968071280,52192
2596,25970084848,25978019088,25978103936,84848
2597,25980060768,25988019088,25988079856,60768
2598,25990069312,25998019088,25998088400,69312
2599,26000079024,26008019088,26008098112,79024
2600,26010054880,26018019088,26018073968,54880
2601,26020062160,26028019088,26028081248,62160
2602,26030101168,26038019088,26038120256,101168
2603,26040072384,26048019088,26048091472,72384
2604,26050047632,26058019088,26058066720,47632
2605,26060051456,26068019088,26068070544,51456
2606,26070055904,26078019088,26078074992,55904
2607,26080096640,26088019088,26088115728,96640
2608,26090044528,26098019088,26098063616,44528
2609,26100041840,26108019088,26108060928,41840
2610,26110073120,26118019088,26118092208,73120
2611,26120052016,26128019088,26128071104,52016
2612,26130078464,26138019088,26138097552,78464
2613,26140082352,26148019088,26148101440,82352
2614,26150091408,26158019088,26158110496,91408
2615,26160072432,26168019088,26168091520,72432
2616,26170095184,26178019088,26178114272,95184
2617,26180070736,26188019088,26188089824,70736
2618,26190158960,26198019088,26198178048,158960
2619,26200079712,26208019088,26208098800,79712
2620,26210089296,26218019088,26218108384,89296
2621,26220068848,26228019088,26228087936,68848
2622,26230089936,26238019088,26238109024,89936
2623,26240109072,26248019088,26248128160,109072
2624,26250076640,26258019088,26258095728,76640
2625,26260243648,26268019088,26268262736,243648
2626,26270253424,26278019088,26278272512,253424
2627,26280092352,26288019088,26288111440,92352
2628,26290219776,26298019088,26298238864,219776
2629,26300197632,26308019088,26308216720,197632
2630,26310210432,26318019088,26318229520,210432
2631,26320113168,26328019088,26328132256,113168
2632,26330207488,26338019088,26338226576,207488
2633,26340198640,26348019088,26348217728,198640
2634,26350141472,26358019088,26358160560,141472
2635,26360104576,26368019088,26368123664,104576
2636,26370195312,26378019088,26378214400,195312
2637,26380207856,26388019088,26388226944,207856
2638,26390205936,26398019088,26398225024,205936
2639,26400235712,26408019088,26408254800,235712
2640,26410199168,26418019088,26418218256,199168
2641,26420094288,26428019088,26428113376,94288
2642,26430054736,26438019088,26438073824,54736
2643,26440165328,26448019088,26448184416,165328
2644,26450087424,26458019088,26458106512,87424
2645,26460181360,26468019088,26468200448,181360
2646,26470234032,26478019088,26478253120,234032
2647,26480205360,26488019088,26488224448,205360
2648,26490241184,26498019088,26498260272,241184
2649,26500223680,26508019088,26508242768,223680
2650,26510218928,26518019088,26518238016,218928
2651,26520089472,26528019088,26528108560,89472
2652,26530219680,26538019088,26538238768,219680
2653,26540119744,26548019088,26548138832,119744
2654,26550195664,26558019088,26558214752,195664
2655,26560220992,26568019088,26568240080,220992
2656,26570335904,26578019088,26578354992,335904
2657,26580055664,26588019088,26588074752,55664
2658,26590050864,26598019088,26598069952,50864
2659,26600042656,26608019088,26608061744,42656
2660,26610062080,26618019088,26618081168,62080
2661,26620049104,26628019088,26628068192,49104
2662,26630084848,26638019088,26638103936,84848
2663,26640017792,26648019088,26648036880,17792
2664,26650070768,26658019088,26658089856,70768
2665,26660068512,26668019088,26668087600,68512
2666,26670065056,26678019088,26678084144,65056
2667,26680084624,26688019088,26688103712,84624
2668,26690118480,26698019088,26698137568,118480
2669,26700226528,26708019088,26708245616,226528
2670,26710136432,26718019088,26718155520,136432
2671,26720166416,26728019088,26728185504,166416
2672,26730099120,26738019088,26738118208,99120
2673,26740107728,26748019088,26748126816,107728
2674,26750200848,26758019088,26758219936,200848
2675,26760161824,26768019088,26768180912,161824
2676,26770192272,26778019088,26778211360,192272
2677,26780085840,26788019088,26788104928,85840
2678,26790094512,26798019088,26798113600,94512
2679,26800053168,26808019088,26808072256,53168
2680,26810050544,26818019088,26818069632,50544
2681,26820055008,26828019088,26828074096,55008
2682,26830051424,26838019088,26838070512,51424
2683,26840052352,26848019088,26848071440,52352
2684,26850069584,26858019088,26858088672,69584
2685,26860063024,26868019088,26868082112,63024
2686,26870052208,26878019088,26878071296,52208
2687,26880074240,26888019088,26888093328,74240
2688,26890047760,26898019088,26898066848,47760
2689,26900072336,26908019088,26908091424,72336
2690,26910077968,26918019088,26918097056,77968
2691,26920043088,26928019088,26928062176,43088
2692,26930082416,26938019088,26938101504,82416
2693,26940073216,26948019088,26948092304,73216
2694,26950053792,26958019088,26958072880,53792
2695,26960034864,26968019088,26968053952,34864
2696,26970062224,26978019088,26978081312,62224
2697,26980103792,26988019088,26988122880,103792
2698,26990080352,26998019088,26998099440,80352
2699,27000052448,27008019088,27008071536,52448
2700,27010078144,27018019088,27018097232,78144
2701,27020062640,27028019088,27028081728,62640
2702,27030077216,27038019088,27038096304,77216
2703,27040078640,27048019088,27048097728,78640
2704,27050037520,27058019088,27058056608,37520
2705,27060072416,27068019088,27068091504,72416
2706,27070074464,27078019088,27078093552,74464
2707,27080063776,27088019088,27088082864,63776
2708,27090042544,27098019088,27098061632,42544
2709,27100086992,27108019088,27108106080,86992
2710,27110064704,27118019088,27118083792,64704
2711,27120065920,27128019088,27128085008,65920
2712,27130046800,27138019088,27138065888,46800
2713,27140070528,27148019088,27148089616,70528
2714,27150076496,27158019088,27158095584,76496
2715,27160082784,27168019088,27168101872,82784
2716,27170077024,27178019088,27178096112,77024
2717,27180090640,27188019088,27188109728,90640
2718,27190048848,27198019088,27198067936,48848
2719,27200046480,27208019088,27208065568,46480
2720,27210043136,27218019088,27218062224,43136
2721,27220075920,27228019088,27228095008,75920
2722,27230064256,27238019088,27238083344,64256
2723,27240080512,27248019088,27248099600,80512
2724,27250077024,27258019088,27258096112,77024
2725,27260055696,27268019088,27268074784,55696
2726,27270077152,27278019088,27278096240,77152
2727,27280033744,27288019088,27288052832,33744
2728,27290047104,27298019088,27298066192,47104
2729,27300077072,27308019088,27308096160,77072
2730,27310057952,27318019088,27318077040,57952
2731,27320055840,27328019088,27328074928,55840
2732,27330094512,27338019088,27338113600,94512
2733,27340012192,27348019088,27348031280,12192
2734,27350050480,27358019088,27358069568,50480
2735,27360021824,27368019088,27368040912,21824
2736,27370024928,27378019088,27378044016,24928
2737,27380016576,27388019088,27388035664,16576
2738,27390004704,27398019088,27398023792,4704
2739,27400002656,27408019088,27408021744,2656
2740,27410036224,27418019088,27418055312,36224
2741,27420050736,27428019088,27428069824,50736
2742,27430028736,27438019088,27438047824,28736
2743,27440061792,27448019088,27448080880,61792
2744,27450048960,27458019088,27458068048,48960
2745,27460026368,27468019088,27468045456,26368
2746,27470108608,27478019088,27478127696,108608
2747,27480047072,27488019088,27488066160,47072
2748,27490052960,27498019088,27498072048,52960
2749,27500059968,27508019088,27508079056,59968
2750,27510070304,27518019088,27518089392,70304
2751,27520063440,27528019088,27528082528,63440
2752,27530049008,27538019088,27538068096,49008
2753,27540068288,27548019088,27548087376,68288
2754,27550073984,27558019088,27558093072,73984
2755,27560043904,27568019088,27568062992,43904
2756,27570071808,27578019088,27578090896,71808
2757,27580091792,27588019088,27588110880,91792
2758,27590095616,27598019088,27598114704,95616
2759,27600232080,27608019088,27608251168,232080
2760,27610197136,27618019088,27618216224,197136
2761,27620207104,27628019088,27628226192,207104
2762,27630204096,27638019088,27638223184,204096
2763,27640149744,27648019088,27648168832,149744
2764,27650213888,27658019088,27658232976,213888
2765,27660230176,27668019088,27668249264,230176
2766,27670228688,27678019088,27678247776,228688
2767,27680124304,27688019088,27688143392,124304
2768,27690104240,27698019088,27698123328,104240
2769,27700237632,27708019088,27708256720,237632
2770,27710235680,27718019088,27718254768,235680
2771,27720194592,27728019088,27728213680,194592
2772,27730117856,27738019088,27738136944,117856
2773,27740109168,27748019088,27748128256,109168
2774,27750115376,27758019088,27758134464,115376
2775,27760067760,27768019088,27768086848,67760
2776,27770068912,27778019088,27778088000,68912
2777,27780122896,27788019088,27788141984,122896
2778,27790213760,27798019088,27798232848,213760
2779,27800185776,27808019088,27808204864,185776
2780,27810173632,27818019088,27818192720,173632
2781,27820183760,27828019088,27828202848,183760
2782,27830215072,27838019088,27838234160,215072
2783,27840152288,27848019088,27848171376,152288
2784,27850210064,27858019088,27858229152,210064
2785,27860265536,27868019088,27868284624,265536
2786,27870235984,27878019088,27878255072,235984
2787,27880190752,27888019088,27888209840,190752
2788,27890200000,27898019088,27898219088,200000
2789,27900226816,27908019088,27908245904,226816
2790,27910212864,27918019088,27918231952,212864
2791,27920118640,27928019088,27928137728,118640
2792,27930235280,27938019088,27938254368,235280
2793,27940269808,27948019088,27948288896,269808
2794,27950235120,27958019088,27958254208,235120
2795,27960164928,27968019088,27968184016,164928
2796,27970140272,27978019088,27978159360,140272
2797,27980172288,27988019088,27988191376,172288
2798,27990240096,27998019088,27998259184,240096
2799,28000229808,28008019088,28008248896,229808
2800,28010209152,28018019088,28018228240,209152
2801,28020195936,28028019088,28028215024,195936
2802,28030211568,28038019088,28038230656,211568
2803,28040157136,28048019088,28048176224,157136
2804,28050074896,28058019088,28058093984,74896
2805,28060064912,28068019088,28068084000,64912
2806,28070066416,28078019088,28078085504,66416
2807,28080037824,28088019088,28088056912,37824
2808,28090067104,28098019088,28098086192,67104
2809,28100159440,28108019088,28108178528,159440
2810,28110238800,28118019088,28118257888,238800
2811,28120220544,28128019088,28128239632,220544
2812,28130378688,28138019088,28138397776,378688
2813,28140382224,28148019088,28148401312,382224
2814,28150391584,28158019088,28158410672,391584
2815,28160269712,28168019088,28168288800,269712
PERIODIC LATENCY CHUNK end=2816
2816,28170237088,28178019088,28178256176,237088
2817,28180147696,28188019088,28188166784,147696
2818,28190073264,28198019088,28198092352,73264
2819,28200043488,28208019088,28208062576,43488
2820,28210068448,28218019088,28218087536,68448
2821,28220095296,28228019088,28228114384,95296
2822,28230170336,28238019088,28238189424,170336
2823,28240182080,28248019088,28248201168,182080
2824,28250258848,28258019088,28258277936,258848
2825,28260228048,28268019088,28268247136,228048
2826,28270396768,28278019088,28278415856,396768
2827,28280227504,28288019088,28288246592,227504
2828,28290163008,28298019088,28298182096,163008
2829,28300169792,28308019088,28308188880,169792
2830,28310232352,28318019088,28318251440,232352
2831,28320175184,28328019088,28328194272,175184
2832,28330181376,28338019088,28338200464,181376
2833,28340116816,28348019088,28348135904,116816
2834,28350128144,28358019088,28358147232,128144
2835,28360074320,28368019088,28368093408,74320
2836,28370053200,28378019088,28378072288,53200
2837,28380071344,28388019088,28388090432,71344
2838,28390070592,28398019088,28398089680,70592
2839,28400228736,28408019088,28408247824,228736
2840,28410197968,28418019088,28418217056,197968
2841,28420187760,28428019088,28428206848,187760
2842,28430206000,28438019088,28438225088,206000
2843,28440228080,28448019088,28448247168,228080
2844,28450183008,28458019088,28458202096,183008
2845,28460191712,28468019088,28468210800,191712
2846,28470244192,28478019088,28478263280,244192
2847,28480231424,28488019088,28488250512,231424
2848,28490135888,28498019088,28498154976,135888
2849,28500256448,28508019088,28508275536,256448
2850,28510231552,28518019088,28518250640,231552
2851,28520112272,28528019088,28528131360,112272
2852,28530228560,28538019088,28538247648,228560
2853,28540356912,28548019088,28548376000,356912
2854,28550318496,28558019088,28558337584,318496
2855,28560341136,28568019088,28568360224,341136
2856,28570342864,28578019088,28578361952,342864
2857,28580223008,28588019088,28588242096,223008
2858,28590210560,28598019088,28598229648,210560
2859,28600063568,28608019088,28608082656,63568
2860,28610052496,28618019088,28618071584,52496
2861,28620113392,28628019088,28628132480,113392
2862,28630054944,28638019088,28638074032,54944
2863,28640076880,28648019088,28648095968,76880
2864,28650068448,28658019088,28658087536,68448
2865,28660041984,28668019088,28668061072,41984
2866,28670080768,28678019088,28678099856,80768
2867,28680078352,28688019088,28688097440,78352
2868,28690073008,28698019088,28698092096,73008
2869,28700235360,28708019088,28708254448,235360
2870,28710226560,28718019088,28718245648,226560
2871,28720102592,28728019088,28728121680,102592
2872,28730153472,28738019088,28738172560,153472
2873,28740185600,28748019088,28748204688,185600
2874,28750231680,28758019088,28758250768,231680
2875,28760222048,28768019088,28768241136,222048
2876,28770125072,28778019088,28778144160,125072
2877,28780174256,28788019088,28788193344,174256
2878,28790208128,28798019088,28798227216,208128
2879,28800130000,28808019088,28808149088,130000
2880,28810230496,28818019088,28818249584,230496
2881,28820128000,28828019088,28828147088,128000
2882,28830144224,28838019088,28838163312,144224
2883,28840249520,28848019088,28848268608,249520
2884,28850211920,28858019088,28858231008,211920
2885,28860220400,28868019088,28868239488,220400
2886,28870230064,28878019088,28878249152,230064
2887,28880081568,28888019088,28888100656,81568
2888,28890079904,28898019088,28898098992,79904
2889,28900052704,28908019088,28908071792,52704
2890,28910087920,28918019088,28918107008,87920
2891,28920107824,28928019088,28928126912,107824
2892,28930065152,28938019088,28938084240,65152
2893,28940097152,28948019088,28948116240,97152
2894,28950202144,28958019088,28958221232,202144
2895,28960102144,28968019088,28968121232,102144
2896,28970213168,28978019088,28978232256,213168
2897,28980133872,28988019088,28988152960,133872
2898,28990211520,28998019088,28998230608,211520
2899,29000225056,29008019088,29008244144,225056
2900,29010370112,29018019088,29018389200,370112
2901,29020178176,29028019088,29028197264,178176
2902,29030253664,29038019088,29038272752,253664
2903,29040201984,29048019088,29048221072,201984
2904,29050104112,29058019088,29058123200,104112
2905,29060238128,29068019088,29068257216,238128
2906,29070257200,29078019088,29078276288,257200
2907,29080196624,29088019088,29088215712,196624
2908,29090122048,29098019088,29098141136,122048
2909,29100172064,29108019088,29108191152,172064
2910,29110231200,29118019088,29118250288,231200
2911,29120200720,29128019088,29128219808,200720
2912,29130211472,29138019088,29138230560,211472
2913,29140232720,29148019088,29148251808,232720
2914,29150246992,29158019088,29158266080,246992
2915,29160263104,29168019088,29168282192,263104
2916,29170147840,29178019088,29178166928,147840
2917,29180216688,29188019088,29188235776,216688
2918,29190069312,29198019088,29198088400,69312
2919,29200038976,29208019088,29208058064,38976
2920,29210050336,29218019088,29218069424,50336
2921,29220104560,29228019088,29228123648,104560
2922,29230028496,29238019088,29238047584,28496
2923,29240081264,29248019088,29248100352,81264
2924,29250062704,29258019088,29258081792,62704
2925,29260083104,29268019088,29268102192,83104
2926,29270078720,29278019088,29278097808,78720
2927,29280085984,29288019088,29288105072,85984
2928,29290260752,29298019088,29298279840,260752
2929,29300289792,29308019088,29308308880,289792
2930,29310277632,29318019088,29318296720,277632
2931,29320197264,29328019088,29328216352,197264
2932,29330237312,29338019088,29338256400,237312
2933,29340385936,29348019088,29348405024,385936
2934,29350385456,29358019088,29358404544,385456
2935,29360273856,29368019088,29368292944,273856
2936,29370216352,29378019088,29378235440,216352
2937,29380261312,29388019088,29388280400,261312
2938,29390249808,29398019088,29398268896,249808
2939,29400399616,29408019088,29408418704,399616
2940,29410287088,29418019088,29418306176,287088
2941,29420293616,29428019088,29428312704,293616
2942,29430357584,29438019088,29438376672,357584
2943,29440261648,29448019088,29448280736,261648
2944,29450206736,29458019088,29458225824,206736
2945,29460311504,29468019088,29468330592,311504
2946,29470278752,29478019088,29478297840,278752
2947,29480196864,29488019088,29488215952,196864
2948,29490130624,29498019088,29498149712,130624
2949,29500390160,29508019088,29508409248,390160
2950,29510341120,29518019088,29518360208,341120
2951,29520209344,29528019088,29528228432,209344
2952,29530320960,29538019088,29538340048,320960
2953,29540345024,29548019088,29548364112,345024
2954,29550276240,29558019088,29558295328,276240
2955,29560141664,29568019088,29568160752,141664
2956,29570236272,29578019088,29578255360,236272
2957,29580231888,29588019088,29588250976,231888
2958,29590256112,29598019088,29598275200,256112
2959,29600235648,29608019088,29608254736,235648
2960,29610187424,29618019088,29618206512,187424
2961,29620092480,29628019088,29628111568,92480
2962,29630046128,29638019088,29638065216,46128
2963,29640083744,29648019088,29648102832,83744
2964,29650073792,29658019088,29658092880,73792
2965,29660042656,29668019088,29668061744,42656
2966,29670068448,29678019088,29678087536,68448
2967,29680097984,29688019088,29688117072,97984
2968,29690115920,29698019088,29698135008,115920
2969,29700091168,29708019088,29708110256,91168
2970,29710095456,29718019088,29718114544,95456
2971,29720216720,29728019088,29728235808,216720
2972,29730076304,29738019088,29738095392,76304
2973,29740059008,29748019088,29748078096,59008
2974,29750056624,29758019088,29758075712,56624
2975,29760234544,29768019088,29768253632,234544
2976,29770151408,29778019088,29778170496,151408
2977,29780126384,29788019088,29788145472,126384
2978,29790207280,29798019088,29798226368,207280
2979,29800060256,29808019088,29808079344,60256
2980,29810082608,29818019088,29818101696,82608
2981,29820062720,29828019088,29828081808,62720
2982,29830060240,29838019088,29838079328,60240
2983,29840070720,29848019088,29848089808,70720
2984,29850094448,29858019088,29858113536,94448
2985,29860074816,29868019088,29868093904,74816
2986,29870078288,29878019088,29878097376,78288
2987,29880113088,29888019088,29888132176,113088
2988,29890059200,29898019088,29898078288,59200
2989,29900036320,29908019088,29908055408,36320
2990,29910118976,29918019088,29918138064,118976
2991,29920048352,29928019088,29928067440,48352
2992,29930067568,29938019088,29938086656,67568
2993,29940042656,29948019088,29948061744,42656
2994,29950058048,29958019088,29958077136,58048
2995,29960186416,29968019088,29968205504,186416
2996,29970051264,29978019088,29978070352,51264
2997,29980162304,29988019088,29988181392,162304
2998,29990130944,29998019088,29998150032,130944
2999,30000237088,30008019088,30008256176,237088
3000,30010183808,30018019088,30018202896,183808
3001,30020122672,30028019088,30028141760,122672
3002,30030223216,30038019088,30038242304,223216
3003,30040177616,30048019088,30048196704,177616
3004,30050208848,30058019088,30058227936,208848
3005,30060120848,30068019088,30068139936,120848
3006,30070224208,30078019088,30078243296,224208
3007,30080091808,30088019088,30088110896,91808
3008,30090044608,30098019088,30098063696,44608
3009,30100178304,30108019088,30108197392,178304
3010,30110261936,30118019088,30118281024,261936
3011,30120165136,30128019088,30128184224,165136
3012,30130119488,30138019088,30138138576,119488
3013,30140067728,30148019088,30148086816,67728
3014,30150063104,30158019088,30158082192,63104
3015,30160047424,30168019088,30168066512,47424
3016,30170064096,30178019088,30178083184,64096
3017,30180093088,30188019088,30188112176,93088
3018,30190051968,30198019088,30198071056,51968
3019,30200073936,30208019088,30208093024,73936
3020,30210074880,30218019088,30218093968,74880
3021,30220031216,30228019088,30228050304,31216
3022,30230073424,30238019088,30238092512,73424
3023,30240062368,30248019088,30248081456,62368
3024,30250097872,30258019088,30258116960,97872
3025,30260051152,30268019088,30268070240,51152
3026,30270099344,30278019088,30278118432,99344
3027,30280102896,30288019088,30288121984,102896
3028,30290065872,30298019088,30298084960,65872
3029,30300056640,30308019088,30308075728,56640
3030,30310054752,30318019088,30318073840,54752
3031,30320061136,30328019088,30328080224,61136
3032,30330051712,30338019088,30338070800,51712
3033,30340139952,30348019088,30348159040,139952
3034,30350265456,30358019088,30358284544,265456
3035,30360306672,30368019088,30368325760,306672
3036,30370260528,30378019088,30378279616,260528
3037,30380095360,30388019088,30388114448,95360
3038,30390089072,30398019088,30398108160,89072
3039,30400033296,30408019088,30408052384,33296
3040,30410031616,30418019088,30418050704,31616
3041,30420014352,30428019088,30428033440,14352
3042,30430058992,30438019088,30438078080,58992
3043,30440113424,30448019088,30448132512,113424
3044,30450069280,30458019088,30458088368,69280
3045,30460008976,30468019088,30468028064,8976
3046,30470008160,30478019088,30478027248,8160
3047,30480026432,30488019088,30488045520,26432
3048,30490053872,30498019088,30498072960,53872
3049,30500230576,30508019088,30508249664,230576
3050,30510222592,30518019088,30518241680,222592
3051,30520093040,30528019088,30528112128,93040
3052,30530210752,30538019088,30538229840,210752
3053,30540087536,30548019088,30548106624,87536
3054,30550077536,30558019088,30558096624,77536
3055,30560225984,30568019088,30568245072,225984
3056,30570113664,30578019088,30578132752,113664
3057,30580105088,30588019088,30588124176,105088
3058,30590109856,30598019088,30598128944,109856
3059,30600096496,30608019088,30608115584,96496
3060,30610077232,30618019088,30618096320,77232
3061,30620101904,30628019088,30628120992,101904
3062,30630050976,30638019088,30638070064,50976
3063,30640214816,30648019088,30648233904,214816
3064,30650218384,30658019088,30658237472,218384
3065,30660384656,30668019088,30668403744,384656
3066,30670351696,30678019088,30678370784,351696
3067,30680271840,30688019088,30688290928,271840
3068,30690325856,30698019088,30698344944,325856
3069,30700325376,30708019088,30708344464,325376
3070,30710389168,30718019088,30718408256,389168
3071,30720343376,30728019088,30728362464,343376
PERIODIC LATENCY CHUNK end=3072
3072,30730244704,30738019088,30738263792,244704
3073,30740326752,30748019088,30748345840,326752
3074,30750375616,30758019088,30758394704,375616
3075,30760388576,30768019088,30768407664,388576
3076,30770341168,30778019088,30778360256,341168
3077,30780174784,30788019088,30788193872,174784
3078,30790225280,30798019088,30798244368,225280
3079,30800230080,30808019088,30808249168,230080
3080,30810175232,30818019088,30818194320,175232
3081,30820153616,30828019088,30828172704,153616
3082,30830290944,30838019088,30838310032,290944
3083,30840210928,30848019088,30848230016,210928
3084,30850153104,30858019088,30858172192,153104
3085,30860132144,30868019088,30868151232,132144
3086,30870083056,30878019088,30878102144,83056
3087,30880094080,30888019088,30888113168,94080
3088,30890067424,30898019088,30898086512,67424
3089,30900038016,30908019088,30908057104,38016
3090,30910095680,30918019088,30918114768,95680
3091,30920032544,30928019088,30928051632,32544
3092,30930051216,30938019088,30938070304,51216
3093,30940073008,30948019088,30948092096,73008
3094,30950086656,30958019088,30958105744,86656
3095,30960212016,30968019088,30968231104,212016
3096,30970169584,30978019088,30978188672,169584
3097,30980207824,30988019088,30988226912,207824
3098,30990213520,30998019088,30998232608,213520
3099,31000230976,31008019088,31008250064,230976
3100,31010210944,31018019088,31018230032,210944
3101,31020226064,31028019088,31028245152,226064
3102,31030241040,31038019088,31038260128,241040
3103,31040279824,31048019088,31048298912,279824
3104,31050177120,31058019088,31058196208,177120
3105,31060159728,31068019088,31068178816,159728
3106,31070205920,31078019088,31078225008,205920
3107,31080097760,31088019088,31088116848,97760
3108,31090079888,31098019088,31098098976,79888
3109,31100184752,31108019088,31108203840,184752
3110,31110245792,31118019088,31118264880,245792
3111,31120232400,31128019088,31128251488,232400
3112,31130219600,31138019088,31138238688,219600
3113,31140180704,31148019088,31148199792,180704
3114,31150116464,31158019088,31158135552,116464
3115,31160083840,31168019088,31168102928,83840
3116,31170095648,31178019088,31178114736,95648
3117,31180072624,31188019088,31188091712,72624
3118,31190061280,31198019088,31198080368,61280
3119,31200036512,31208019088,31208055600,36512
3120,31210076192,31218019088,31218095280,76192
3121,31220058880,31228019088,31228077968,58880
3122,31230050720,31238019088,31238069808,50720
3123,31240029248,31248019088,31248048336,29248
3124,31250077376,31258019088,31258096464,77376
3125,31260081072,31268019088,31268100160,81072
3126,31270248496,31278019088,31278267584,248496
3127,31280128000,31288019088,31288147088,128000
3128,31290041680,31298019088,31298060768,41680
3129,31300064032,31308019088,31308083120,64032
3130,31310058832,31318019088,31318077920,58832
3131,31320095488,31328019088,31328114576,95488
3132,31330055536,31338019088,31338074624,55536
3133,31340070800,31348019088,31348089888,70800
3134,31350094512,31358019088,31358113600,94512
3135,31360088944,31368019088,31368108032,88944
3136,31370259424,31378019088,31378278512,259424
3137,31380044576,31388019088,31388063664,44576
3138,31390066320,31398019088,31398085408,66320
3139,31400067424,31408019088,31408086512,67424
3140,31410236416,31418019088,31418255504,236416
3141,31420188784,31428019088,31428207872,188784
3142,31430116240,31438019088,31438135328,116240
3143,31440102928,31448019088,31448122016,102928
3144,31450215424,31458019088,31458234512,215424
3145,31460186000,31468019088,31468205088,186000
3146,31470184448,31478019088,31478203536,184448
3147,31480125040,31488019088,31488144128,125040
3148,31490051808,31498019088,31498070896,51808
3149,31500074112,31508019088,31508093200,74112
3150,31510064912,31518019088,31518084000,64912
3151,31520042560,31528019088,31528061648,42560
3152,31530112048,31538019088,31538131136,112048
3153,31540033040,31548019088,31548052128,33040
3154,31550038400,31558019088,31558057488,38400
3155,31560079408,31568019088,31568098496,79408
3156,31570067936,31578019088,31578087024,67936
3157,31580042208,31588019088,31588061296,42208
3158,31590064368,31598019088,31598083456,64368
3159,31600076208,31608019088,31608095296,76208
3160,31610075120,31618019088,31618094208,75120
3161,31620081872,31628019088,31628100960,81872
3162,31630080144,31638019088,31638099232,80144
3163,31640049760,31648019088,31648068848,49760
3164,31650088464,31658019088,31658107552,88464
3165,31660135696,31668019088,31668154784,135696
3166,31670086000,31678019088,31678105088,86000
3167,31680074848,31688019088,31688093936,74848
3168,31690050720,31698019088,31698069808,50720
3169,31700055648,31708019088,31708074736,55648
3170,31710132368,31718019088,31718151456,132368
3171,31720118544,31728019088,31728137632,118544
3172,31730105296,31738019088,31738124384,105296
3173,31740070112,31748019088,31748089200,70112
3174,31750222032,31758019088,31758241120,222032
3175,31760222960,31768019088,31768242048,222960
3176,31770269280,31778019088,31778288368,269280
3177,31780216352,31788019088,31788235440,216352
3178,31790203120,31798019088,31798222208,203120
3179,31800226016,31808019088,31808245104,226016
3180,31810158752,31818019088,31818177840,158752
3181,31820224704,31828019088,31828243792,224704
3182,31830194880,31838019088,31838213968,194880
3183,31840232432,31848019088,31848251520,232432
3184,31850233600,31858019088,31858252688,233600
3185,31860221520,31868019088,31868240608,221520
3186,31870214720,31878019088,31878233808,214720
3187,31880194208,31888019088,31888213296,194208
3188,31890188608,31898019088,31898207696,188608
3189,31900204176,31908019088,31908223264,204176
3190,31910210096,31918019088,31918229184,210096
3191,31920189232,31928019088,31928208320,189232
3192,31930229952,31938019088,31938249040,229952
3193,31940240240,31948019088,31948259328,240240
3194,31950279600,31958019088,31958298688,279600
3195,31960241744,31968019088,31968260832,241744
3196,31970068368,31978019088,31978087456,68368
3197,31980074000,31988019088,31988093088,74000
3198,31990231376,31998019088,31998250464,231376
3199,32000116672,32008019088,32008135760,116672
3200,32010237024,32018019088,32018256112,237024
3201,32020104272,32028019088,32028123360,104272
3202,32030114784,32038019088,32038133872,114784
3203,32040090000,32048019088,32048109088,90000
3204,32050051600,32058019088,32058070688,51600
3205,32060070384,32068019088,32068089472,70384
3206,32070072368,32078019088,32078091456,72368
3207,32080091872,32088019088,32088110960,91872
3208,32090075488,32098019088,32098094576,75488
3209,32100101376,32108019088,32108120464,101376
3210,32110210144,32118019088,32118229232,210144
3211,32120248032,32128019088,32128267120,248032
3212,32130197152,32138019088,32138216240,197152
3213,32140210128,32148019088,32148229216,210128
3214,32150224400,32158019088,32158243488,224400
3215,32160242336,32168019088,32168261424,242336
3216,32170234048,32178019088,32178253136,234048
3217,32180194400,32188019088,32188213488,194400
3218,32190085616,32198019088,32198104704,85616
3219,32200176896,32208019088,32208195984,176896
3220,32210180784,32218019088,32218199872,180784
3221,32220199632,32228019088,32228218720,199632
3222,32230167408,32238019088,32238186496,167408
3223,32240187392,32248019088,32248206480,187392
3224,32250091728,32258019088,32258110816,91728
3225,32260161008,32268019088,32268180096,161008
3226,32270399568,32278019088,32278418656,399568
3227,32280167680,32288019088,32288186768,167680
3228,32290055616,32298019088,32298074704,55616
3229,32300187856,32308019088,32308206944,187856
3230,32310207504,32318019088,32318226592,207504
3231,32320155296,32328019088,32328174384,155296
3232,32330301408,32338019088,32338320496,301408
3233,32340307904,32348019088,32348326992,307904
3234,32350212592,32358019088,32358231680,212592
3235,32360170992,32368019088,32368190080,170992
3236,32370113600,32378019088,32378132688,113600
3237,32380255936,32388019088,32388275024,255936
3238,32390307648,32398019088,32398326736,307648
3239,32400125392,32408019088,32408144480,125392
3240,32410261824,32418019088,32418280912,261824
3241,32420242832,32428019088,32428261920,242832
3242,32430395808,32438019088,32438414896,395808
3243,32440291504,32448019088,32448310592,291504
3244,32450128160,32458019088,32458147248,128160
3245,32460236992,32468019088,32468256080,236992
3246,32470383648,32478019088,32478402736,383648
3247,32480175552,32488019088,32488194640,175552
3248,32490213504,32498019088,32498232592,213504
3249,32500255648,32508019088,32508274736,255648
3250,32510128912,32518019088,32518148000,128912
3251,32520180672,32528019088,32528199760,180672
3252,32530156240,32538019088,32538175328,156240
3253,32540213248,32548019088,32548232336,213248
3254,32550128480,32558019088,32558147568,128480
3255,32560319296,32568019088,32568338384,319296
3256,32570310192,32578019088,32578329280,310192
3257,32580274304,32588019088,32588293392,274304
3258,32590232336,32598019088,32598251424,232336
3259,32600279536,32608019088,32608298624,279536
3260,32610286656,32618019088,32618305744,286656
3261,32620114336,32628019088,32628133424,114336
3262,32630045536,32638019088,32638064624,45536
3263,32640231680,32648019088,32648250768,231680
3264,32650150864,32658019088,32658169952,150864
3265,32660232832,32668019088,32668251920,232832
3266,32670238048,32678019088,32678257136,238048
3267,32680159616,32688019088,32688178704,159616
3268,32690127936,32698019088,32698147024,127936
3269,32700130912,32708019088,32708150000,130912
3270,32710131360,32718019088,32718150448,131360
3271,32720180864,32728019088,32728199952,180864
3272,32730266624,32738019088,32738285712,266624
3273,32740200128,32748019088,32748219216,200128
3274,32750239088,32758019088,32758258176,239088
3275,32760219552,32768019088,32768238640,219552
3276,32770279152,32778019088,32778298240,279152
3277,32780159680,32788019088,32788178768,159680
3278,32790052544,32798019088,32798071632,52544
3279,32800074784,32808019088,32808093872,74784
3280,32810084672,32818019088,32818103760,84672
3281,32820079008,32828019088,32828098096,79008
3282,32830062624,32838019088,32838081712,62624
3283,32840081264,32848019088,32848100352,81264
3284,32850060352,32858019088,32858079440,60352
3285,32860105216,32868019088,32868124304,105216
3286,32870132944,32878019088,32878152032,132944
3287,32880103856,32888019088,32888122944,103856
3288,32890081984,32898019088,32898101072,81984
3289,32900209856,32908019088,32908228944,209856
3290,32910194896,32918019088,32918213984,194896
3291,32920139088,32928019088,32928158176,139088
3292,32930232576,32938019088,32938251664,232576
3293,32940230080,32948019088,32948249168,230080
3294,32950211856,32958019088,32958230944,211856
3295,32960132848,32968019088,32968151936,132848
3296,32970198864,32978019088,32978217952,198864
3297,32980100512,32988019088,32988119600,100512
3298,32990182064,32998019088,32998201152,182064
3299,33000322640,33008019088,33008341728,322640
3300,33010137616,33018019088,33018156704,137616
3301,33020300096,33028019088,33028319184,300096
3302,33030233664,33038019088,33038252752,233664
3303,33040254624,33048019088,33048273712,254624
3304,33050185104,33058019088,33058204192,185104
3305,33060120560,33068019088,33068139648,120560
3306,33070238768,33078019088,33078257856,238768
3307,33080136576,33088019088,33088155664,136576
3308,33090108784,33098019088,33098127872,108784
3309,33100327552,33108019088,33108346640,327552
3310,33110246960,33118019088,33118266048,246960
3311,33120165984,33128019088,33128185072,165984
3312,33130334320,33138019088,33138353408,334320
3313,33140330144,33148019088,33148349232,330144
3314,33150268624,33158019088,33158287712,268624
3315,33160366464,33168019088,33168385552,366464
3316,33170277552,33178019088,33178296640,277552
3317,33180192688,33188019088,33188211776,192688
3318,33190143008,33198019088,33198162096,143008
3319,33200222528,33208019088,33208241616,222528
3320,33210237472,33218019088,33218256560,237472
3321,33220282688,33228019088,33228301776,282688
3322,33230151552,33238019088,33238170640,151552
3323,33240257728,33248019088,33248276816,257728
3324,33250201648,33258019088,33258220736,201648
3325,33260234032,33268019088,33268253120,234032
3326,33270197824,33278019088,33278216912,197824
3327,33280236304,33288019088,33288255392,236304
PERIODIC LATENCY CHUNK end=3328
3328,33290207408,33298019088,33298226496,207408
3329,33300289856,33308019088,33308308944,289856
3330,33310177184,33318019088,33318196272,177184
3331,33320246720,33328019088,33328265808,246720
3332,33330376640,33338019088,33338395728,376640
3333,33340308624,33348019088,33348327712,308624
3334,33350326560,33358019088,33358345648,326560
3335,33360286496,33368019088,33368305584,286496
3336,33370405104,33378019088,33378424192,405104
3337,33380314336,33388019088,33388333424,314336
3338,33390228416,33398019088,33398247504,228416
3339,33400266800,33408019088,33408285888,266800
3340,33410273680,33418019088,33418292768,273680
3341,33420269488,33428019088,33428288576,269488
3342,33430259760,33438019088,33438278848,259760
3343,33440229760,33448019088,33448248848,229760
3344,33450147424,33458019088,33458166512,147424
3345,33460158656,33468019088,33468177744,158656
3346,33470069568,33478019088,33478088656,69568
3347,33480023200,33488019088,33488042288,23200
3348,33490018240,33498019088,33498037328,18240
3349,33500016256,33508019088,33508035344,16256
3350,33510046448,33518019088,33518065536,46448
3351,33520007296,33528019088,33528026384,7296
3352,33530068096,33538019088,33538087184,68096
3353,33540300512,33548019088,33548319600,300512
3354,33550211744,33558019088,33558230832,211744
3355,33560192016,33568019088,33568211104,192016
3356,33570100864,33578019088,33578119952,100864
3357,33580083392,33588019088,33588102480,83392
3358,33590089888,33598019088,33598108976,89888
3359,33600077488,33608019088,33608096576,77488
3360,33610103712,33618019088,33618122800,103712
3361,33620050752,33628019088,33628069840,50752
3362,33630168208,33638019088,33638187296,168208
3363,33640214896,33648019088,33648233984,214896
3364,33650171904,33658019088,33658190992,171904
3365,33660228032,33668019088,33668247120,228032
3366,33670249568,33678019088,33678268656,249568
3367,33680221168,33688019088,33688240256,221168
3368,33690203552,33698019088,33698222640,203552
3369,33700207920,33708019088,33708227008,207920
3370,33710256976,33718019088,33718276064,256976
3371,33720205744,33728019088,33728224832,205744
3372,33730186400,33738019088,33738205488,186400
3373,33740187968,33748019088,33748207056,187968
3374,33750228240,33758019088,33758247328,228240
3375,33760186800,33768019088,33768205888,186800
3376,33770175936,33778019088,33778195024,175936
3377,33780176560,33788019088,33788195648,176560
3378,33790186528,33798019088,33798205616,186528
3379,33800233264,33808019088,33808252352,233264
3380,33810182880,33818019088,33818201968,182880
3381,33820101456,33828019088,33828120544,101456
3382,33830089744,33838019088,33838108832,89744
3383,33840293632,33848019088,33848312720,293632
3384,33850277600,33858019088,33858296688,277600
3385,33860187616,33868019088,33868206704,187616
3386,33870218960,33878019088,33878238048,218960
3387,33880112416,33888019088,33888131504,112416
3388,33890130992,33898019088,33898150080,130992
3389,33900097856,33908019088,33908116944,97856
3390,33910121712,33918019088,33918140800,121712
3391,33920098800,33928019088,33928117888,98800
3392,33930097792,33938019088,33938116880,97792
3393,33940233296,33948019088,33948252384,233296
3394,33950242464,33958019088,33958261552,242464
3395,33960087328,33968019088,33968106416,87328
3396,33970235952,33978019088,33978255040,235952
3397,33980123536,33988019088,33988142624,123536
3398,33990048896,33998019088,33998067984,48896
3399,34000045328,34008019088,34008064416,45328
3400,34010021008,34018019088,34018040096,21008
3401,34020050000,34028019088,34028069088,50000
3402,34030099120,34038019088,34038118208,99120
3403,34040362992,34048019088,34048382080,362992
3404,34050316832,34058019088,34058335920,316832
3405,34060197856,34068019088,34068216944,197856
3406,34070174448,34078019088,34078193536,174448
3407,34080222624,34088019088,34088241712,222624
3408,34090088128,34098019088,34098107216,88128
3409,34100192880,34108019088,34108211968,192880
3410,34110233696,34118019088,34118252784,233696
3411,34120093920,34128019088,34128113008,93920
3412,34130096272,34138019088,34138115360,96272
3413,34140100784,34148019088,34148119872,100784
3414,34150069504,34158019088,34158088592,69504
3415,34160104192,34168019088,34168123280,104192
3416,34170213008,34178019088,34178232096,213008
3417,34180239136,34188019088,34188258224,239136
3418,34190090144,34198019088,34198109232,90144
3419,34200069904,34208019088,34208088992,69904
3420,34210237760,34218019088,34218256848,237760
3421,34220207136,34228019088,34228226224,207136
3422,34230085104,34238019088,34238104192,85104
3423,34240048304,34248019088,34248067392,48304
3424,34250103760,34258019088,34258122848,103760
3425,34260083408,34268019088,34268102496,83408
3426,34270180464,34278019088,34278199552,180464
3427,34280235808,34288019088,34288254896,235808
3428,34290126048,34298019088,34298145136,126048
3429,34300143824,34308019088,34308162912,143824
3430,34310183904,34318019088,34318202992,183904
3431,34320195440,34328019088,34328214528,195440
3432,34330203968,34338019088,34338223056,203968
3433,34340143664,34348019088,34348162752,143664
3434,34350072240,34358019088,34358091328,72240
3435,34360086384,34368019088,34368105472,86384
3436,34370238880,34378019088,34378257968,238880
3437,34380252944,34388019088,34388272032,252944
3438,34390202112,34398019088,34398221200,202112
3439,34400225776,34408019088,34408244864,225776
3440,34410224400,34418019088,34418243488,224400
3441,34420197424,34428019088,34428216512,197424
3442,34430194480,34438019088,34438213568,194480
3443,34440227888,34448019088,34448246976,227888
3444,34450140448,34458019088,34458159536,140448
3445,34460161680,34468019088,34468180768,161680
3446,34470175696,34478019088,34478194784,175696
3447,34480206416,34488019088,34488225504,206416
3448,34490244960,34498019088,34498264048,244960
3449,34500116784,34508019088,34508135872,116784
3450,34510230224,34518019088,34518249312,230224
3451,34520231360,34528019088,34528250448,231360
3452,34530222096,34538019088,34538241184,222096
3453,34540222448,34548019088,34548241536,222448
3454,34550201840,34558019088,34558220928,201840
3455,34560203472,34568019088,34568222560,203472
3456,34570233520,34578019088,34578252608,233520
3457,34580317648,34588019088,34588336736,317648
3458,34590297616,34598019088,34598316704,297616
3459,34600120752,34608019088,34608139840,120752
3460,34610241696,34618019088,34618260784,241696
3461,34620250800,34628019088,34628269888,250800
3462,34630184768,34638019088,34638203856,184768
3463,34640250688,34648019088,34648269776,250688
3464,34650384704,34658019088,34658403792,384704
3465,34660230240,34668019088,34668249328,230240
3466,34670207104,34678019088,34678226192,207104
3467,34680402976,34688019088,34688422064,402976
3468,34690302112,34698019088,34698321200,302112
3469,34700285168,34708019088,34708304256,285168
3470,34710181152,34718019088,34718200240,181152
3471,34720259136,34728019088,34728278224,259136
3472,34730206400,34738019088,34738225488,206400
3473,34740337584,34748019088,34748356672,337584
3474,34750266880,34758019088,34758285968,266880
3475,34760197312,34768019088,34768216400,197312
3476,34770242112,34778019088,34778261200,242112
3477,34780403984,34788019088,34788423072,403984
3478,34790323328,34798019088,34798342416,323328
3479,34800277360,34808019088,34808296448,277360
3480,34810304432,34818019088,34818323520,304432
3481,34820300432,34828019088,34828319520,300432
3482,34830220064,34838019088,34838239152,220064
3483,34840300192,34848019088,34848319280,300192
3484,34850406976,34858019088,34858426064,406976
3485,34860235424,34868019088,34868254512,235424
3486,34870242928,34878019088,34878262016,242928
3487,34880397168,34888019088,34888416256,397168
3488,34890360832,34898019088,34898379920,360832
3489,34900240864,34908019088,34908259952,240864
3490,34910291856,34918019088,34918310944,291856
3491,34920323248,34928019088,34928342336,323248
3492,34930355024,34938019088,34938374112,355024
3493,34940396368,34948019088,34948415456,396368
3494,34950401136,34958019088,34958420224,401136
3495,34960105696,34968019088,34968124784,105696
3496,34970189936,34978019088,34978209024,189936
3497,34980328976,34988019088,34988348064,328976
3498,34990343744,34998019088,34998362832,343744
3499,35000389584,35008019088,35008408672,389584
3500,35010303296,35018019088,35018322384,303296
3501,35020347808,35028019088,35028366896,347808
3502,35030371520,35038019088,35038390608,371520
3503,35040332656,35048019088,35048351744,332656
3504,35050314768,35058019088,35058333856,314768
3505,35060194928,35068019088,35068214016,194928
3506,35070215984,35078019088,35078235072,215984
3507,35080390896,35088019088,35088409984,390896
3508,35090147760,35098019088,35098166848,147760
3509,35100189568,35108019088,35108208656,189568
3510,35110234368,35118019088,35118253456,234368
3511,35120217072,35128019088,35128236160,217072
3512,35130205696,35138019088,35138224784,205696
3513,35140257440,35148019088,35148276528,257440
3514,35150176496,35158019088,35158195584,176496
3515,35160175472,35168019088,35168194560,175472
3516,35170213488,35178019088,35178232576,213488
3517,35180132400,35188019088,35188151488,132400
3518,35190178688,35198019088,35198197776,178688
3519,35200201616,35208019088,35208220704,201616
3520,35210225808,35218019088,35218244896,225808
3521,35220157744,35228019088,35228176832,157744
3522,35230065568,35238019088,35238084656,65568
3523,35240161136,35248019088,35248180224,161136
3524,35250180448,35258019088,35258199536,180448
3525,35260149248,35268019088,35268168336,149248
3526,35270180880,35278019088,35278199968,180880
3527,35280242336,35288019088,35288261424,242336
3528,35290228288,35298019088,35298247376,228288
3529,35300400656,35308019088,35308419744,400656
3530,35310229024,35318019088,35318248112,229024
3531,35320215216,35328019088,35328234304,215216
3532,35330321232,35338019088,35338340320,321232
3533,35340308640,35348019088,35348327728,308640
3534,35350289808,35358019088,35358308896,289808
3535,35360360448,35368019088,35368379536,360448
3536,35370134384,35378019088,35378153472,134384
3537,35380299216,35388019088,35388318304,299216
3538,35390325488,35398019088,35398344576,325488
3539,35400392272,35408019088,35408411360,392272
3540,35410315376,35418019088,35418334464,315376
3541,35420342272,35428019088,35428361360,342272
3542,35430266832,35438019088,35438285920,266832
3543,35440405232,35448019088,35448424320,405232
3544,35450253024,35458019088,35458272112,253024
3545,35460261392,35468019088,35468280480,261392
3546,35470332432,35478019088,35478351520,332432
3547,35480400400,35488019088,35488419488,400400
3548,35490259744,35498019088,35498278832,259744
3549,35500253008,35508019088,35508272096,253008
3550,35510249952,35518019088,35518269040,249952
3551,35520229888,35528019088,35528248976,229888
3552,35530314240,35538019088,35538333328,314240
3553,35540367040,35548019088,35548386128,367040
3554,35550241312,35558019088,35558260400,241312
3555,35560201616,35568019088,35568220704,201616
3556,35570343776,35578019088,35578362864,343776
3557,35580278352,35588019088,35588297440,278352
3558,35590323584,35598019088,35598342672,323584
3559,35600374896,35608019088,35608393984,374896
3560,35610287152,35618019088,35618306240,287152
3561,35620230272,35628019088,35628249360,230272
3562,35630135040,35638019088,35638154128,135040
3563,35640148656,35648019088,35648167744,148656
3564,35650144144,35658019088,35658163232,144144
3565,35660128448,35668019088,35668147536,128448
3566,35670124560,35678019088,35678143648,124560
3567,35680205584,35688019088,35688224672,205584
3568,35690118240,35698019088,35698137328,118240
3569,35700216864,35708019088,35708235952,216864
3570,35710133152,35718019088,35718152240,133152
3571,35720205824,35728019088,35728224912,205824
3572,35730229472,35738019088,35738248560,229472
3573,35740166992,35748019088,35748186080,166992
3574,35750202624,35758019088,35758221712,202624
3575,35760100144,35768019088,35768119232,100144
3576,35770246816,35778019088,35778265904,246816
3577,35780269184,35788019088,35788288272,269184
3578,35790215888,35798019088,35798234976,215888
3579,35800311408,35808019088,35808330496,311408
3580,35810276304,35818019088,35818295392,276304
3581,35820201536,35828019088,35828220624,201536
3582,35830097664,35838019088,35838116752,97664
3583,35840134528,35848019088,35848153616,134528
PERIODIC LATENCY CHUNK end=3584
3584,35850094656,35858019088,35858113744,94656
3585,35860069376,35868019088,35868088464,69376
3586,35870077632,35878019088,35878096720,77632
3587,35880124400,35888019088,35888143488,124400
3588,35890108896,35898019088,35898127984,108896
3589,35900045984,35908019088,35908065072,45984
3590,35910021584,35918019088,35918040672,21584
3591,35920064144,35928019088,35928083232,64144
3592,35930087568,35938019088,35938106656,87568
3593,35940048784,35948019088,35948067872,48784
3594,35950212848,35958019088,35958231936,212848
3595,35960249296,35968019088,35968268384,249296
3596,35970200608,35978019088,35978219696,200608
3597,35980251568,35988019088,35988270656,251568
3598,35990178832,35998019088,35998197920,178832
3599,36000079984,36008019088,36008099072,79984
3600,36010151744,36018019088,36018170832,151744
3601,36020180736,36028019088,36028199824,180736
3602,36030176656,36038019088,36038195744,176656
3603,36040250064,36048019088,36048269152,250064
3604,36050249456,36058019088,36058268544,249456
3605,36060186016,36068019088,36068205104,186016
3606,36070374368,36078019088,36078393456,374368
3607,36080214000,36088019088,36088233088,214000
3608,36090136480,36098019088,36098155568,136480
3609,36100175040,36108019088,36108194128,175040
3610,36110136480,36118019088,36118155568,136480
3611,36120219952,36128019088,36128239040,219952
3612,36130112048,36138019088,36138131136,112048
3613,36140138064,36148019088,36148157152,138064
3614,36150075744,36158019088,36158094832,75744
3615,36160087264,36168019088,36168106352,87264
3616,36170044320,36178019088,36178063408,44320
3617,36180077376,36188019088,36188096464,77376
3618,36190056720,36198019088,36198075808,56720
3619,36200079568,36208019088,36208098656,79568
3620,36210202064,36218019088,36218221152,202064
3621,36220086416,36228019088,36228105504,86416
3622,36230078288,36238019088,36238097376,78288
3623,36240057392,36248019088,36248076480,57392
3624,36250069776,36258019088,36258088864,69776
3625,36260126256,36268019088,36268145344,126256
3626,36270099216,36278019088,36278118304,99216
3627,36280178544,36288019088,36288197632,178544
3628,36290132896,36298019088,36298151984,132896
3629,36300089360,36308019088,36308108448,89360
3630,36310071728,36318019088,36318090816,71728
3631,36320059664,36328019088,36328078752,59664
3632,36330101328,36338019088,36338120416,101328
3633,36340085872,36348019088,36348104960,85872
3634,36350046576,36358019088,36358065664,46576
3635,36360063152,36368019088,36368082240,63152
3636,36370134080,36378019088,36378153168,134080
3637,36380040224,36388019088,36388059312,40224
3638,36390043136,36398019088,36398062224,43136
3639,36400066880,36408019088,36408085968,66880
3640,36410145984,36418019088,36418165072,145984
3641,36420168704,36428019088,36428187792,168704
3642,36430228096,36438019088,36438247184,228096
3643,36440247808,36448019088,36448266896,247808
3644,36450197904,36458019088,36458216992,197904
3645,36460197376,36468019088,36468216464,197376
3646,36470213408,36478019088,36478232496,213408
3647,36480198768,36488019088,36488217856,198768
3648,36490115968,36498019088,36498135056,115968
3649,36500222544,36508019088,36508241632,222544
3650,36510160496,36518019088,36518179584,160496
3651,36520073104,36528019088,36528092192,73104
3652,36530135648,36538019088,36538154736,135648
3653,36540038608,36548019088,36548057696,38608
3654,36550042816,36558019088,36558061904,42816
3655,36560075088,36568019088,36568094176,75088
3656,36570152976,36578019088,36578172064,152976
3657,36580129424,36588019088,36588148512,129424
3658,36590143952,36598019088,36598163040,143952
3659,36600199696,36608019088,36608218784,199696
3660,36610164864,36618019088,36618183952,164864
3661,36620137232,36628019088,36628156320,137232
3662,36630073792,36638019088,36638092880,73792
3663,36640077184,36648019088,36648096272,77184
3664,36650050464,36658019088,36658069552,50464
3665,36660087152,36668019088,36668106240,87152
3666,36670129456,36678019088,36678148544,129456
3667,36680063168,36688019088,36688082256,63168
3668,36690063824,36698019088,36698082912,63824
3669,36700284160,36708019088,36708303248,284160
3670,36710058736,36718019088,36718077824,58736
3671,36720083008,36728019088,36728102096,83008
3672,36730071808,36738019088,36738090896,71808
3673,36740212608,36748019088,36748231696,212608
3674,36750154208,36758019088,36758173296,154208
3675,36760118704,36768019088,36768137792,118704
3676,36770141920,36778019088,36778161008,141920
3677,36780350608,36788019088,36788369696,350608
3678,36790255728,36798019088,36798274816,255728
3679,36800357680,36808019088,36808376768,357680
3680,36810236176,36818019088,36818255264,236176
3681,36820303088,36828019088,36828322176,303088
3682,36830292528,36838019088,36838311616,292528
3683,36840322496,36848019088,36848341584,322496
3684,36850291472,36858019088,36858310560,291472
3685,36860409888,36868019088,36868428976,409888
3686,36870283936,36878019088,36878303024,283936
3687,36880357744,36888019088,36888376832,357744
3688,36890347472,36898019088,36898366560,347472
3689,36900373696,36908019088,36908392784,373696
3690,36910299328,36918019088,36918318416,299328
3691,36920158048,36928019088,36928177136,158048
3692,36930366464,36938019088,36938385552,366464
3693,36940302544,36948019088,36948321632,302544
3694,36950326384,36958019088,36958345472,326384
3695,36960280480,36968019088,36968299568,280480
3696,36970310576,36978019088,36978329664,310576
3697,36980204144,36988019088,36988223232,204144
3698,36990259936,36998019088,36998279024,259936
3699,37000222768,37008019088,37008241856,222768
3700,37010209616,37018019088,37018228704,209616
3701,37020217360,37028019088,37028236448,217360
3702,37030207152,37038019088,37038226240,207152
3703,37040329168,37048019088,37048348256,329168
3704,37050419072,37058019088,37058438160,419072
3705,37060393872,37068019088,37068412960,393872
3706,37070390416,37078019088,37078409504,390416
3707,37080324912,37088019088,37088344000,324912
3708,37090247696,37098019088,37098266784,247696
3709,37100335328,37108019088,37108354416,335328
3710,37110239232,37118019088,37118258320,239232
3711,37120266512,37128019088,37128285600,266512
3712,37130284336,37138019088,37138303424,284336
3713,37140293424,37148019088,37148312512,293424
3714,37150235248,37158019088,37158254336,235248
3715,37160190544,37168019088,37168209632,190544
3716,37170207952,37178019088,37178227040,207952
3717,37180183712,37188019088,37188202800,183712
3718,37190162096,37198019088,37198181184,162096
3719,37200194544,37208019088,37208213632,194544
3720,37210283280,37218019088,37218302368,283280
3721,37220373424,37228019088,37228392512,373424
3722,37230270768,37238019088,37238289856,270768
3723,37240325872,37248019088,37248344960,325872
3724,37250368128,37258019088,37258387216,368128
3725,37260407296,37268019088,37268426384,407296
3726,37270392288,37278019088,37278411376,392288
3727,37280320432,37288019088,37288339520,320432
3728,37290366672,37298019088,37298385760,366672
3729,37300316176,37308019088,37308335264,316176
3730,37310226800,37318019088,37318245888,226800
3731,37320221856,37328019088,37328240944,221856
3732,37330375808,37338019088,37338394896,375808
3733,37340417584,37348019088,37348436672,417584
3734,37350359904,37358019088,37358378992,359904
3735,37360400880,37368019088,37368419968,400880
3736,37370401920,37378019088,37378421008,401920
3737,37380213104,37388019088,37388232192,213104
3738,37390276736,37398019088,37398295824,276736
3739,37400119888,37408019088,37408138976,119888
3740,37410102160,37418019088,37418121248,102160
3741,37420064208,37428019088,37428083296,64208
3742,37430058080,37438019088,37438077168,58080
3743,37440080208,37448019088,37448099296,80208
3744,37450097088,37458019088,37458116176,97088
3745,37460040992,37468019088,37468060080,40992
3746,37470098736,37478019088,37478117824,98736
3747,37480087728,37488019088,37488106816,87728
3748,37490107360,37498019088,37498126448,107360
3749,37500085392,37508019088,37508104480,85392
3750,37510079856,37518019088,37518098944,79856
3751,37520116048,37528019088,37528135136,116048
3752,37530256112,37538019088,37538275200,256112
3753,37540121952,37548019088,37548141040,121952
3754,37550137792,37558019088,37558156880,137792
3755,37560185408,37568019088,37568204496,185408
3756,37570198480,37578019088,37578217568,198480
3757,37580194448,37588019088,37588213536,194448
3758,37590090112,37598019088,37598109200,90112
3759,37600130832,37608019088,37608149920,130832
3760,37610186864,37618019088,37618205952,186864
3761,37620105440,37628019088,37628124528,105440
3762,37630189008,37638019088,37638208096,189008
3763,37640122320,37648019088,37648141408,122320
3764,37650114256,37658019088,37658133344,114256
3765,37660137248,37668019088,37668156336,137248
3766,37670236016,37678019088,37678255104,236016
3767,37680080688,37688019088,37688099776,80688
3768,37690277424,37698019088,37698296512,277424
3769,37700410752,37708019088,37708429840,410752
3770,37710316240,37718019088,37718335328,316240
3771,37720252672,37728019088,37728271760,252672
3772,37730083904,37738019088,37738102992,83904
3773,37740088688,37748019088,37748107776,88688
3774,37750334112,37758019088,37758353200,334112
3775,37760296256,37768019088,37768315344,296256
3776,37770190848,37778019088,37778209936,190848
3777,37780286512,37788019088,37788305600,286512
3778,37790361088,37798019088,37798380176,361088
3779,37800238800,37808019088,37808257888,238800
3780,37810130480,37818019088,37818149568,130480
3781,37820121904,37828019088,37828140992,121904
3782,37830128688,37838019088,37838147776,128688
3783,37840261456,37848019088,37848280544,261456
3784,37850357808,37858019088,37858376896,357808
3785,37860384800,37868019088,37868403888,384800
3786,37870378320,37878019088,37878397408,378320
3787,37880244560,37888019088,37888263648,244560
3788,37890305376,37898019088,37898324464,305376
3789,37900258896,37908019088,37908277984,258896
3790,37910244528,37918019088,37918263616,244528
3791,37920169792,37928019088,37928188880,169792
3792,37930262096,37938019088,37938281184,262096
3793,37940083952,37948019088,37948103040,83952
3794,37950065136,37958019088,37958084224,65136
3795,37960089424,37968019088,37968108512,89424
3796,37970036080,37978019088,37978055168,36080
3797,37980057104,37988019088,37988076192,57104
3798,37990078976,37998019088,37998098064,78976
3799,38000074368,38008019088,38008093456,74368
3800,38010107424,38018019088,38018126512,107424
3801,38020084592,38028019088,38028103680,84592
3802,38030100512,38038019088,38038119600,100512
3803,38040089888,38048019088,38048108976,89888
3804,38050051632,38058019088,38058070720,51632
3805,38060051856,38068019088,38068070944,51856
3806,38070079920,38078019088,38078099008,79920
3807,38080067136,38088019088,38088086224,67136
3808,38090074112,38098019088,38098093200,74112
3809,38100104224,38108019088,38108123312,104224
3810,38110154640,38118019088,38118173728,154640
3811,38120103392,38128019088,38128122480,103392
3812,38130048720,38138019088,38138067808,48720
3813,38140237536,38148019088,38148256624,237536
3814,38150221472,38158019088,38158240560,221472
3815,38160187840,38168019088,38168206928,187840
3816,38170213824,38178019088,38178232912,213824
3817,38180229168,38188019088,38188248256,229168
3818,38190121792,38198019088,38198140880,121792
3819,38200171488,38208019088,38208190576,171488
3820,38210159552,38218019088,38218178640,159552
3821,38220194496,38228019088,38228213584,194496
3822,38230167120,38238019088,38238186208,167120
3823,38240124576,38248019088,38248143664,124576
3824,38250086544,38258019088,38258105632,86544
3825,38260102224,38268019088,38268121312,102224
3826,38270082432,38278019088,38278101520,82432
3827,38280063200,38288019088,38288082288,63200
3828,38290070256,38298019088,38298089344,70256
3829,38300077280,38308019088,38308096368,77280
3830,38310268320,38318019088,38318287408,268320
3831,38320195040,38328019088,38328214128,195040
3832,38330220320,38338019088,38338239408,220320
3833,38340099552,38348019088,38348118640,99552
3834,38350030096,38358019088,38358049184,30096
3835,38360056784,38368019088,38368075872,56784
3836,38370204624,38378019088,38378223712,204624
3837,38380148064,38388019088,38388167152,148064
3838,38390112720,38398019088,38398131808,112720
3839,38400083632,38408019088,38408102720,83632
PERIODIC LATENCY CHUNK end=3840
3840,38410232816,38418019088,38418251904,232816
3841,38420104560,38428019088,38428123648,104560
3842,38430236448,38438019088,38438255536,236448
3843,38440158592,38448019088,38448177680,158592
3844,38450200448,38458019088,38458219536,200448
3845,38460170768,38468019088,38468189856,170768
3846,38470214208,38478019088,38478233296,214208
3847,38480100592,38488019088,38488119680,100592
3848,38490126160,38498019088,38498145248,126160
3849,38500092784,38508019088,38508111872,92784
3850,38510164736,38518019088,38518183824,164736
3851,38520220720,38528019088,38528239808,220720
3852,38530219008,38538019088,38538238096,219008
3853,38540254160,38548019088,38548273248,254160
3854,38550239824,38558019088,38558258912,239824
3855,38560157104,38568019088,38568176192,157104
3856,38570268640,38578019088,38578287728,268640
3857,38580191424,38588019088,38588210512,191424
3858,38590244464,38598019088,38598263552,244464
3859,38600390560,38608019088,38608409648,390560
3860,38610183664,38618019088,38618202752,183664
3861,38620142752,38628019088,38628161840,142752
3862,38630088416,38638019088,38638107504,88416
3863,38640047312,38648019088,38648066400,47312
3864,38650337312,38658019088,38658356400,337312
3865,38660311472,38668019088,38668330560,311472
3866,38670404624,38678019088,38678423712,404624
3867,38680210864,38688019088,38688229952,210864
3868,38690082816,38698019088,38698101904,82816
3869,38700124768,38708019088,38708143856,124768
3870,38710256880,38718019088,38718275968,256880
3871,38720310816,38728019088,38728329904,310816
3872,38730223792,38738019088,38738242880,223792
3873,38740318144,38748019088,38748337232,318144
3874,38750381952,38758019088,38758401040,381952
3875,38760370496,38768019088,38768389584,370496
3876,38770417136,38778019088,38778436224,417136
3877,38780239200,38788019088,38788258288,239200
3878,38790192896,38798019088,38798211984,192896
3879,38800407632,38808019088,38808426720,407632
3880,38810322608,38818019088,38818341696,322608
3881,38820316416,38828019088,38828335504,316416
3882,38830094016,38838019088,38838113104,94016
3883,38840287616,38848019088,38848306704,287616
3884,38850317600,38858019088,38858336688,317600
3885,38860249808,38868019088,38868268896,249808
3886,38870211104,38878019088,38878230192,211104
3887,38880250720,38888019088,38888269808,250720
3888,38890143616,38898019088,38898162704,143616
3889,38900373216,38908019088,38908392304,373216
3890,38910275888,38918019088,38918294976,275888
3891,38920364304,38928019088,38928383392,364304
3892,38930245840,38938019088,38938264928,245840
3893,38940328752,38948019088,38948347840,328752
3894,38950343264,38958019088,38958362352,343264
3895,38960184592,38968019088,38968203680,184592
3896,38970217616,38978019088,38978236704,217616
3897,38980258704,38988019088,38988277792,258704
3898,38990330080,38998019088,38998349168,330080
3899,39000409904,39008019088,39008428992,409904
3900,39010364832,39018019088,39018383920,364832
3901,39020200640,39028019088,39028219728,200640
3902,39030366624,39038019088,39038385712,366624
3903,39040265792,39048019088,39048284880,265792
3904,39050243280,39058019088,39058262368,243280
3905,39060246528,39068019088,39068265616,246528
3906,39070212688,39078019088,39078231776,212688
3907,39080260624,39088019088,39088279712,260624
3908,39090179152,39098019088,39098198240,179152
3909,39100236944,39108019088,39108256032,236944
3910,39110279216,39118019088,39118298304,279216
3911,39120289840,39128019088,39128308928,289840
3912,39130196384,39138019088,39138215472,196384
3913,39140143952,39148019088,39148163040,143952
3914,39150244960,39158019088,39158264048,244960
3915,39160224192,39168019088,39168243280,224192
3916,39170159952,39178019088,39178179040,159952
3917,39180199168,39188019088,39188218256,199168
3918,39190174576,39198019088,39198193664,174576
3919,39200200304,39208019088,39208219392,200304
3920,39210189824,39218019088,39218208912,189824
3921,39220225296,39228019088,39228244384,225296
3922,39230193904,39238019088,39238212992,193904
3923,39240214880,39248019088,39248233968,214880
3924,39250105168,39258019088,39258124256,105168
3925,39260192624,39268019088,39268211712,192624
3926,39270129024,39278019088,39278148112,129024
3927,39280070944,39288019088,39288090032,70944
3928,39290111856,39298019088,39298130944,111856
3929,39300307776,39308019088,39308326864,307776
3930,39310217280,39318019088,39318236368,217280
3931,39320337664,39328019088,39328356752,337664
3932,39330221312,39338019088,39338240400,221312
3933,39340339680,39348019088,39348358768,339680
3934,39350252000,39358019088,39358271088,252000
3935,39360272976,39368019088,39368292064,272976
3936,39370383760,39378019088,39378402848,383760
3937,39380196752,39388019088,39388215840,196752
3938,39390319584,39398019088,39398338672,319584
3939,39400309520,39408019088,39408328608,309520
3940,39410284608,39418019088,39418303696,284608
3941,39420326912,39428019088,39428346000,326912
3942,39430358272,39438019088,39438377360,358272
3943,39440305968,39448019088,39448325056,305968
3944,39450297744,39458019088,39458316832,297744
3945,39460326704,39468019088,39468345792,326704
3946,39470270384,39478019088,39478289472,270384
3947,39480304896,39488019088,39488323984,304896
3948,39490263872,39498019088,39498282960,263872
3949,39500233488,39508019088,39508252576,233488
3950,39510249712,39518019088,39518268800,249712
3951,39520232080,39528019088,39528251168,232080
3952,39530229200,39538019088,39538248288,229200
3953,39540243664,39548019088,39548262752,243664
3954,39550234240,39558019088,39558253328,234240
3955,39560196352,39568019088,39568215440,196352
3956,39570193264,39578019088,39578212352,193264
3957,39580107440,39588019088,39588126528,107440
3958,39590131440,39598019088,39598150528,131440
3959,39600173168,39608019088,39608192256,173168
3960,39610155760,39618019088,39618174848,155760
3961,39620142896,39628019088,39628161984,142896
3962,39630140128,39638019088,39638159216,140128
3963,39640141232,39648019088,39648160320,141232
3964,39650180848,39658019088,39658199936,180848
3965,39660166576,39668019088,39668185664,166576
3966,39670163312,39678019088,39678182400,163312
3967,39680283552,39688019088,39688302640,283552
3968,39690224400,39698019088,39698243488,224400
3969,39700289088,39708019088,39708308176,289088
3970,39710174624,39718019088,39718193712,174624
3971,39720210448,39728019088,39728229536,210448
3972,39730139792,39738019088,39738158880,139792
3973,39740191200,39748019088,39748210288,191200
3974,39750132864,39758019088,39758151952,132864
3975,39760139440,39768019088,39768158528,139440
3976,39770150080,39778019088,39778169168,150080
3977,39780058608,39788019088,39788077696,58608
3978,39790078160,39798019088,39798097248,78160
3979,39800065760,39808019088,39808084848,65760
3980,39810081072,39818019088,39818100160,81072
3981,39820072352,39828019088,39828091440,72352
3982,39830141680,39838019088,39838160768,141680
3983,39840038432,39848019088,39848057520,38432
3984,39850089280,39858019088,39858108368,89280
3985,39860064512,39868019088,39868083600,64512
3986,39870052096,39878019088,39878071184,52096
3987,39880040368,39888019088,39888059456,40368
3988,39890040224,39898019088,39898059312,40224
3989,39900066144,39908019088,39908085232,66144
3990,39910094496,39918019088,39918113584,94496
3991,39920077952,39928019088,39928097040,77952
3992,39930065536,39938019088,39938084624,65536
3993,39940052544,39948019088,39948071632,52544
3994,39950070256,39958019088,39958089344,70256
3995,39960058016,39968019088,39968077104,58016
3996,39970110320,39978019088,39978129408,110320
3997,39980114080,39988019088,39988133168,114080
3998,39990087680,39998019088,39998106768,87680
3999,40000286400,40008019088,40008305488,286400
4000,40010167568,40018019088,40018186656,167568
4001,40020113104,40028019088,40028132192,113104
4002,40030241920,40038019088,40038261008,241920
4003,40040240608,40048019088,40048259696,240608
4004,40050173040,40058019088,40058192128,173040
4005,40060235728,40068019088,40068254816,235728
4006,40070243136,40078019088,40078262224,243136
4007,40080224656,40088019088,40088243744,224656
4008,40090106768,40098019088,40098125856,106768
4009,40100056464,40108019088,40108075552,56464
4010,40110202336,40118019088,40118221424,202336
4011,40120196720,40128019088,40128215808,196720
4012,40130219904,40138019088,40138238992,219904
4013,40140235632,40148019088,40148254720,235632
4014,40150129728,40158019088,40158148816,129728
4015,40160210944,40168019088,40168230032,210944
4016,40170153536,40178019088,40178172624,153536
4017,40180195312,40188019088,40188214400,195312
4018,40190088288,40198019088,40198107376,88288
4019,40200163728,40208019088,40208182816,163728
4020,40210200480,40218019088,40218219568,200480
4021,40220235232,40228019088,40228254320,235232
4022,40230086544,40238019088,40238105632,86544
4023,40240346096,40248019088,40248365184,346096
4024,40250374992,40258019088,40258394080,374992
4025,40260353264,40268019088,40268372352,353264
4026,40270307520,40278019088,40278326608,307520
4027,40280219136,40288019088,40288238224,219136
4028,40290203440,40298019088,40298222528,203440
4029,40300156560,40308019088,40308175648,156560
4030,40310250864,40318019088,40318269952,250864
4031,40320126784,40328019088,40328145872,126784
4032,40330040336,40338019088,40338059424,40336
4033,40340034512,40348019088,40348053600,34512
4034,40350071680,40358019088,40358090768,71680
4035,40360043904,40368019088,40368062992,43904
4036,40370048592,40378019088,40378067680,48592
4037,40380046432,40388019088,40388065520,46432
4038,40390034048,40398019088,40398053136,34048
4039,40400071888,40408019088,40408090976,71888
4040,40410055520,40418019088,40418074608,55520
4041,40420072592,40428019088,40428091680,72592
4042,40430085376,40438019088,40438104464,85376
4043,40440029200,40448019088,40448048288,29200
4044,40450031856,40458019088,40458050944,31856
4045,40460053920,40468019088,40468073008,53920
4046,40470083792,40478019088,40478102880,83792
4047,40480078288,40488019088,40488097376,78288
4048,40490054544,40498019088,40498073632,54544
4049,40500100464,40508019088,40508119552,100464
4050,40510114832,40518019088,40518133920,114832
4051,40520071392,40528019088,40528090480,71392
4052,40530038336,40538019088,40538057424,38336
4053,40540064304,40548019088,40548083392,64304
4054,40550041360,40558019088,40558060448,41360
4055,40560040144,40568019088,40568059232,40144
4056,40570050656,40578019088,40578069744,50656
4057,40580032336,40588019088,40588051424,32336
4058,40590206240,40598019088,40598225328,206240
4059,40600120784,40608019088,40608139872,120784
4060,40610122416,40618019088,40618141504,122416
4061,40620100240,40628019088,40628119328,100240
4062,40630063296,40638019088,40638082384,63296
4063,40640050192,40648019088,40648069280,50192
4064,40650074400,40658019088,40658093488,74400
4065,40660079744,40668019088,40668098832,79744
4066,40670052032,40678019088,40678071120,52032
4067,40680110848,40688019088,40688129936,110848
4068,40690070128,40698019088,40698089216,70128
4069,40700068320,40708019088,40708087408,68320
4070,40710113776,40718019088,40718132864,113776
4071,40720073776,40728019088,40728092864,73776
4072,40730043296,40738019088,40738062384,43296
4073,40740058544,40748019088,40748077632,58544
4074,40750082720,40758019088,40758101808,82720
4075,40760061936,40768019088,40768081024,61936
4076,40770080352,40778019088,40778099440,80352
4077,40780194864,40788019088,40788213952,194864
4078,40790194000,40798019088,40798213088,194000
4079,40800238672,40808019088,40808257760,238672
4080,40810264368,40818019088,40818283456,264368
4081,40820142272,40828019088,40828161360,142272
4082,40830186272,40838019088,40838205360,186272
4083,40840218448,40848019088,40848237536,218448
4084,40850063424,40858019088,40858082512,63424
4085,40860168080,40868019088,40868187168,168080
4086,40870215760,40878019088,40878234848,215760
4087,40880163744,40888019088,40888182832,163744
4088,40890178368,40898019088,40898197456,178368
4089,40900207008,40908019088,40908226096,207008
4090,40910101184,40918019088,40918120272,101184
4091,40920209312,40928019088,40928228400,209312
4092,40930196656,40938019088,40938215744,196656
4093,40940195344,40948019088,40948214432,195344
4094,40950219552,40958019088,40958238640,219552
4095,40960173392,40968019088,40968192480,173392
PERIODIC LATENCY CHUNK end=4096
4096,40970181040,40978019088,40978200128,181040
4097,40980058848,40988019088,40988077936,58848
4098,40990200832,40998019088,40998219920,200832
4099,41000219344,41008019088,41008238432,219344
4100,41010181008,41018019088,41018200096,181008
4101,41020103888,41028019088,41028122976,103888
4102,41030223792,41038019088,41038242880,223792
4103,41040234208,41048019088,41048253296,234208
4104,41050125584,41058019088,41058144672,125584
4105,41060155440,41068019088,41068174528,155440
4106,41070148336,41078019088,41078167424,148336
4107,41080150368,41088019088,41088169456,150368
4108,41090104256,41098019088,41098123344,104256
4109,41100092336,41108019088,41108111424,92336
4110,41110113664,41118019088,41118132752,113664
4111,41120126224,41128019088,41128145312,126224
4112,41130062256,41138019088,41138081344,62256
4113,41140079408,41148019088,41148098496,79408
4114,41150074704,41158019088,41158093792,74704
4115,41160052560,41168019088,41168071648,52560
4116,41170061120,41178019088,41178080208,61120
4117,41180228720,41188019088,41188247808,228720
4118,41190067488,41198019088,41198086576,67488
4119,41200200816,41208019088,41208219904,200816
4120,41210200288,41218019088,41218219376,200288
4121,41220110160,41228019088,41228129248,110160
4122,41230074480,41238019088,41238093568,74480
4123,41240091888,41248019088,41248110976,91888
4124,41250025904,41258019088,41258044992,25904
4125,41260043008,41268019088,41268062096,43008
4126,41270062400,41278019088,41278081488,62400
4127,41280067616,41288019088,41288086704,67616
4128,41290098704,41298019088,41298117792,98704
4129,41300150288,41308019088,41308169376,150288
4130,41310170160,41318019088,41318189248,170160
4131,41320185136,41328019088,41328204224,185136
4132,41330182832,41338019088,41338201920,182832
4133,41340121296,41348019088,41348140384,121296
4134,41350226384,41358019088,41358245472,226384
4135,41360219840,41368019088,41368238928,219840
4136,41370138752,41378019088,41378157840,138752
4137,41380197968,41388019088,41388217056,197968
4138,41390139008,41398019088,41398158096,139008
4139,41400218976,41408019088,41408238064,218976
4140,41410107888,41418019088,41418126976,107888
4141,41420152592,41428019088,41428171680,152592
4142,41430125568,41438019088,41438144656,125568
4143,41440121264,41448019088,41448140352,121264
4144,41450080288,41458019088,41458099376,80288
4145,41460071552,41468019088,41468090640,71552
4146,41470065952,41478019088,41478085040,65952
4147,41480050192,41488019088,41488069280,50192
4148,41490076992,41498019088,41498096080,76992
4149,41500102336,41508019088,41508121424,102336
4150,41510080368,41518019088,41518099456,80368
4151,41520128368,41528019088,41528147456,128368
4152,41530052640,41538019088,41538071728,52640
4153,41540081104,41548019088,41548100192,81104
4154,41550068976,41558019088,41558088064,68976
4155,41560048528,41568019088,41568067616,48528
4156,41570098688,41578019088,41578117776,98688
4157,41580083616,41588019088,41588102704,83616
4158,41590136336,41598019088,41598155424,136336
4159,41600097264,41608019088,41608116352,97264
4160,41610182896,41618019088,41618201984,182896
4161,41620118544,41628019088,41628137632,118544
4162,41630107872,41638019088,41638126960,107872
4163,41640075024,41648019088,41648094112,75024
4164,41650119440,41658019088,41658138528,119440
4165,41660129744,41668019088,41668148832,129744
4166,41670016784,41678019088,41678035872,16784
4167,41680024192,41688019088,41688043280,24192
4168,41690045328,41698019088,41698064416,45328
4169,41700084640,41708019088,41708103728,84640
4170,41710051984,41718019088,41718071072,51984
4171,41720052288,41728019088,41728071376,52288
4172,41730074400,41738019088,41738093488,74400
4173,41740188608,41748019088,41748207696,188608
4174,41750207536,41758019088,41758226624,207536
4175,41760133616,41768019088,41768152704,133616
4176,41770127808,41778019088,41778146896,127808
4177,41780192256,41788019088,41788211344,192256
4178,41790206848,41798019088,41798225936,206848
4179,41800130352,41808019088,41808149440,130352
4180,41810069392,41818019088,41818088480,69392
4181,41820055520,41828019088,41828074608,55520
4182,41830065728,41838019088,41838084816,65728
4183,41840109712,41848019088,41848128800,109712
4184,41850061968,41858019088,41858081056,61968
4185,41860048736,41868019088,41868067824,48736
4186,41870049600,41878019088,41878068688,49600
4187,41880033040,41888019088,41888052128,33040
4188,41890048352,41898019088,41898067440,48352
4189,41900074944,41908019088,41908094032,74944
4190,41910034944,41918019088,41918054032,34944
4191,41920078176,41928019088,41928097264,78176
4192,41930093328,41938019088,41938112416,93328
4193,41940205440,41948019088,41948224528,205440
4194,41950248128,41958019088,41958267216,248128
4195,41960213456,41968019088,41968232544,213456
4196,41970074176,41978019088,41978093264,74176
4197,41980081840,41988019088,41988100928,81840
4198,41990118624,41998019088,41998137712,118624
4199,42000157392,42008019088,42008176480,157392
4200,42010088800,42018019088,42018107888,88800
4201,42020049040,42028019088,42028068128,49040
4202,42030073184,42038019088,42038092272,73184
4203,42040064336,42048019088,42048083424,64336
4204,42050048464,42058019088,42058067552,48464
4205,42060079280,42068019088,42068098368,79280
4206,42070041392,42078019088,42078060480,41392
4207,42080091104,42088019088,42088110192,91104
4208,42090170016,42098019088,42098189104,170016
4209,42100186960,42108019088,42108206048,186960
4210,42110197744,42118019088,42118216832,197744
4211,42120235056,42128019088,42128254144,235056
4212,42130169632,42138019088,42138188720,169632
4213,42140110720,42148019088,42148129808,110720
4214,42150112432,42158019088,42158131520,112432
4215,42160039728,42168019088,42168058816,39728
4216,42170069264,42178019088,42178088352,69264
4217,42180098528,42188019088,42188117616,98528
4218,42190076496,42198019088,42198095584,76496
4219,42200085760,42208019088,42208104848,85760
4220,42210078144,42218019088,42218097232,78144
4221,42220050656,42228019088,42228069744,50656
4222,42230007808,42238019088,42238026896,7808
4223,42240072800,42248019088,42248091888,72800
4224,42250056800,42258019088,42258075888,56800
4225,42260059488,42268019088,42268078576,59488
4226,42270045872,42278019088,42278064960,45872
4227,42280101696,42288019088,42288120784,101696
4228,42290055824,42298019088,42298074912,55824
4229,42300072848,42308019088,42308091936,72848
4230,42310073712,42318019088,42318092800,73712
4231,42320074256,42328019088,42328093344,74256
4232,42330180544,42338019088,42338199632,180544
4233,42340184496,42348019088,42348203584,184496
4234,42350200464,42358019088,42358219552,200464
4235,42360259056,42368019088,42368278144,259056
4236,42370218752,42378019088,42378237840,218752
4237,42380077792,42388019088,42388096880,77792
4238,42390143936,42398019088,42398163024,143936
4239,42400140576,42408019088,42408159664,140576
4240,42410163728,42418019088,42418182816,163728
4241,42420100272,42428019088,42428119360,100272
4242,42430060032,42438019088,42438079120,60032
4243,42440093392,42448019088,42448112480,93392
4244,42450061920,42458019088,42458081008,61920
4245,42460027456,42468019088,42468046544,27456
4246,42470047760,42478019088,42478066848,47760
4247,42480093168,42488019088,42488112256,93168
4248,42490098864,42498019088,42498117952,98864
4249,42500103792,42508019088,42508122880,103792
4250,42510112608,42518019088,42518131696,112608
4251,42520105024,42528019088,42528124112,105024
4252,42530080000,42538019088,42538099088,80000
4253,42540072576,42548019088,42548091664,72576
4254,42550058192,42558019088,42558077280,58192
4255,42560049168,42568019088,42568068256,49168
4256,42570062448,42578019088,42578081536,62448
4257,42580055504,42588019088,42588074592,55504
4258,42590173312,42598019088,42598192400,173312
4259,42600089456,42608019088,42608108544,89456
4260,42610053680,42618019088,42618072768,53680
4261,42620052688,42628019088,42628071776,52688
4262,42630031952,42638019088,42638051040,31952
4263,42640084272,42648019088,42648103360,84272
4264,42650020512,42658019088,42658039600,20512
4265,42660131600,42668019088,42668150688,131600
4266,42670097472,42678019088,42678116560,97472
4267,42680078128,42688019088,42688097216,78128
4268,42690198800,42698019088,42698217888,198800
4269,42700108480,42708019088,42708127568,108480
4270,42710183024,42718019088,42718202112,183024
4271,42720164768,42728019088,42728183856,164768
4272,42730149424,42738019088,42738168512,149424
4273,42740148448,42748019088,42748167536,148448
4274,42750210480,42758019088,42758229568,210480
4275,42760242960,42768019088,42768262048,242960
4276,42770129536,42778019088,42778148624,129536
4277,42780196672,42788019088,42788215760,196672
4278,42790361728,42798019088,42798380816,361728
4279,42800246128,42808019088,42808265216,246128
4280,42810208992,42818019088,42818228080,208992
4281,42820229728,42828019088,42828248816,229728
4282,42830145040,42838019088,42838164128,145040
4283,42840218288,42848019088,42848237376,218288
4284,42850216000,42858019088,42858235088,216000
4285,42860191456,42868019088,42868210544,191456
4286,42870133968,42878019088,42878153056,133968
4287,42880171376,42888019088,42888190464,171376
4288,42890257360,42898019088,42898276448,257360
4289,42900186912,42908019088,42908206000,186912
4290,42910231568,42918019088,42918250656,231568
4291,42920222224,42928019088,42928241312,222224
4292,42930264736,42938019088,42938283824,264736
4293,42940171808,42948019088,42948190896,171808
4294,42950188560,42958019088,42958207648,188560
4295,42960258592,42968019088,42968277680,258592
4296,42970115728,42978019088,42978134816,115728
4297,42980331264,42988019088,42988350352,331264
4298,42990220336,42998019088,42998239424,220336
4299,43000326160,43008019088,43008345248,326160
4300,43010258368,43018019088,43018277456,258368
4301,43020254576,43028019088,43028273664,254576
4302,43030358464,43038019088,43038377552,358464
4303,43040307216,43048019088,43048326304,307216
4304,43050272384,43058019088,43058291472,272384
4305,43060328528,43068019088,43068347616,328528
4306,43070270128,43078019088,43078289216,270128
4307,43080348944,43088019088,43088368032,348944
4308,43090254576,43098019088,43098273664,254576
4309,43100287824,43108019088,43108306912,287824
4310,43110320832,43118019088,43118339920,320832
4311,43120317280,43128019088,43128336368,317280
4312,43130313456,43138019088,43138332544,313456
4313,43140319616,43148019088,43148338704,319616
4314,43150383808,43158019088,43158402896,383808
4315,43160305056,43168019088,43168324144,305056
4316,43170258608,43178019088,43178277696,258608
4317,43180175264,43188019088,43188194352,175264
4318,43190315696,43198019088,43198334784,315696
4319,43200302160,43208019088,43208321248,302160
4320,43210267616,43218019088,43218286704,267616
4321,43220305712,43228019088,43228324800,305712
4322,43230210656,43238019088,43238229744,210656
4323,43240217312,43248019088,43248236400,217312
4324,43250284064,43258019088,43258303152,284064
4325,43260309648,43268019088,43268328736,309648
4326,43270330832,43278019088,43278349920,330832
4327,43280326512,43288019088,43288345600,326512
4328,43290309600,43298019088,43298328688,309600
4329,43300354176,43308019088,43308373264,354176
4330,43310215232,43318019088,43318234320,215232
4331,43320272736,43328019088,43328291824,272736
4332,43330391536,43338019088,43338410624,391536
4333,43340309664,43348019088,43348328752,309664
4334,43350335024,43358019088,43358354112,335024
4335,43360377152,43368019088,43368396240,377152
4336,43370301328,43378019088,43378320416,301328
4337,43380225056,43388019088,43388244144,225056
4338,43390280544,43398019088,43398299632,280544
4339,43400231536,43408019088,43408250624,231536
4340,43410175680,43418019088,43418194768,175680
4341,43420208640,43428019088,43428227728,208640
4342,43430213024,43438019088,43438232112,213024
4343,43440187152,43448019088,43448206240,187152
4344,43450128816,43458019088,43458147904,128816
4345,43460076000,43468019088,43468095088,76000
4346,43470050064,43478019088,43478069152,50064
4347,43480059680,43488019088,43488078768,59680
4348,43490075040,43498019088,43498094128,75040
4349,43500074864,43508019088,43508093952,74864
4350,43510071024,43518019088,43518090112,71024
4351,43520111344,43528019088,43528130432,111344
PERIODIC LATENCY CHUNK end=4352
4352,43530080976,43538019088,43538100064,80976
4353,43540049584,43548019088,43548068672,49584
4354,43550049776,43558019088,43558068864,49776
4355,43560075744,43568019088,43568094832,75744
4356,43570074448,43578019088,43578093536,74448
4357,43580034640,43588019088,43588053728,34640
4358,43590122704,43598019088,43598141792,122704
4359,43600213616,43608019088,43608232704,213616
4360,43610092624,43618019088,43618111712,92624
4361,43620200096,43628019088,43628219184,200096
4362,43630133600,43638019088,43638152688,133600
4363,43640182928,43648019088,43648202016,182928
4364,43650143712,43658019088,43658162800,143712
4365,43660148208,43668019088,43668167296,148208
4366,43670185104,43678019088,43678204192,185104
4367,43680178944,43688019088,43688198032,178944
4368,43690236320,43698019088,43698255408,236320
4369,43700237472,43708019088,43708256560,237472
4370,43710195040,43718019088,43718214128,195040
4371,43720232544,43728019088,43728251632,232544
4372,43730106144,43738019088,43738125232,106144
4373,43740174256,43748019088,43748193344,174256
4374,43750178480,43758019088,43758197568,178480
4375,43760217792,43768019088,43768236880,217792
4376,43770153424,43778019088,43778172512,153424
4377,43780102192,43788019088,43788121280,102192
4378,43790137728,43798019088,43798156816,137728
4379,43800133728,43808019088,43808152816,133728
4380,43810055552,43818019088,43818074640,55552
4381,43820049360,43828019088,43828068448,49360
4382,43830081216,43838019088,43838100304,81216
4383,43840114320,43848019088,43848133408,114320
4384,43850137968,43858019088,43858157056,137968
4385,43860127296,43868019088,43868146384,127296
4386,43870115584,43878019088,43878134672,115584
4387,43880196416,43888019088,43888215504,196416
4388,43890213200,43898019088,43898232288,213200
4389,43900232672,43908019088,43908251760,232672
4390,43910249280,43918019088,43918268368,249280
4391,43920225232,43928019088,43928244320,225232
4392,43930242256,43938019088,43938261344,242256
4393,43940168352,43948019088,43948187440,168352
4394,43950207376,43958019088,43958226464,207376
4395,43960189648,43968019088,43968208736,189648
4396,43970182688,43978019088,43978201776,182688
4397,43980197760,43988019088,43988216848,197760
4398,43990191424,43998019088,43998210512,191424
4399,44000205136,44008019088,44008224224,205136
4400,44010193152,44018019088,44018212240,193152
4401,44020183264,44028019088,44028202352,183264
4402,44030077520,44038019088,44038096608,77520
4403,44040060688,44048019088,44048079776,60688
4404,44050088336,44058019088,44058107424,88336
4405,44060057376,44068019088,44068076464,57376
4406,44070071616,44078019088,44078090704,71616
4407,44080070528,44088019088,44088089616,70528
4408,44090049712,44098019088,44098068800,49712
4409,44100035680,44108019088,44108054768,35680
4410,44110058768,44118019088,44118077856,58768
4411,44120048768,44128019088,44128067856,48768
4412,44130078864,44138019088,44138097952,78864
4413,44140033456,44148019088,44148052544,33456
4414,44150071600,44158019088,44158090688,71600
4415,44160046336,44168019088,44168065424,46336
4416,44170044144,44178019088,44178063232,44144
4417,44180057328,44188019088,44188076416,57328
4418,44190044720,44198019088,44198063808,44720
4419,44200087472,44208019088,44208106560,87472
4420,44210067648,44218019088,44218086736,67648
4421,44220073696,44228019088,44228092784,73696
4422,44230058256,44238019088,44238077344,58256
4423,44240183376,44248019088,44248202464,183376
4424,44250188400,44258019088,44258207488,188400
4425,44260328704,44268019088,44268347792,328704
4426,44270198416,44278019088,44278217504,198416
4427,44280139104,44288019088,44288158192,139104
4428,44290411984,44298019088,44298431072,411984
4429,44300293696,44308019088,44308312784,293696
4430,44310152000,44318019088,44318171088,152000
4431,44320103648,44328019088,44328122736,103648
4432,44330076080,44338019088,44338095168,76080
4433,44340085024,44348019088,44348104112,85024
4434,44350061504,44358019088,44358080592,61504
4435,44360055184,44368019088,44368074272,55184
4436,44370075824,44378019088,44378094912,75824
4437,44380041648,44388019088,44388060736,41648
4438,44390076976,44398019088,44398096064,76976
4439,44400070736,44408019088,44408089824,70736
4440,44410038496,44418019088,44418057584,38496
4441,44420065856,44428019088,44428084944,65856
4442,44430038288,44438019088,44438057376,38288
4443,44440057792,44448019088,44448076880,57792
4444,44450048912,44458019088,44458068000,48912
4445,44460058832,44468019088,44468077920,58832
4446,44470099248,44478019088,44478118336,99248
4447,44480103408,44488019088,44488122496,103408
4448,44490133584,44498019088,44498152672,133584
4449,44500143744,44508019088,44508162832,143744
4450,44510102960,44518019088,44518122048,102960
4451,44520225840,44528019088,44528244928,225840
4452,44530207616,44538019088,44538226704,207616
4453,44540227824,44548019088,44548246912,227824
4454,44550203664,44558019088,44558222752,203664
4455,44560241312,44568019088,44568260400,241312
4456,44570162256,44578019088,44578181344,162256
4457,44580128960,44588019088,44588148048,128960
4458,44590087920,44598019088,44598107008,87920
4459,44600121248,44608019088,44608140336,121248
4460,44610179360,44618019088,44618198448,179360
4461,44620117472,44628019088,44628136560,117472
4462,44630200816,44638019088,44638219904,200816
4463,44640132096,44648019088,44648151184,132096
4464,44650204480,44658019088,44658223568,204480
4465,44660227152,44668019088,44668246240,227152
4466,44670149296,44678019088,44678168384,149296
4467,44680108944,44688019088,44688128032,108944
4468,44690205712,44698019088,44698224800,205712
4469,44700218416,44708019088,44708237504,218416
4470,44710176832,44718019088,44718195920,176832
4471,44720205744,44728019088,44728224832,205744
4472,44730146208,44738019088,44738165296,146208
4473,44740147968,44748019088,44748167056,147968
4474,44750181552,44758019088,44758200640,181552
4475,44760126960,44768019088,44768146048,126960
4476,44770111792,44778019088,44778130880,111792
4477,44780210848,44788019088,44788229936,210848
4478,44790215600,44798019088,44798234688,215600
4479,44800201936,44808019088,44808221024,201936
4480,44810197776,44818019088,44818216864,197776
4481,44820245184,44828019088,44828264272,245184
4482,44830188896,44838019088,44838207984,188896
4483,44840212816,44848019088,44848231904,212816
4484,44850230528,44858019088,44858249616,230528
4485,44860201168,44868019088,44868220256,201168
4486,44870099552,44878019088,44878118640,99552
4487,44880089488,44888019088,44888108576,89488
4488,44890146352,44898019088,44898165440,146352
4489,44900104608,44908019088,44908123696,104608
4490,44910093616,44918019088,44918112704,93616
4491,44920072432,44928019088,44928091520,72432
4492,44930043936,44938019088,44938063024,43936
4493,44940028848,44948019088,44948047936,28848
4494,44950067184,44958019088,44958086272,67184
4495,44960126960,44968019088,44968146048,126960
4496,44970073744,44978019088,44978092832,73744
4497,44980272688,44988019088,44988291776,272688
4498,44990186448,44998019088,44998205536,186448
4499,45000202496,45008019088,45008221584,202496
4500,45010179312,45018019088,45018198400,179312
4501,45020172416,45028019088,45028191504,172416
4502,45030253168,45038019088,45038272256,253168
4503,45040266688,45048019088,45048285776,266688
4504,45050318592,45058019088,45058337680,318592
4505,45060336016,45068019088,45068355104,336016
4506,45070216656,45078019088,45078235744,216656
4507,45080261264,45088019088,45088280352,261264
4508,45090132320,45098019088,45098151408,132320
4509,45100137872,45108019088,45108156960,137872
4510,45110227232,45118019088,45118246320,227232
4511,45120251472,45128019088,45128270560,251472
4512,45130240976,45138019088,45138260064,240976
4513,45140254480,45148019088,45148273568,254480
4514,45150294016,45158019088,45158313104,294016
4515,45160191936,45168019088,45168211024,191936
4516,45170200272,45178019088,45178219360,200272
4517,45180144720,45188019088,45188163808,144720
4518,45190192944,45198019088,45198212032,192944
4519,45200265248,45208019088,45208284336,265248
4520,45210287248,45218019088,45218306336,287248
4521,45220265280,45228019088,45228284368,265280
4522,45230154848,45238019088,45238173936,154848
4523,45240291104,45248019088,45248310192,291104
4524,45250359952,45258019088,45258379040,359952
4525,45260301248,45268019088,45268320336,301248
4526,45270302592,45278019088,45278321680,302592
4527,45280318832,45288019088,45288337920,318832
4528,45290361280,45298019088,45298380368,361280
4529,45300321568,45308019088,45308340656,321568
4530,45310261056,45318019088,45318280144,261056
4531,45320280816,45328019088,45328299904,280816
4532,45330221008,45338019088,45338240096,221008
4533,45340243136,45348019088,45348262224,243136
4534,45350199568,45358019088,45358218656,199568
4535,45360235904,45368019088,45368254992,235904
4536,45370094400,45378019088,45378113488,94400
4537,45380173552,45388019088,45388192640,173552
4538,45390221008,45398019088,45398240096,221008
4539,45400108800,45408019088,45408127888,108800
4540,45410096784,45418019088,45418115872,96784
4541,45420114672,45428019088,45428133760,114672
4542,45430038848,45438019088,45438057936,38848
4543,45440057920,45448019088,45448077008,57920
4544,45450035968,45458019088,45458055056,35968
4545,45460049824,45468019088,45468068912,49824
4546,45470103088,45478019088,45478122176,103088
4547,45480086320,45488019088,45488105408,86320
4548,45490108592,45498019088,45498127680,108592
4549,45500070368,45508019088,45508089456,70368
4550,45510027056,45518019088,45518046144,27056
4551,45520072016,45528019088,45528091104,72016
4552,45530065104,45538019088,45538084192,65104
4553,45540071040,45548019088,45548090128,71040
4554,45550060928,45558019088,45558080016,60928
4555,45560032176,45568019088,45568051264,32176
4556,45570061600,45578019088,45578080688,61600
4557,45580060416,45588019088,45588079504,60416
4558,45590035232,45598019088,45598054320,35232
4559,45600071456,45608019088,45608090544,71456
4560,45610064960,45618019088,45618084048,64960
4561,45620040560,45628019088,45628059648,40560
4562,45630068384,45638019088,45638087472,68384
4563,45640054848,45648019088,45648073936,54848
4564,45650072976,45658019088,45658092064,72976
4565,45660072848,45668019088,45668091936,72848
4566,45670030480,45678019088,45678049568,30480
4567,45680065728,45688019088,45688084816,65728
4568,45690053248,45698019088,45698072336,53248
4569,45700057792,45708019088,45708076880,57792
4570,45710010608,45718019088,45718029696,10608
4571,45720052656,45728019088,45728071744,52656
4572,45730011968,45738019088,45738031056,11968
4573,45740052176,45748019088,45748071264,52176
4574,45750012544,45758019088,45758031632,12544
4575,45760008368,45768019088,45768027456,8368
4576,45770006432,45778019088,45778025520,6432
4577,45780012656,45788019088,45788031744,12656
4578,45790054912,45798019088,45798074000,54912
4579,45800057952,45808019088,45808077040,57952
4580,45810053744,45818019088,45818072832,53744
4581,45820065872,45828019088,45828084960,65872
4582,45830033920,45838019088,45838053008,33920
4583,45840068080,45848019088,45848087168,68080
4584,45850080048,45858019088,45858099136,80048
4585,45860069728,45868019088,45868088816,69728
4586,45870100016,45878019088,45878119104,100016
4587,45880068272,45888019088,45888087360,68272
4588,45890041648,45898019088,45898060736,41648
4589,45900076432,45908019088,45908095520,76432
4590,45910030944,45918019088,45918050032,30944
4591,45920048416,45928019088,45928067504,48416
4592,45930050704,45938019088,45938069792,50704
4593,45940084112,45948019088,45948103200,84112
4594,45950063264,45958019088,45958082352,63264
4595,45960028048,45968019088,45968047136,28048
4596,45970027776,45978019088,45978046864,27776
4597,45980062592,45988019088,45988081680,62592
4598,45990076496,45998019088,45998095584,76496
4599,46000057520,46008019088,46008076608,57520
4600,46010064160,46018019088,46018083248,64160
4601,46020075600,46028019088,46028094688,75600
4602,46030082144,46038019088,46038101232,82144
4603,46040070496,46048019088,46048089584,70496
4604,46050054240,46058019088,46058073328,54240
4605,46060081936,46068019088,46068101024,81936
4606,46070075568,46078019088,46078094656,75568
4607,46080045552,46088019088,46088064640,45552
PERIODIC LATENCY CHUNK end=4608
4608,46090058592,46098019088,46098077680,58592
4609,46100040928,46108019088,46108060016,40928
4610,46110141968,46118019088,46118161056,141968
4611,46120186176,46128019088,46128205264,186176
4612,46130243056,46138019088,46138262144,243056
4613,46140093712,46148019088,46148112800,93712
4614,46150131760,46158019088,46158150848,131760
4615,46160227872,46168019088,46168246960,227872
4616,46170174352,46178019088,46178193440,174352
4617,46180207952,46188019088,46188227040,207952
4618,46190141808,46198019088,46198160896,141808
4619,46200193664,46208019088,46208212752,193664
4620,46210216800,46218019088,46218235888,216800
4621,46220423968,46228019088,46228443056,423968
4622,46230226096,46238019088,46238245184,226096
4623,46240361040,46248019088,46248380128,361040
4624,46250388176,46258019088,46258407264,388176
4625,46260404928,46268019088,46268424016,404928
4626,46270337024,46278019088,46278356112,337024
4627,46280253168,46288019088,46288272256,253168
4628,46290223072,46298019088,46298242160,223072
4629,46300143392,46308019088,46308162480,143392
4630,46310110000,46318019088,46318129088,110000
4631,46320204240,46328019088,46328223328,204240
4632,46330280400,46338019088,46338299488,280400
4633,46340304352,46348019088,46348323440,304352
4634,46350402224,46358019088,46358421312,402224
4635,46360220096,46368019088,46368239184,220096
4636,46370330816,46378019088,46378349904,330816
4637,46380307840,46388019088,46388326928,307840
4638,46390315424,46398019088,46398334512,315424
4639,46400199056,46408019088,46408218144,199056
4640,46410288672,46418019088,46418307760,288672
4641,46420356192,46428019088,46428375280,356192
4642,46430387840,46438019088,46438406928,387840
4643,46440305664,46448019088,46448324752,305664
4644,46450209824,46458019088,46458228912,209824
4645,46460308576,46468019088,46468327664,308576
4646,46470216048,46478019088,46478235136,216048
4647,46480326160,46488019088,46488345248,326160
4648,46490294624,46498019088,46498313712,294624
4649,46500324240,46508019088,46508343328,324240
4650,46510323264,46518019088,46518342352,323264
4651,46520336688,46528019088,46528355776,336688
4652,46530372672,46538019088,46538391760,372672
4653,46540403136,46548019088,46548422224,403136
4654,46550312096,46558019088,46558331184,312096
4655,46560317296,46568019088,46568336384,317296
4656,46570290448,46578019088,46578309536,290448
4657,46580290816,46588019088,46588309904,290816
4658,46590305344,46598019088,46598324432,305344
4659,46600333824,46608019088,46608352912,333824
4660,46610159440,46618019088,46618178528,159440
4661,46620179840,46628019088,46628198928,179840
4662,46630334912,46638019088,46638354000,334912
4663,46640409216,46648019088,46648428304,409216
4664,46650262192,46658019088,46658281280,262192
4665,46660362160,46668019088,46668381248,362160
4666,46670382272,46678019088,46678401360,382272
4667,46680305600,46688019088,46688324688,305600
4668,46690330208,46698019088,46698349296,330208
4669,46700313552,46708019088,46708332640,313552
4670,46710327568,46718019088,46718346656,327568
4671,46720389264,46728019088,46728408352,389264
4672,46730156304,46738019088,46738175392,156304
4673,46740145040,46748019088,46748164128,145040
4674,46750106352,46758019088,46758125440,106352
4675,46760204688,46768019088,46768223776,204688
4676,46770193744,46778019088,46778212832,193744
4677,46780317376,46788019088,46788336464,317376
4678,46790299744,46798019088,46798318832,299744
4679,46800245168,46808019088,46808264256,245168
4680,46810224288,46818019088,46818243376,224288
4681,46820167168,46828019088,46828186256,167168
4682,46830060736,46838019088,46838079824,60736
4683,46840086608,46848019088,46848105696,86608
4684,46850202320,46858019088,46858221408,202320
4685,46860229072,46868019088,46868248160,229072
4686,46870107072,46878019088,46878126160,107072
4687,46880189968,46888019088,46888209056,189968
4688,46890236320,46898019088,46898255408,236320
4689,46900226352,46908019088,46908245440,226352
4690,46910180736,46918019088,46918199824,180736
4691,46920216736,46928019088,46928235824,216736
4692,46930198048,46938019088,46938217136,198048
4693,46940238752,46948019088,46948257840,238752
4694,46950336416,46958019088,46958355504,336416
4695,46960096592,46968019088,46968115680,96592
4696,46970085472,46978019088,46978104560,85472
4697,46980073888,46988019088,46988092976,73888
4698,46990104272,46998019088,46998123360,104272
4699,47000074640,47008019088,47008093728,74640
4700,47010125200,47018019088,47018144288,125200
4701,47020081968,47028019088,47028101056,81968
4702,47030040992,47038019088,47038060080,40992
4703,47040089760,47048019088,47048108848,89760
4704,47050081520,47058019088,47058100608,81520
4705,47060025968,47068019088,47068045056,25968
4706,47070031984,47078019088,47078051072,31984
4707,47080081024,47088019088,47088100112,81024
4708,47090056624,47098019088,47098075712,56624
4709,47100071328,47108019088,47108090416,71328
4710,47110112368,47118019088,47118131456,112368
4711,47120092032,47128019088,47128111120,92032
4712,47130028608,47138019088,47138047696,28608
4713,47140016352,47148019088,47148035440,16352
4714,47150052992,47158019088,47158072080,52992
4715,47160033776,47168019088,47168052864,33776
4716,47170027024,47178019088,47178046112,27024
4717,47180025424,47188019088,47188044512,25424
4718,47190018576,47198019088,47198037664,18576
4719,47200067760,47208019088,47208086848,67760
4720,47210080592,47218019088,47218099680,80592
4721,47220075136,47228019088,47228094224,75136
4722,47230089824,47238019088,47238108912,89824
4723,47240018912,47248019088,47248038000,18912
4724,47250021008,47258019088,47258040096,21008
4725,47260056352,47268019088,47268075440,56352
4726,47270023808,47278019088,47278042896,23808
4727,47280013056,47288019088,47288032144,13056
4728,47290011696,47298019088,47298030784,11696
4729,47300014336,47308019088,47308033424,14336
4730,47310055936,47318019088,47318075024,55936
4731,47320012032,47328019088,47328031120,12032
4732,47330015104,47338019088,47338034192,15104
4733,47340040672,47348019088,47348059760,40672
4734,47350086656,47358019088,47358105744,86656
4735,47360077872,47368019088,47368096960,77872
4736,47370080768,47378019088,47378099856,80768
4737,47380081760,47388019088,47388100848,81760
4738,47390022816,47398019088,47398041904,22816
4739,47400067856,47408019088,47408086944,67856
4740,47410036576,47418019088,47418055664,36576
4741,47420021968,47428019088,47428041056,21968
4742,47430057984,47438019088,47438077072,57984
4743,47440022416,47448019088,47448041504,22416
4744,47450023248,47458019088,47458042336,23248
4745,47460040496,47468019088,47468059584,40496
4746,47470047904,47478019088,47478066992,47904
4747,47480085680,47488019088,47488104768,85680
4748,47490018144,47498019088,47498037232,18144
4749,47500019968,47508019088,47508039056,19968
4750,47510039984,47518019088,47518059072,39984
4751,47520040320,47528019088,47528059408,40320
4752,47530018624,47538019088,47538037712,18624
4753,47540023296,47548019088,47548042384,23296
4754,47550058688,47558019088,47558077776,58688
4755,47560077360,47568019088,47568096448,77360
4756,47570065248,47578019088,47578084336,65248
4757,47580650624,47588019088,47588669712,650624
4758,47590144320,47598019088,47598163408,144320
4759,47600054592,47608019088,47608073680,54592
4760,47610024880,47618019088,47618043968,24880
4761,47620034592,47628019088,47628053680,34592
4762,47630069760,47638019088,47638088848,69760
4763,47640055424,47648019088,47648074512,55424
4764,47650114976,47658019088,47658134064,114976
4765,47660022400,47668019088,47668041488,22400
4766,47670086784,47678019088,47678105872,86784
4767,47680161120,47688019088,47688180208,161120
4768,47690094400,47698019088,47698113488,94400
4769,47700064512,47708019088,47708083600,64512
4770,47710110928,47718019088,47718130016,110928
4771,47720049616,47728019088,47728068704,49616
4772,47730068848,47738019088,47738087936,68848
4773,47740030528,47748019088,47748049616,30528
4774,47750120848,47758019088,47758139936,120848
4775,47760064896,47768019088,47768083984,64896
4776,47770037328,47778019088,47778056416,37328
4777,47780088128,47788019088,47788107216,88128
4778,47790259152,47798019088,47798278240,259152
4779,47800109888,47808019088,47808128976,109888
4780,47810043696,47818019088,47818062784,43696
4781,47820105856,47828019088,47828124944,105856
4782,47830174208,47838019088,47838193296,174208
4783,47840028800,47848019088,47848047888,28800
4784,47850137744,47858019088,47858156832,137744
4785,47860153744,47868019088,47868172832,153744
4786,47870155616,47878019088,47878174704,155616
4787,47880113024,47888019088,47888132112,113024
4788,47890117376,47898019088,47898136464,117376
4789,47900062352,47908019088,47908081440,62352
4790,47910138976,47918019088,47918158064,138976
4791,47920137216,47928019088,47928156304,137216
4792,47930144704,47938019088,47938163792,144704
4793,47940136256,47948019088,47948155344,136256
4794,47950159520,47958019088,47958178608,159520
4795,47960094848,47968019088,47968113936,94848
4796,47970035824,47978019088,47978054912,35824
4797,47980049600,47988019088,47988068688,49600
4798,47990056688,47998019088,47998075776,56688
4799,48000084640,48008019088,48008103728,84640
4800,48010072160,48018019088,48018091248,72160
4801,48020110624,48028019088,48028129712,110624
4802,48030045280,48038019088,48038064368,45280
4803,48040029888,48048019088,48048048976,29888
4804,48050014784,48058019088,48058033872,14784
4805,48060114288,48068019088,48068133376,114288
4806,48070103328,48078019088,48078122416,103328
4807,48080094784,48088019088,48088113872,94784
4808,48090060400,48098019088,48098079488,60400
4809,48100108624,48108019088,48108127712,108624
4810,48110201072,48118019088,48118220160,201072
4811,48120186960,48128019088,48128206048,186960
4812,48130197376,48138019088,48138216464,197376
4813,48140126224,48148019088,48148145312,126224
4814,48150324000,48158019088,48158343088,324000
4815,48160267552,48168019088,48168286640,267552
4816,48170164480,48178019088,48178183568,164480
4817,48180252672,48188019088,48188271760,252672
4818,48190117760,48198019088,48198136848,117760
4819,48200065216,48208019088,48208084304,65216
4820,48210094224,48218019088,48218113312,94224
4821,48220217296,48228019088,48228236384,217296
4822,48230089376,48238019088,48238108464,89376
4823,48240205568,48248019088,48248224656,205568
4824,48250204608,48258019088,48258223696,204608
4825,48260094880,48268019088,48268113968,94880
4826,48270053744,48278019088,48278072832,53744
4827,48280102192,48288019088,48288121280,102192
4828,48290069904,48298019088,48298088992,69904
4829,48300108384,48308019088,48308127472,108384
4830,48310085840,48318019088,48318104928,85840
4831,48320059456,48328019088,48328078544,59456
4832,48330162032,48338019088,48338181120,162032
4833,48340109568,48348019088,48348128656,109568
4834,48350063776,48358019088,48358082864,63776
4835,48360080144,48368019088,48368099232,80144
4836,48370185056,48378019088,48378204144,185056
4837,48380349632,48388019088,48388368720,349632
4838,48390385568,48398019088,48398404656,385568
4839,48400155456,48408019088,48408174544,155456
4840,48410120656,48418019088,48418139744,120656
4841,48420055968,48428019088,48428075056,55968
4842,48430051552,48438019088,48438070640,51552
4843,48440089104,48448019088,48448108192,89104
4844,48450064768,48458019088,48458083856,64768
4845,48460198032,48468019088,48468217120,198032
4846,48470172880,48478019088,48478191968,172880
4847,48480207600,48488019088,48488226688,207600
4848,48490174000,48498019088,48498193088,174000
4849,48500157200,48508019088,48508176288,157200
4850,48510146272,48518019088,48518165360,146272
4851,48520104368,48528019088,48528123456,104368
4852,48530057744,48538019088,48538076832,57744
4853,48540256528,48548019088,48548275616,256528
4854,48550369344,48558019088,48558388432,369344
4855,48560418624,48568019088,48568437712,418624
4856,48570225504,48578019088,48578244592,225504
4857,48580157008,48588019088,48588176096,157008
4858,48590225968,48598019088,48598245056,225968
4859,48600114528,48608019088,48608133616,114528
4860,48610104208,48618019088,48618123296,104208
4861,48620083568,48628019088,48628102656,83568
4862,48630076960,48638019088,48638096048,76960
4863,48640210784,48648019088,48648229872,210784
PERIODIC LATENCY CHUNK end=4864
4864,48650227856,48658019088,48658246944,227856
4865,48660211680,48668019088,48668230768,211680
4866,48670137680,48678019088,48678156768,137680
4867,48680218912,48688019088,48688238000,218912
4868,48690343312,48698019088,48698362400,343312
4869,48700183760,48708019088,48708202848,183760
4870,48710358368,48718019088,48718377456,358368
4871,48720386672,48728019088,48728405760,386672
4872,48730229504,48738019088,48738248592,229504
4873,48740264144,48748019088,48748283232,264144
4874,48750254496,48758019088,48758273584,254496
4875,48760094400,48768019088,48768113488,94400
4876,48770152384,48778019088,48778171472,152384
4877,48780268384,48788019088,48788287472,268384
4878,48790249664,48798019088,48798268752,249664
4879,48800032736,48808019088,48808051824,32736
4880,48810198368,48818019088,48818217456,198368
4881,48820255760,48828019088,48828274848,255760
4882,48830259040,48838019088,48838278128,259040
4883,48840203280,48848019088,48848222368,203280
4884,48850215408,48858019088,48858234496,215408
4885,48860267104,48868019088,48868286192,267104
4886,48870104432,48878019088,48878123520,104432
4887,48880207392,48888019088,48888226480,207392
4888,48890188240,48898019088,48898207328,188240
4889,48900084512,48908019088,48908103600,84512
4890,48910133264,48918019088,48918152352,133264
4891,48920192448,48928019088,48928211536,192448
4892,48930197840,48938019088,48938216928,197840
4893,48940236800,48948019088,48948255888,236800
4894,48950150192,48958019088,48958169280,150192
4895,48960084224,48968019088,48968103312,84224
4896,48970181712,48978019088,48978200800,181712
4897,48980190096,48988019088,48988209184,190096
4898,48990120304,48998019088,48998139392,120304
4899,49000074608,49008019088,49008093696,74608
4900,49010061424,49018019088,49018080512,61424
4901,49020004624,49028019088,49028023712,4624
4902,49030003968,49038019088,49038023056,3968
4903,49040075088,49048019088,49048094176,75088
4904,49050014720,49058019088,49058033808,14720
4905,49060005344,49068019088,49068024432,5344
4906,49070011728,49078019088,49078030816,11728
4907,49080015840,49088019088,49088034928,15840
4908,49090010688,49098019088,49098029776,10688
4909,49100004496,49108019088,49108023584,4496
4910,49110044416,49118019088,49118063504,44416
4911,49120046976,49128019088,49128066064,46976
4912,49130073360,49138019088,49138092448,73360
4913,49140047456,49148019088,49148066544,47456
4914,49150021168,49158019088,49158040256,21168
4915,49160062112,49168019088,49168081200,62112
4916,49170029968,49178019088,49178049056,29968
4917,49180072848,49188019088,49188091936,72848
4918,49190145216,49198019088,49198164304,145216
4919,49200142720,49208019088,49208161808,142720
4920,49210171584,49218019088,49218190672,171584
4921,49220228752,49228019088,49228247840,228752
4922,49230229408,49238019088,49238248496,229408
4923,49240252480,49248019088,49248271568,252480
4924,49250228752,49258019088,49258247840,228752
4925,49260242048,49268019088,49268261136,242048
4926,49270207520,49278019088,49278226608,207520
4927,49280232048,49288019088,49288251136,232048
4928,49290158160,49298019088,49298177248,158160
4929,49300241696,49308019088,49308260784,241696
4930,49310107744,49318019088,49318126832,107744
4931,49320092496,49328019088,49328111584,92496
4932,49330111312,49338019088,49338130400,111312
4933,49340109808,49348019088,49348128896,109808
4934,49350132560,49358019088,49358151648,132560
4935,49360128480,49368019088,49368147568,128480
4936,49370109728,49378019088,49378128816,109728
4937,49380033776,49388019088,49388052864,33776
4938,49390064080,49398019088,49398083168,64080
4939,49400077824,49408019088,49408096912,77824
4940,49410124592,49418019088,49418143680,124592
4941,49420078432,49428019088,49428097520,78432
4942,49430084880,49438019088,49438103968,84880
4943,49440136544,49448019088,49448155632,136544
4944,49450075632,49458019088,49458094720,75632
4945,49460089712,49468019088,49468108800,89712
4946,49470225040,49478019088,49478244128,225040
4947,49480286976,49488019088,49488306064,286976
4948,49490228832,49498019088,49498247920,228832
4949,49500143200,49508019088,49508162288,143200
4950,49510154992,49518019088,49518174080,154992
4951,49520220960,49528019088,49528240048,220960
4952,49530144224,49538019088,49538163312,144224
4953,49540133808,49548019088,49548152896,133808
4954,49550157312,49558019088,49558176400,157312
4955,49560176000,49568019088,49568195088,176000
4956,49570166752,49578019088,49578185840,166752
4957,49580268400,49588019088,49588287488,268400
4958,49590222144,49598019088,49598241232,222144
4959,49600159856,49608019088,49608178944,159856
4960,49610126768,49618019088,49618145856,126768
4961,49620305392,49628019088,49628324480,305392
4962,49630203408,49638019088,49638222496,203408
4963,49640164832,49648019088,49648183920,164832
4964,49650210816,49658019088,49658229904,210816
4965,49660165824,49668019088,49668184912,165824
4966,49670151952,49678019088,49678171040,151952
4967,49680080720,49688019088,49688099808,80720
4968,49690192608,49698019088,49698211696,192608
4969,49700231312,49708019088,49708250400,231312
4970,49710269712,49718019088,49718288800,269712
4971,49720293104,49728019088,49728312192,293104
4972,49730142576,49738019088,49738161664,142576
4973,49740188528,49748019088,49748207616,188528
4974,49750224208,49758019088,49758243296,224208
4975,49760274848,49768019088,49768293936,274848
4976,49770207136,49778019088,49778226224,207136
4977,49780103616,49788019088,49788122704,103616
4978,49790191440,49798019088,49798210528,191440
4979,49800259040,49808019088,49808278128,259040
4980,49810149120,49818019088,49818168208,149120
4981,49820155616,49828019088,49828174704,155616
4982,49830112672,49838019088,49838131760,112672
4983,49840200496,49848019088,49848219584,200496
4984,49850228784,49858019088,49858247872,228784
4985,49860146384,49868019088,49868165472,146384
4986,49870141248,49878019088,49878160336,141248
4987,49880092336,49888019088,49888111424,92336
4988,49890137152,49898019088,49898156240,137152
4989,49900169648,49908019088,49908188736,169648
4990,49910066784,49918019088,49918085872,66784
4991,49920197728,49928019088,49928216816,197728
4992,49930140688,49938019088,49938159776,140688
4993,49940187136,49948019088,49948206224,187136
4994,49950197024,49958019088,49958216112,197024
4995,49960208864,49968019088,49968227952,208864
4996,49970129568,49978019088,49978148656,129568
4997,49980108240,49988019088,49988127328,108240
4998,49990102160,49998019088,49998121248,102160
4999,50000084160,50008019088,50008103248,84160
5000,50010099328,50018019088,50018118416,99328
5001,50020108384,50028019088,50028127472,108384
5002,50030093056,50038019088,50038112144,93056
5003,50040077712,50048019088,50048096800,77712
5004,50050046160,50058019088,50058065248,46160
5005,50060095616,50068019088,50068114704,95616
5006,50070212336,50078019088,50078231424,212336
5007,50080278704,50088019088,50088297792,278704
5008,50090129424,50098019088,50098148512,129424
5009,50100189776,50108019088,50108208864,189776
5010,50110126704,50118019088,50118145792,126704
5011,50120159136,50128019088,50128178224,159136
5012,50130135008,50138019088,50138154096,135008
5013,50140207472,50148019088,50148226560,207472
5014,50150280272,50158019088,50158299360,280272
5015,50160288288,50168019088,50168307376,288288
5016,50170213872,50178019088,50178232960,213872
5017,50180193776,50188019088,50188212864,193776
5018,50190170208,50198019088,50198189296,170208
5019,50200265488,50208019088,50208284576,265488
5020,50210187008,50218019088,50218206096,187008
5021,50220163120,50228019088,50228182208,163120
5022,50230177744,50238019088,50238196832,177744
5023,50240096880,50248019088,50248115968,96880
5024,50250102384,50258019088,50258121472,102384
5025,50260074944,50268019088,50268094032,74944
5026,50270081520,50278019088,50278100608,81520
5027,50280069296,50288019088,50288088384,69296
5028,50290069008,50298019088,50298088096,69008
5029,50300071984,50308019088,50308091072,71984
5030,50310099248,50318019088,50318118336,99248
5031,50320175248,50328019088,50328194336,175248
5032,50330134928,50338019088,50338154016,134928
5033,50340222608,50348019088,50348241696,222608
5034,50350112928,50358019088,50358132016,112928
5035,50360147216,50368019088,50368166304,147216
5036,50370198352,50378019088,50378217440,198352
5037,50380174240,50388019088,50388193328,174240
5038,50390134544,50398019088,50398153632,134544
5039,50400100432,50408019088,50408119520,100432
5040,50410194640,50418019088,50418213728,194640
5041,50420148688,50428019088,50428167776,148688
5042,50430225200,50438019088,50438244288,225200
5043,50440271712,50448019088,50448290800,271712
5044,50450092784,50458019088,50458111872,92784
5045,50460134032,50468019088,50468153120,134032
5046,50470086784,50478019088,50478105872,86784
5047,50480105504,50488019088,50488124592,105504
5048,50490094736,50498019088,50498113824,94736
5049,50500078752,50508019088,50508097840,78752
5050,50510097024,50518019088,50518116112,97024
5051,50520144912,50528019088,50528164000,144912
5052,50530081072,50538019088,50538100160,81072
5053,50540073600,50548019088,50548092688,73600
5054,50550066064,50558019088,50558085152,66064
5055,50560094608,50568019088,50568113696,94608
5056,50570082656,50578019088,50578101744,82656
5057,50580242736,50588019088,50588261824,242736
5058,50590188816,50598019088,50598207904,188816
5059,50600199392,50608019088,50608218480,199392
5060,50610115504,50618019088,50618134592,115504
5061,50620118624,50628019088,50628137712,118624
5062,50630141264,50638019088,50638160352,141264
5063,50640207440,50648019088,50648226528,207440
5064,50650178768,50658019088,50658197856,178768
5065,50660146320,50668019088,50668165408,146320
5066,50670204032,50678019088,50678223120,204032
5067,50680207248,50688019088,50688226336,207248
5068,50690151104,50698019088,50698170192,151104
5069,50700240288,50708019088,50708259376,240288
5070,50710156672,50718019088,50718175760,156672
5071,50720212576,50728019088,50728231664,212576
5072,50730159536,50738019088,50738178624,159536
5073,50740145936,50748019088,50748165024,145936
5074,50750186864,50758019088,50758205952,186864
5075,50760213408,50768019088,50768232496,213408
5076,50770077072,50778019088,50778096160,77072
5077,50780185552,50788019088,50788204640,185552
5078,50790212384,50798019088,50798231472,212384
5079,50800106784,50808019088,50808125872,106784
5080,50810129216,50818019088,50818148304,129216
5081,50820105776,50828019088,50828124864,105776
5082,50830113472,50838019088,50838132560,113472
5083,50840083472,50848019088,50848102560,83472
5084,50850136272,50858019088,50858155360,136272
5085,50860088336,50868019088,50868107424,88336
5086,50870164000,50878019088,50878183088,164000
5087,50880149088,50888019088,50888168176,149088
5088,50890088464,50898019088,50898107552,88464
5089,50900117440,50908019088,50908136528,117440
5090,50910076288,50918019088,50918095376,76288
5091,50920102768,50928019088,50928121856,102768
5092,50930137040,50938019088,50938156128,137040
5093,50940101456,50948019088,50948120544,101456
5094,50950197536,50958019088,50958216624,197536
5095,50960233696,50968019088,50968252784,233696
5096,50970241232,50978019088,50978260320,241232
5097,50980232496,50988019088,50988251584,232496
5098,50990213728,50998019088,50998232816,213728
5099,51000265088,51008019088,51008284176,265088
5100,51010197776,51018019088,51018216864,197776
5101,51020219184,51028019088,51028238272,219184
5102,51030216016,51038019088,51038235104,216016
5103,51040236304,51048019088,51048255392,236304
5104,51050135568,51058019088,51058154656,135568
5105,51060134304,51068019088,51068153392,134304
5106,51070072992,51078019088,51078092080,72992
5107,51080148768,51088019088,51088167856,148768
5108,51090082128,51098019088,51098101216,82128
5109,51100066096,51108019088,51108085184,66096
5110,51110114816,51118019088,51118133904,114816
5111,51120115536,51128019088,51128134624,115536
5112,51130073536,51138019088,51138092624,73536
5113,51140086736,51148019088,51148105824,86736
5114,51150091120,51158019088,51158110208,91120
5115,51160139504,51168019088,51168158592,139504
5116,51170085552,51178019088,51178104640,85552
5117,51180104608,51188019088,51188123696,104608
5118,51190121840,51198019088,51198140928,121840
5119,51200157920,51208019088,51208177008,157920
PERIODIC LATENCY CHUNK end=5120
5120,51210183856,51218019088,51218202944,183856
5121,51220190352,51228019088,51228209440,190352
5122,51230118432,51238019088,51238137520,118432
5123,51240222576,51248019088,51248241664,222576
5124,51250209888,51258019088,51258228976,209888
5125,51260104384,51268019088,51268123472,104384
5126,51270214816,51278019088,51278233904,214816
5127,51280171152,51288019088,51288190240,171152
5128,51290131088,51298019088,51298150176,131088
5129,51300180416,51308019088,51308199504,180416
5130,51310240608,51318019088,51318259696,240608
5131,51320151552,51328019088,51328170640,151552
5132,51330139744,51338019088,51338158832,139744
5133,51340153296,51348019088,51348172384,153296
5134,51350122096,51358019088,51358141184,122096
5135,51360084912,51368019088,51368104000,84912
5136,51370119984,51378019088,51378139072,119984
5137,51380192224,51388019088,51388211312,192224
5138,51390176480,51398019088,51398195568,176480
5139,51400175616,51408019088,51408194704,175616
5140,51410179840,51418019088,51418198928,179840
5141,51420197456,51428019088,51428216544,197456
5142,51430208496,51438019088,51438227584,208496
5143,51440200480,51448019088,51448219568,200480
5144,51450063744,51458019088,51458082832,63744
5145,51460104992,51468019088,51468124080,104992
5146,51470116784,51478019088,51478135872,116784
5147,51480220944,51488019088,51488240032,220944
5148,51490139872,51498019088,51498158960,139872
5149,51500117744,51508019088,51508136832,117744
5150,51510265232,51518019088,51518284320,265232
5151,51520267904,51528019088,51528286992,267904
5152,51530157200,51538019088,51538176288,157200
5153,51540240592,51548019088,51548259680,240592
5154,51550277936,51558019088,51558297024,277936
5155,51560119744,51568019088,51568138832,119744
5156,51570136384,51578019088,51578155472,136384
5157,51580169632,51588019088,51588188720,169632
5158,51590147024,51598019088,51598166112,147024
5159,51600160208,51608019088,51608179296,160208
5160,51610137920,51618019088,51618157008,137920
5161,51620180704,51628019088,51628199792,180704
5162,51630179152,51638019088,51638198240,179152
5163,51640174032,51648019088,51648193120,174032
5164,51650180240,51658019088,51658199328,180240
5165,51660129872,51668019088,51668148960,129872
5166,51670059376,51678019088,51678078464,59376
5167,51680106160,51688019088,51688125248,106160
5168,51690083712,51698019088,51698102800,83712
5169,51700074944,51708019088,51708094032,74944
5170,51710064864,51718019088,51718083952,64864
5171,51720078016,51728019088,51728097104,78016
5172,51730148720,51738019088,51738167808,148720
5173,51740290624,51748019088,51748309712,290624
5174,51750224112,51758019088,51758243200,224112
5175,51760178960,51768019088,51768198048,178960
5176,51770113760,51778019088,51778132848,113760
5177,51780148928,51788019088,51788168016,148928
5178,51790149312,51798019088,51798168400,149312
5179,51800159280,51808019088,51808178368,159280
5180,51810114944,51818019088,51818134032,114944
5181,51820068272,51828019088,51828087360,68272
5182,51830032400,51838019088,51838051488,32400
5183,51840051936,51848019088,51848071024,51936
5184,51850036336,51858019088,51858055424,36336
5185,51860031040,51868019088,51868050128,31040
5186,51870027808,51878019088,51878046896,27808
5187,51880029200,51888019088,51888048288,29200
5188,51890023280,51898019088,51898042368,23280
5189,51900050128,51908019088,51908069216,50128
5190,51910056320,51918019088,51918075408,56320
5191,51920087424,51928019088,51928106512,87424
5192,51930098912,51938019088,51938118000,98912
5193,51940097856,51948019088,51948116944,97856
5194,51950151408,51958019088,51958170496,151408
5195,51960088208,51968019088,51968107296,88208
5196,51970074544,51978019088,51978093632,74544
5197,51980056928,51988019088,51988076016,56928
5198,51990059120,51998019088,51998078208,59120
5199,52000099200,52008019088,52008118288,99200
5200,52010061184,52018019088,52018080272,61184
5201,52020270304,52028019088,52028289392,270304
5202,52030197376,52038019088,52038216464,197376
5203,52040173728,52048019088,52048192816,173728
5204,52050173568,52058019088,52058192656,173568
5205,52060084496,52068019088,52068103584,84496
5206,52070108992,52078019088,52078128080,108992
5207,52080161280,52088019088,52088180368,161280
5208,52090098576,52098019088,52098117664,98576
5209,52100144624,52108019088,52108163712,144624
5210,52110117216,52118019088,52118136304,117216
5211,52120154608,52128019088,52128173696,154608
5212,52130115168,52138019088,52138134256,115168
5213,52140121504,52148019088,52148140592,121504
5214,52150153504,52158019088,52158172592,153504
5215,52160132800,52168019088,52168151888,132800
5216,52170147920,52178019088,52178167008,147920
5217,52180127984,52188019088,52188147072,127984
5218,52190123920,52198019088,52198143008,123920
5219,52200180448,52208019088,52208199536,180448
5220,52210117904,52218019088,52218136992,117904
5221,52220167680,52228019088,52228186768,167680
5222,52230119360,52238019088,52238138448,119360
5223,52240114224,52248019088,52248133312,114224
5224,52250107024,52258019088,52258126112,107024
5225,52260111088,52268019088,52268130176,111088
5226,52270090352,52278019088,52278109440,90352
5227,52280085424,52288019088,52288104512,85424
5228,52290129728,52298019088,52298148816,129728
5229,52300103696,52308019088,52308122784,103696
5230,52310068080,52318019088,52318087168,68080
5231,52320061552,52328019088,52328080640,61552
5232,52330118336,52338019088,52338137424,118336
5233,52340149072,52348019088,52348168160,149072
5234,52350093760,52358019088,52358112848,93760
5235,52360089312,52368019088,52368108400,89312
5236,52370075600,52378019088,52378094688,75600
5237,52380157792,52388019088,52388176880,157792
5238,52390192288,52398019088,52398211376,192288
5239,52400145920,52408019088,52408165008,145920
5240,52410136000,52418019088,52418155088,136000
5241,52420152528,52428019088,52428171616,152528
5242,52430181920,52438019088,52438201008,181920
5243,52440261952,52448019088,52448281040,261952
5244,52450158384,52458019088,52458177472,158384
5245,52460126592,52468019088,52468145680,126592
5246,52470175520,52478019088,52478194608,175520
5247,52480302480,52488019088,52488321568,302480
5248,52490430176,52498019088,52498449264,430176
5249,52500108400,52508019088,52508127488,108400
5250,52510121456,52518019088,52518140544,121456
5251,52520154848,52528019088,52528173936,154848
5252,52530201712,52538019088,52538220800,201712
5253,52540135056,52548019088,52548154144,135056
5254,52550150896,52558019088,52558169984,150896
5255,52560179216,52568019088,52568198304,179216
5256,52570085488,52578019088,52578104576,85488
5257,52580242464,52588019088,52588261552,242464
5258,52590187136,52598019088,52598206224,187136
5259,52600268880,52608019088,52608287968,268880
5260,52610178016,52618019088,52618197104,178016
5261,52620095952,52628019088,52628115040,95952
5262,52630130768,52638019088,52638149856,130768
5263,52640185280,52648019088,52648204368,185280
5264,52650256992,52658019088,52658276080,256992
5265,52660103856,52668019088,52668122944,103856
5266,52670084608,52678019088,52678103696,84608
5267,52680103488,52688019088,52688122576,103488
5268,52690091120,52698019088,52698110208,91120
5269,52700092560,52708019088,52708111648,92560
5270,52710070272,52718019088,52718089360,70272
5271,52720119680,52728019088,52728138768,119680
5272,52730121376,52738019088,52738140464,121376
5273,52740212096,52748019088,52748231184,212096
5274,52750256720,52758019088,52758275808,256720
5275,52760227888,52768019088,52768246976,227888
5276,52770238864,52778019088,52778257952,238864
5277,52780268256,52788019088,52788287344,268256
5278,52790193696,52798019088,52798212784,193696
5279,52800224960,52808019088,52808244048,224960
5280,52810192032,52818019088,52818211120,192032
5281,52820220064,52828019088,52828239152,220064
5282,52830160000,52838019088,52838179088,160000
5283,52840299920,52848019088,52848319008,299920
5284,52850337392,52858019088,52858356480,337392
5285,52860221744,52868019088,52868240832,221744
5286,52870226544,52878019088,52878245632,226544
5287,52880283744,52888019088,52888302832,283744
5288,52890260416,52898019088,52898279504,260416
5289,52900252080,52908019088,52908271168,252080
5290,52910161008,52918019088,52918180096,161008
5291,52920201216,52928019088,52928220304,201216
5292,52930250848,52938019088,52938269936,250848
5293,52940214400,52948019088,52948233488,214400
5294,52950286608,52958019088,52958305696,286608
5295,52960201600,52968019088,52968220688,201600
5296,52970093472,52978019088,52978112560,93472
5297,52980202128,52988019088,52988221216,202128
5298,52990122384,52998019088,52998141472,122384
5299,53000109408,53008019088,53008128496,109408
5300,53010067712,53018019088,53018086800,67712
5301,53020083248,53028019088,53028102336,83248
5302,53030074384,53038019088,53038093472,74384
5303,53040106400,53048019088,53048125488,106400
5304,53050096016,53058019088,53058115104,96016
5305,53060107920,53068019088,53068127008,107920
5306,53070072640,53078019088,53078091728,72640
5307,53080100848,53088019088,53088119936,100848
5308,53090114064,53098019088,53098133152,114064
5309,53100113568,53108019088,53108132656,113568
5310,53110142560,53118019088,53118161648,142560
5311,53120174064,53128019088,53128193152,174064
5312,53130165664,53138019088,53138184752,165664
5313,53140132448,53148019088,53148151536,132448
5314,53150114432,53158019088,53158133520,114432
5315,53160100624,53168019088,53168119712,100624
5316,53170092176,53178019088,53178111264,92176
5317,53180156592,53188019088,53188175680,156592
5318,53190143008,53198019088,53198162096,143008
5319,53200147936,53208019088,53208167024,147936
5320,53210131408,53218019088,53218150496,131408
5321,53220069056,53228019088,53228088144,69056
5322,53230080384,53238019088,53238099472,80384
5323,53240089376,53248019088,53248108464,89376
5324,53250177312,53258019088,53258196400,177312
5325,53260089248,53268019088,53268108336,89248
5326,53270113744,53278019088,53278132832,113744
5327,53280095456,53288019088,53288114544,95456
5328,53290091248,53298019088,53298110336,91248
5329,53300086576,53308019088,53308105664,86576
5330,53310072640,53318019088,53318091728,72640
5331,53320081648,53328019088,53328100736,81648
5332,53330081728,53338019088,53338100816,81728
5333,53340089056,53348019088,53348108144,89056
5334,53350076560,53358019088,53358095648,76560
5335,53360081936,53368019088,53368101024,81936
5336,53370082416,53378019088,53378101504,82416
5337,53380062656,53388019088,53388081744,62656
5338,53390060288,53398019088,53398079376,60288
5339,53400072880,53408019088,53408091968,72880
5340,53410085808,53418019088,53418104896,85808
5341,53420086512,53428019088,53428105600,86512
5342,53430110352,53438019088,53438129440,110352
5343,53440075024,53448019088,53448094112,75024
5344,53450088192,53458019088,53458107280,88192
5345,53460120240,53468019088,53468139328,120240
5346,53470146064,53478019088,53478165152,146064
5347,53480181200,53488019088,53488200288,181200
5348,53490178032,53498019088,53498197120,178032
5349,53500160992,53508019088,53508180080,160992
5350,53510325152,53518019088,53518344240,325152
5351,53520446368,53528019088,53528465456,446368
5352,53530358800,53538019088,53538377888,358800
5353,53540419664,53548019088,53548438752,419664
5354,53550368944,53558019088,53558388032,368944
5355,53560238336,53568019088,53568257424,238336
5356,53570181392,53578019088,53578200480,181392
5357,53580215872,53588019088,53588234960,215872
5358,53590166304,53598019088,53598185392,166304
5359,53600180672,53608019088,53608199760,180672
5360,53610207456,53618019088,53618226544,207456
5361,53620231568,53628019088,53628250656,231568
5362,53630144720,53638019088,53638163808,144720
5363,53640368848,53648019088,53648387936,368848
5364,53650418864,53658019088,53658437952,418864
5365,53660234480,53668019088,53668253568,234480
5366,53670241072,53678019088,53678260160,241072
5367,53680411680,53688019088,53688430768,411680
5368,53690393056,53698019088,53698412144,393056
5369,53700368960,53708019088,53708388048,368960
5370,53710256752,53718019088,53718275840,256752
5371,53720342064,53728019088,53728361152,342064
5372,53730208176,53738019088,53738227264,208176
5373,53740117120,53748019088,53748136208,117120
5374,53750160080,53758019088,53758179168,160080
5375,53760089136,53768019088,53768108224,89136
PERIODIC LATENCY CHUNK end=5376
5376,53770090752,53778019088,53778109840,90752
5377,53780172960,53788019088,53788192048,172960
5378,53790186976,53798019088,53798206064,186976
5379,53800251872,53808019088,53808270960,251872
5380,53810220384,53818019088,53818239472,220384
5381,53820347632,53828019088,53828366720,347632
5382,53830241072,53838019088,53838260160,241072
5383,53840414544,53848019088,53848433632,414544
5384,53850370400,53858019088,53858389488,370400
5385,53860188736,53868019088,53868207824,188736
5386,53870134880,53878019088,53878153968,134880
5387,53880112400,53888019088,53888131488,112400
5388,53890131728,53898019088,53898150816,131728
5389,53900085504,53908019088,53908104592,85504
5390,53910096832,53918019088,53918115920,96832
5391,53920137968,53928019088,53928157056,137968
5392,53930069632,53938019088,53938088720,69632
5393,53940105776,53948019088,53948124864,105776
5394,53950073200,53958019088,53958092288,73200
5395,53960075792,53968019088,53968094880,75792
5396,53970124016,53978019088,53978143104,124016
5397,53980108560,53988019088,53988127648,108560
5398,53990148240,53998019088,53998167328,148240
5399,54000180960,54008019088,54008200048,180960
5400,54010132224,54018019088,54018151312,132224
5401,54020154256,54028019088,54028173344,154256
5402,54030134624,54038019088,54038153712,134624
5403,54040215072,54048019088,54048234160,215072
5404,54050304144,54058019088,54058323232,304144
5405,54060122112,54068019088,54068141200,122112
5406,54070151008,54078019088,54078170096,151008
5407,54080189936,54088019088,54088209024,189936
5408,54090127680,54098019088,54098146768,127680
5409,54100091008,54108019088,54108110096,91008
5410,54110123504,54118019088,54118142592,123504
5411,54120138656,54128019088,54128157744,138656
5412,54130113248,54138019088,54138132336,113248
5413,54140064560,54148019088,54148083648,64560
5414,54150094128,54158019088,54158113216,94128
5415,54160064896,54168019088,54168083984,64896
5416,54170083520,54178019088,54178102608,83520
5417,54180074960,54188019088,54188094048,74960
5418,54190060720,54198019088,54198079808,60720
5419,54200083280,54208019088,54208102368,83280
5420,54210111648,54218019088,54218130736,111648
5421,54220047216,54228019088,54228066304,47216
5422,54230076432,54238019088,54238095520,76432
5423,54240082784,54248019088,54248101872,82784
5424,54250151152,54258019088,54258170240,151152
5425,54260149328,54268019088,54268168416,149328
5426,54270152048,54278019088,54278171136,152048
5427,54280170944,54288019088,54288190032,170944
5428,54290231152,54298019088,54298250240,231152
5429,54300330816,54308019088,54308349904,330816
5430,54310211280,54318019088,54318230368,211280
5431,54320159040,54328019088,54328178128,159040
5432,54330161632,54338019088,54338180720,161632
5433,54340206368,54348019088,54348225456,206368
5434,54350199024,54358019088,54358218112,199024
5435,54360121088,54368019088,54368140176,121088
5436,54370154272,54378019088,54378173360,154272
5437,54380110544,54388019088,54388129632,110544
5438,54390157440,54398019088,54398176528,157440
5439,54400199072,54408019088,54408218160,199072
5440,54410112960,54418019088,54418132048,112960
5441,54420158176,54428019088,54428177264,158176
5442,54430112240,54438019088,54438131328,112240
5443,54440147024,54448019088,54448166112,147024
5444,54450141952,54458019088,54458161040,141952
5445,54460079248,54468019088,54468098336,79248
5446,54470143408,54478019088,54478162496,143408
5447,54480154512,54488019088,54488173600,154512
5448,54490182320,54498019088,54498201408,182320
5449,54500096560,54508019088,54508115648,96560
5450,54510109152,54518019088,54518128240,109152
5451,54520131232,54528019088,54528150320,131232
5452,54530162912,54538019088,54538182000,162912
5453,54540147408,54548019088,54548166496,147408
5454,54550110544,54558019088,54558129632,110544
5455,54560127872,54568019088,54568146960,127872
5456,54570075840,54578019088,54578094928,75840
5457,54580104880,54588019088,54588123968,104880
5458,54590146992,54598019088,54598166080,146992
5459,54600074464,54608019088,54608093552,74464
5460,54610089248,54618019088,54618108336,89248
5461,54620103312,54628019088,54628122400,103312
5462,54630075008,54638019088,54638094096,75008
5463,54640063536,54648019088,54648082624,63536
5464,54650105584,54658019088,54658124672,105584
5465,54660104624,54668019088,54668123712,104624
5466,54670086096,54678019088,54678105184,86096
5467,54680101024,54688019088,54688120112,101024
5468,54690078416,54698019088,54698097504,78416
5469,54700101616,54708019088,54708120704,101616
5470,54710075072,54718019088,54718094160,75072
5471,54720087008,54728019088,54728106096,87008
5472,54730082832,54738019088,54738101920,82832
5473,54740109632,54748019088,54748128720,109632
5474,54750182912,54758019088,54758202000,182912
5475,54760122560,54768019088,54768141648,122560
5476,54770141104,54778019088,54778160192,141104
5477,54780145408,54788019088,54788164496,145408
5478,54790138688,54798019088,54798157776,138688
5479,54800159824,54808019088,54808178912,159824
5480,54810141680,54818019088,54818160768,141680
5481,54820164832,54828019088,54828183920,164832
5482,54830075760,54838019088,54838094848,75760
5483,54840071968,54848019088,54848091056,71968
5484,54850094912,54858019088,54858114000,94912
5485,54860082512,54868019088,54868101600,82512
5486,54870080144,54878019088,54878099232,80144
5487,54880047104,54888019088,54888066192,47104
5488,54890088576,54898019088,54898107664,88576
5489,54900088752,54908019088,54908107840,88752
5490,54910092368,54918019088,54918111456,92368
5491,54920072816,54928019088,54928091904,72816
5492,54930021232,54938019088,54938040320,21232
5493,54940027488,54948019088,54948046576,27488
5494,54950084352,54958019088,54958103440,84352
5495,54960042240,54968019088,54968061328,42240
5496,54970082432,54978019088,54978101520,82432
5497,54980126512,54988019088,54988145600,126512
5498,54990100112,54998019088,54998119200,100112
5499,55000194656,55008019088,55008213744,194656
5500,55010187312,55018019088,55018206400,187312
5501,55020175376,55028019088,55028194464,175376
5502,55030112480,55038019088,55038131568,112480
5503,55040355280,55048019088,55048374368,355280
5504,55050278960,55058019088,55058298048,278960
5505,55060190336,55068019088,55068209424,190336
5506,55070391312,55078019088,55078410400,391312
5507,55080327744,55088019088,55088346832,327744
5508,55090159008,55098019088,55098178096,159008
5509,55100203488,55108019088,55108222576,203488
5510,55110343104,55118019088,55118362192,343104
5511,55120389120,55128019088,55128408208,389120
5512,55130356224,55138019088,55138375312,356224
5513,55140424096,55148019088,55148443184,424096
5514,55150416064,55158019088,55158435152,416064
5515,55160305808,55168019088,55168324896,305808
5516,55170337216,55178019088,55178356304,337216
5517,55180414032,55188019088,55188433120,414032
5518,55190216160,55198019088,55198235248,216160
5519,55200374992,55208019088,55208394080,374992
5520,55210434960,55218019088,55218454048,434960
5521,55220405232,55228019088,55228424320,405232
5522,55230340704,55238019088,55238359792,340704
5523,55240355856,55248019088,55248374944,355856
5524,55250407264,55258019088,55258426352,407264
5525,55260212000,55268019088,55268231088,212000
5526,55270245984,55278019088,55278265072,245984
5527,55280407824,55288019088,55288426912,407824
5528,55290290736,55298019088,55298309824,290736
5529,55300347488,55308019088,55308366576,347488
5530,55310312720,55318019088,55318331808,312720
5531,55320310400,55328019088,55328329488,310400
5532,55330363792,55338019088,55338382880,363792
5533,55340287216,55348019088,55348306304,287216
5534,55350366656,55358019088,55358385744,366656
5535,55360297088,55368019088,55368316176,297088
5536,55370349856,55378019088,55378368944,349856
5537,55380405920,55388019088,55388425008,405920
5538,55390374912,55398019088,55398394000,374912
5539,55400281184,55408019088,55408300272,281184
5540,55410323888,55418019088,55418342976,323888
5541,55420353168,55428019088,55428372256,353168
5542,55430411168,55438019088,55438430256,411168
5543,55440284992,55448019088,55448304080,284992
5544,55450226912,55458019088,55458246000,226912
5545,55460184960,55468019088,55468204048,184960
5546,55470127072,55478019088,55478146160,127072
5547,55480071600,55488019088,55488090688,71600
5548,55490186048,55498019088,55498205136,186048
5549,55500113600,55508019088,55508132688,113600
5550,55510131088,55518019088,55518150176,131088
5551,55520172752,55528019088,55528191840,172752
5552,55530160048,55538019088,55538179136,160048
5553,55540073504,55548019088,55548092592,73504
5554,55550101472,55558019088,55558120560,101472
5555,55560127712,55568019088,55568146800,127712
5556,55570133328,55578019088,55578152416,133328
5557,55580110784,55588019088,55588129872,110784
5558,55590163072,55598019088,55598182160,163072
5559,55600193760,55608019088,55608212848,193760
5560,55610146864,55618019088,55618165952,146864
5561,55620179584,55628019088,55628198672,179584
5562,55630110704,55638019088,55638129792,110704
5563,55640151664,55648019088,55648170752,151664
5564,55650108144,55658019088,55658127232,108144
5565,55660117584,55668019088,55668136672,117584
5566,55670106464,55678019088,55678125552,106464
5567,55680161008,55688019088,55688180096,161008
5568,55690113536,55698019088,55698132624,113536
5569,55700139920,55708019088,55708159008,139920
5570,55710063856,55718019088,55718082944,63856
5571,55720087440,55728019088,55728106528,87440
5572,55730075712,55738019088,55738094800,75712
5573,55740125424,55748019088,55748144512,125424
5574,55750186080,55758019088,55758205168,186080
5575,55760095952,55768019088,55768115040,95952
5576,55770141728,55778019088,55778160816,141728
5577,55780124272,55788019088,55788143360,124272
5578,55790064448,55798019088,55798083536,64448
5579,55800113728,55808019088,55808132816,113728
5580,55810064976,55818019088,55818084064,64976
5581,55820094432,55828019088,55828113520,94432
5582,55830058752,55838019088,55838077840,58752
5583,55840081392,55848019088,55848100480,81392
5584,55850190800,55858019088,55858209888,190800
5585,55860089056,55868019088,55868108144,89056
5586,55870110736,55878019088,55878129824,110736
5587,55880137024,55888019088,55888156112,137024
5588,55890151040,55898019088,55898170128,151040
5589,55900086400,55908019088,55908105488,86400
5590,55910068560,55918019088,55918087648,68560
5591,55920092304,55928019088,55928111392,92304
5592,55930098960,55938019088,55938118048,98960
5593,55940075280,55948019088,55948094368,75280
5594,55950108224,55958019088,55958127312,108224
5595,55960069328,55968019088,55968088416,69328
5596,55970111392,55978019088,55978130480,111392
5597,55980232336,55988019088,55988251424,232336
5598,55990267888,55998019088,55998286976,267888
5599,56000197872,56008019088,56008216960,197872
5600,56010245584,56018019088,56018264672,245584
5601,56020238000,56028019088,56028257088,238000
5602,56030357264,56038019088,56038376352,357264
5603,56040429008,56048019088,56048448096,429008
5604,56050391648,56058019088,56058410736,391648
5605,56060194912,56068019088,56068214000,194912
5606,56070190304,56078019088,56078209392,190304
5607,56080260976,56088019088,56088280064,260976
5608,56090222128,56098019088,56098241216,222128
5609,56100124480,56108019088,56108143568,124480
5610,56110195312,56118019088,56118214400,195312
5611,56120139952,56128019088,56128159040,139952
5612,56130144912,56138019088,56138164000,144912
5613,56140101632,56148019088,56148120720,101632
5614,56150091952,56158019088,56158111040,91952
5615,56160081008,56168019088,56168100096,81008
5616,56170124432,56178019088,56178143520,124432
5617,56180111584,56188019088,56188130672,111584
5618,56190177152,56198019088,56198196240,177152
5619,56200146192,56208019088,56208165280,146192
5620,56210144480,56218019088,56218163568,144480
5621,56220170016,56228019088,56228189104,170016
5622,56230168784,56238019088,56238187872,168784
5623,56240179056,56248019088,56248198144,179056
5624,56250163248,56258019088,56258182336,163248
5625,56260176480,56268019088,56268195568,176480
5626,56270144448,56278019088,56278163536,144448
5627,56280153648,56288019088,56288172736,153648
5628,56290202208,56298019088,56298221296,202208
5629,56300166128,56308019088,56308185216,166128
5630,56310073792,56318019088,56318092880,73792
5631,56320083712,56328019088,56328102800,83712
PERIODIC LATENCY CHUNK end=5632
5632,56330119792,56338019088,56338138880,119792
5633,56340187232,56348019088,56348206320,187232
5634,56350202048,56358019088,56358221136,202048
5635,56360101600,56368019088,56368120688,101600
5636,56370104016,56378019088,56378123104,104016
5637,56380130720,56388019088,56388149808,130720
5638,56390156272,56398019088,56398175360,156272
5639,56400116720,56408019088,56408135808,116720
5640,56410172032,56418019088,56418191120,172032
5641,56420142256,56428019088,56428161344,142256
5642,56430178704,56438019088,56438197792,178704
5643,56440173472,56448019088,56448192560,173472
5644,56450132304,56458019088,56458151392,132304
5645,56460132064,56468019088,56468151152,132064
5646,56470130224,56478019088,56478149312,130224
5647,56480146736,56488019088,56488165824,146736
5648,56490179360,56498019088,56498198448,179360
5649,56500114864,56508019088,56508133952,114864
5650,56510134976,56518019088,56518154064,134976
5651,56520165296,56528019088,56528184384,165296
5652,56530127696,56538019088,56538146784,127696
5653,56540132304,56548019088,56548151392,132304
5654,56550120928,56558019088,56558140016,120928
5655,56560116592,56568019088,56568135680,116592
5656,56570153280,56578019088,56578172368,153280
5657,56580201872,56588019088,56588220960,201872
5658,56590173488,56598019088,56598192576,173488
5659,56600179168,56608019088,56608198256,179168
5660,56610116336,56618019088,56618135424,116336
5661,56620141760,56628019088,56628160848,141760
5662,56630121792,56638019088,56638140880,121792
5663,56640153088,56648019088,56648172176,153088
5664,56650133696,56658019088,56658152784,133696
5665,56660092624,56668019088,56668111712,92624
5666,56670140272,56678019088,56678159360,140272
5667,56680178704,56688019088,56688197792,178704
5668,56690118672,56698019088,56698137760,118672
5669,56700122944,56708019088,56708142032,122944
5670,56710113392,56718019088,56718132480,113392
5671,56720196832,56728019088,56728215920,196832
5672,56730151376,56738019088,56738170464,151376
5673,56740112384,56748019088,56748131472,112384
5674,56750178320,56758019088,56758197408,178320
5675,56760146288,56768019088,56768165376,146288
5676,56770161328,56778019088,56778180416,161328
5677,56780146080,56788019088,56788165168,146080
5678,56790159328,56798019088,56798178416,159328
5679,56800224400,56808019088,56808243488,224400
5680,56810179520,56818019088,56818198608,179520
5681,56820255760,56828019088,56828274848,255760
5682,56830198176,56838019088,56838217264,198176
5683,56840172480,56848019088,56848191568,172480
5684,56850221216,56858019088,56858240304,221216
5685,56860151120,56868019088,56868170208,151120
5686,56870153280,56878019088,56878172368,153280
5687,56880212576,56888019088,56888231664,212576
5688,56890169136,56898019088,56898188224,169136
5689,56900199856,56908019088,56908218944,199856
5690,56910195248,56918019088,56918214336,195248
5691,56920259776,56928019088,56928278864,259776
5692,56930408320,56938019088,56938427408,408320
5693,56940349072,56948019088,56948368160,349072
5694,56950379968,56958019088,56958399056,379968
5695,56960233904,56968019088,56968252992,233904
5696,56970247920,56978019088,56978267008,247920
5697,56980167904,56988019088,56988186992,167904
5698,56990220304,56998019088,56998239392,220304
5699,57000252416,57008019088,57008271504,252416
5700,57010187072,57018019088,57018206160,187072
5701,57020204736,57028019088,57028223824,204736
5702,57030195056,57038019088,57038214144,195056
5703,57040131808,57048019088,57048150896,131808
5704,57050360192,57058019088,57058379280,360192
5705,57060378128,57068019088,57068397216,378128
5706,57070283872,57078019088,57078302960,283872
5707,57080264048,57088019088,57088283136,264048
5708,57090180832,57098019088,57098199920,180832
5709,57100256256,57108019088,57108275344,256256
5710,57110295376,57118019088,57118314464,295376
5711,57120358576,57128019088,57128377664,358576
5712,57130357360,57138019088,57138376448,357360
5713,57140375792,57148019088,57148394880,375792
5714,57150372096,57158019088,57158391184,372096
5715,57160360496,57168019088,57168379584,360496
5716,57170433936,57178019088,57178453024,433936
5717,57180445456,57188019088,57188464544,445456
5718,57190304496,57198019088,57198323584,304496
5719,57200381008,57208019088,57208400096,381008
5720,57210338832,57218019088,57218357920,338832
5721,57220374992,57228019088,57228394080,374992
5722,57230392704,57238019088,57238411792,392704
5723,57240384496,57248019088,57248403584,384496
5724,57250438768,57258019088,57258457856,438768
5725,57260315360,57268019088,57268334448,315360
5726,57270425136,57278019088,57278444224,425136
5727,57280413424,57288019088,57288432512,413424
5728,57290411136,57298019088,57298430224,411136
5729,57300381376,57308019088,57308400464,381376
5730,57310329296,57318019088,57318348384,329296
5731,57320279408,57328019088,57328298496,279408
5732,57330370832,57338019088,57338389920,370832
5733,57340337824,57348019088,57348356912,337824
5734,57350420640,57358019088,57358439728,420640
5735,57360407168,57368019088,57368426256,407168
5736,57370347920,57378019088,57378367008,347920
5737,57380426800,57388019088,57388445888,426800
5738,57390340512,57398019088,57398359600,340512
5739,57400363504,57408019088,57408382592,363504
5740,57410268384,57418019088,57418287472,268384
5741,57420413104,57428019088,57428432192,413104
5742,57430413168,57438019088,57438432256,413168
5743,57440273392,57448019088,57448292480,273392
5744,57450187632,57458019088,57458206720,187632
5745,57460207280,57468019088,57468226368,207280
5746,57470255728,57478019088,57478274816,255728
5747,57480194624,57488019088,57488213712,194624
5748,57490168784,57498019088,57498187872,168784
5749,57500203136,57508019088,57508222224,203136
5750,57510234816,57518019088,57518253904,234816
5751,57520194400,57528019088,57528213488,194400
5752,57530101056,57538019088,57538120144,101056
5753,57540171280,57548019088,57548190368,171280
5754,57550298656,57558019088,57558317744,298656
5755,57560364128,57568019088,57568383216,364128
5756,57570162128,57578019088,57578181216,162128
5757,57580159920,57588019088,57588179008,159920
5758,57590161104,57598019088,57598180192,161104
5759,57600122784,57608019088,57608141872,122784
5760,57610201152,57618019088,57618220240,201152
5761,57620173744,57628019088,57628192832,173744
5762,57630175376,57638019088,57638194464,175376
5763,57640090144,57648019088,57648109232,90144
5764,57650100656,57658019088,57658119744,100656
5765,57660097792,57668019088,57668116880,97792
5766,57670161536,57678019088,57678180624,161536
5767,57680187856,57688019088,57688206944,187856
5768,57690166672,57698019088,57698185760,166672
5769,57700154864,57708019088,57708173952,154864
5770,57710140032,57718019088,57718159120,140032
5771,57720130752,57728019088,57728149840,130752
5772,57730147680,57738019088,57738166768,147680
5773,57740110112,57748019088,57748129200,110112
5774,57750157936,57758019088,57758177024,157936
5775,57760200208,57768019088,57768219296,200208
5776,57770120624,57778019088,57778139712,120624
5777,57780238208,57788019088,57788257296,238208
5778,57790204304,57798019088,57798223392,204304
5779,57800149984,57808019088,57808169072,149984
5780,57810145616,57818019088,57818164704,145616
5781,57820182976,57828019088,57828202064,182976
5782,57830123680,57838019088,57838142768,123680
5783,57840132592,57848019088,57848151680,132592
5784,57850117408,57858019088,57858136496,117408
5785,57860074160,57868019088,57868093248,74160
5786,57870104448,57878019088,57878123536,104448
5787,57880065024,57888019088,57888084112,65024
5788,57890190128,57898019088,57898209216,190128
5789,57900116128,57908019088,57908135216,116128
5790,57910063664,57918019088,57918082752,63664
5791,57920144208,57928019088,57928163296,144208
5792,57930122752,57938019088,57938141840,122752
5793,57940125792,57948019088,57948144880,125792
5794,57950072608,57958019088,57958091696,72608
5795,57960098352,57968019088,57968117440,98352
5796,57970071568,57978019088,57978090656,71568
5797,57980051040,57988019088,57988070128,51040
5798,57990064448,57998019088,57998083536,64448
5799,58000040304,58008019088,58008059392,40304
5800,58010052224,58018019088,58018071312,52224
5801,58020040256,58028019088,58028059344,40256
5802,58030036736,58038019088,58038055824,36736
5803,58040097216,58048019088,58048116304,97216
5804,58050092720,58058019088,58058111808,92720
5805,58060114864,58068019088,58068133952,114864
5806,58070100752,58078019088,58078119840,100752
5807,58080107584,58088019088,58088126672,107584
5808,58090081904,58098019088,58098100992,81904
5809,58100120848,58108019088,58108139936,120848
5810,58110082992,58118019088,58118102080,82992
5811,58120115472,58128019088,58128134560,115472
5812,58130168912,58138019088,58138188000,168912
5813,58140166512,58148019088,58148185600,166512
5814,58150179744,58158019088,58158198832,179744
5815,58160142368,58168019088,58168161456,142368
5816,58170066400,58178019088,58178085488,66400
5817,58180102960,58188019088,58188122048,102960
5818,58190063968,58198019088,58198083056,63968
5819,58200183392,58208019088,58208202480,183392
5820,58210117328,58218019088,58218136416,117328
5821,58220129040,58228019088,58228148128,129040
5822,58230175488,58238019088,58238194576,175488
5823,58240145600,58248019088,58248164688,145600
5824,58250060576,58258019088,58258079664,60576
5825,58260255776,58268019088,58268274864,255776
5826,58270198736,58278019088,58278217824,198736
5827,58280159696,58288019088,58288178784,159696
5828,58290116272,58298019088,58298135360,116272
5829,58300206064,58308019088,58308225152,206064
5830,58310136192,58318019088,58318155280,136192
5831,58320139232,58328019088,58328158320,139232
5832,58330119488,58338019088,58338138576,119488
5833,58340146528,58348019088,58348165616,146528
5834,58350135664,58358019088,58358154752,135664
5835,58360118544,58368019088,58368137632,118544
5836,58370101520,58378019088,58378120608,101520
5837,58380143360,58388019088,58388162448,143360
5838,58390127552,58398019088,58398146640,127552
5839,58400160176,58408019088,58408179264,160176
5840,58410130256,58418019088,58418149344,130256
5841,58420070640,58428019088,58428089728,70640
5842,58430083408,58438019088,58438102496,83408
5843,58440151360,58448019088,58448170448,151360
5844,58450128176,58458019088,58458147264,128176
5845,58460151472,58468019088,58468170560,151472
5846,58470189808,58478019088,58478208896,189808
5847,58480169824,58488019088,58488188912,169824
5848,58490122512,58498019088,58498141600,122512
5849,58500103040,58508019088,58508122128,103040
5850,58510104560,58518019088,58518123648,104560
5851,58520097728,58528019088,58528116816,97728
5852,58530118816,58538019088,58538137904,118816
5853,58540147232,58548019088,58548166320,147232
5854,58550145792,58558019088,58558164880,145792
5855,58560170560,58568019088,58568189648,170560
5856,58570140416,58578019088,58578159504,140416
5857,58580119328,58588019088,58588138416,119328
5858,58590165056,58598019088,58598184144,165056
5859,58600154176,58608019088,58608173264,154176
5860,58610167984,58618019088,58618187072,167984
5861,58620294992,58628019088,58628314080,294992
5862,58630156544,58638019088,58638175632,156544
5863,58640129984,58648019088,58648149072,129984
5864,58650152192,58658019088,58658171280,152192
5865,58660136000,58668019088,58668155088,136000
5866,58670160672,58678019088,58678179760,160672
5867,58680185696,58688019088,58688204784,185696
5868,58690122656,58698019088,58698141744,122656
5869,58700192480,58708019088,58708211568,192480
5870,58710114544,58718019088,58718133632,114544
5871,58720167872,58728019088,58728186960,167872
5872,58730121744,58738019088,58738140832,121744
5873,58740167264,58748019088,58748186352,167264
5874,58750195248,58758019088,58758214336,195248
5875,58760158880,58768019088,58768177968,158880
5876,58770193056,58778019088,58778212144,193056
5877,58780225520,58788019088,58788244608,225520
5878,58790181232,58798019088,58798200320,181232
5879,58800154736,58808019088,58808173824,154736
5880,58810160240,58818019088,58818179328,160240
5881,58820141184,58828019088,58828160272,141184
5882,58830155200,58838019088,58838174288,155200
5883,58840172352,58848019088,58848191440,172352
5884,58850163808,58858019088,58858182896,163808
5885,58860183088,58868019088,58868202176,183088
5886,58870158112,58878019088,58878177200,158112
5887,58880105680,58888019088,58888124768,105680
PERIODIC LATENCY CHUNK end=5888
5888,58890081808,58898019088,58898100896,81808
5889,58900132784,58908019088,58908151872,132784
5890,58910192912,58918019088,58918212000,192912
5891,58920176368,58928019088,58928195456,176368
5892,58930110704,58938019088,58938129792,110704
5893,58940185744,58948019088,58948204832,185744
5894,58950162240,58958019088,58958181328,162240
5895,58960243824,58968019088,58968262912,243824
5896,58970104048,58978019088,58978123136,104048
5897,58980091216,58988019088,58988110304,91216
5898,58990082560,58998019088,58998101648,82560
5899,59000104720,59008019088,59008123808,104720
5900,59010069440,59018019088,59018088528,69440
5901,59020144176,59028019088,59028163264,144176
5902,59030175040,59038019088,59038194128,175040
5903,59040153856,59048019088,59048172944,153856
5904,59050209920,59058019088,59058229008,209920
5905,59060236576,59068019088,59068255664,236576
5906,59070235504,59078019088,59078254592,235504
5907,59080111216,59088019088,59088130304,111216
5908,59090085376,59098019088,59098104464,85376
5909,59100055280,59108019088,59108074368,55280
5910,59110062528,59118019088,59118081616,62528
5911,59120071792,59128019088,59128090880,71792
5912,59130072256,59138019088,59138091344,72256
5913,59140089520,59148019088,59148108608,89520
5914,59150077296,59158019088,59158096384,77296
5915,59160154272,59168019088,59168173360,154272
5916,59170148720,59178019088,59178167808,148720
5917,59180131888,59188019088,59188150976,131888
5918,59190112704,59198019088,59198131792,112704
5919,59200145648,59208019088,59208164736,145648
5920,59210099760,59218019088,59218118848,99760
5921,59220153872,59228019088,59228172960,153872
5922,59230149856,59238019088,59238168944,149856
5923,59240169616,59248019088,59248188704,169616
5924,59250108832,59258019088,59258127920,108832
5925,59260097072,59268019088,59268116160,97072
5926,59270084080,59278019088,59278103168,84080
5927,59280162704,59288019088,59288181792,162704
5928,59290178448,59298019088,59298197536,178448
5929,59300090352,59308019088,59308109440,90352
5930,59310077120,59318019088,59318096208,77120
5931,59320069344,59328019088,59328088432,69344
5932,59330056784,59338019088,59338075872,56784
5933,59340079280,59348019088,59348098368,79280
5934,59350097408,59358019088,59358116496,97408
5935,59360090736,59368019088,59368109824,90736
5936,59370099888,59378019088,59378118976,99888
5937,59380134960,59388019088,59388154048,134960
5938,59390072960,59398019088,59398092048,72960
5939,59400089584,59408019088,59408108672,89584
5940,59410122976,59418019088,59418142064,122976
5941,59420111632,59428019088,59428130720,111632
5942,59430157392,59438019088,59438176480,157392
5943,59440086720,59448019088,59448105808,86720
5944,59450149184,59458019088,59458168272,149184
5945,59460109120,59468019088,59468128208,109120
5946,59470143152,59478019088,59478162240,143152
5947,59480151216,59488019088,59488170304,151216
5948,59490207808,59498019088,59498226896,207808
5949,59500171936,59508019088,59508191024,171936
5950,59510185968,59518019088,59518205056,185968
5951,59520219344,59528019088,59528238432,219344
5952,59530166992,59538019088,59538186080,166992
5953,59540126144,59548019088,59548145232,126144
5954,59550122800,59558019088,59558141888,122800
5955,59560116112,59568019088,59568135200,116112
5956,59570230672,59578019088,59578249760,230672
5957,59580102128,59588019088,59588121216,102128
5958,59590084256,59598019088,59598103344,84256
5959,59600072432,59608019088,59608091520,72432
5960,59610077120,59618019088,59618096208,77120
5961,59620106736,59628019088,59628125824,106736
5962,59630076272,59638019088,59638095360,76272
5963,59640092576,59648019088,59648111664,92576
5964,59650152656,59658019088,59658171744,152656
5965,59660124976,59668019088,59668144064,124976
5966,59670137552,59678019088,59678156640,137552
5967,59680108720,59688019088,59688127808,108720
5968,59690084560,59698019088,59698103648,84560
5969,59700112880,59708019088,59708131968,112880
5970,59710064016,59718019088,59718083104,64016
5971,59720105936,59728019088,59728125024,105936
5972,59730088512,59738019088,59738107600,88512
5973,59740138704,59748019088,59748157792,138704
5974,59750161504,59758019088,59758180592,161504
5975,59760164832,59768019088,59768183920,164832
5976,59770148784,59778019088,59778167872,148784
5977,59780226304,59788019088,59788245392,226304
5978,59790179088,59798019088,59798198176,179088
5979,59800226096,59808019088,59808245184,226096
5980,59810107168,59818019088,59818126256,107168
5981,59820065232,59828019088,59828084320,65232
5982,59830052976,59838019088,59838072064,52976
5983,59840161568,59848019088,59848180656,161568
5984,59850193424,59858019088,59858212512,193424
5985,59860214720,59868019088,59868233808,214720
5986,59870166400,59878019088,59878185488,166400
5987,59880171520,59888019088,59888190608,171520
5988,59890215120,59898019088,59898234208,215120
5989,59900212048,59908019088,59908231136,212048
5990,59910252592,59918019088,59918271680,252592
5991,59920242320,59928019088,59928261408,242320
5992,59930185168,59938019088,59938204256,185168
5993,59940141840,59948019088,59948160928,141840
5994,59950200192,59958019088,59958219280,200192
5995,59960160064,59968019088,59968179152,160064
5996,59970255792,59978019088,59978274880,255792
5997,59980183600,59988019088,59988202688,183600
5998,59990160496,59998019088,59998179584,160496
5999,60000152624,60008019088,60008171712,152624
PERIODIC LATENCY CHUNK end=6000
PERIODIC LATENCY COMPLETE samples=6000
qemu-system-aarch64: terminating on signal 2 from pid 1032663 (timeout)
