sequence,timestamp_ns,deadline_ns,actual_ns,jitter_ns
0,10236333,9145000000,9145236333,236333
1,20237291,9155000000,9155237291,237291
2,30236500,9165000000,9165236500,236500
3,40240375,9175000000,9175240375,240375
4,50238416,9185000000,9185238416,238416
5,60238500,9195000000,9195238500,238500
6,70237708,9205000000,9205237708,237708
7,80236041,9215000000,9215236041,236041
8,90238750,9225000000,9225238750,238750
9,100235916,9235000000,9235235916,235916
10,110236583,9245000000,9245236583,236583
11,120237541,9255000000,9255237541,237541
12,130237041,9265000000,9265237041,237041
13,140241208,9275000000,9275241208,241208
14,150246250,9285000000,9285246250,246250
15,160243416,9295000000,9295243416,243416
16,170243208,9305000000,9305243208,243208
17,180240375,9315000000,9315240375,240375
18,190259125,9325000000,9325259125,259125
19,200237041,9335000000,9335237041,237041
20,210235083,9345000000,9345235083,235083
21,220236333,9355000000,9355236333,236333
22,230237291,9365000000,9365237291,237291
23,240240000,9375000000,9375240000,240000
24,250615458,9385000000,9385615458,615458
25,260238125,9395000000,9395238125,238125
26,270237333,9405000000,9405237333,237333
27,280235375,9415000000,9415235375,235375
28,290238375,9425000000,9425238375,238375
29,300235833,9435000000,9435235833,235833
30,310236500,9445000000,9445236500,236500
31,320241541,9455000000,9455241541,241541
32,330238416,9465000000,9465238416,238416
33,340236166,9475000000,9475236166,236166
34,350237416,9485000000,9485237416,237416
35,360239833,9495000000,9495239833,239833
36,370241083,9505000000,9505241083,241083
37,380238250,9515000000,9515238250,238250
38,390241541,9525000000,9525241541,241541
39,400240166,9535000000,9535240166,240166
40,410240833,9545000000,9545240833,240833
41,420243541,9555000000,9555243541,243541
42,430256750,9565000000,9565256750,256750
43,440239625,9575000000,9575239625,239625
44,450237375,9585000000,9585237375,237375
45,460239791,9595000000,9595239791,239791
46,470239000,9605000000,9605239000,239000
47,480237333,9615000000,9615237333,237333
48,490236541,9625000000,9625236541,236541
49,500241875,9635000000,9635241875,241875
50,510239041,9645000000,9645239041,239041
51,520291916,9655000000,9655291916,291916
52,530237166,9665000000,9665237166,237166
53,540235500,9675000000,9675235500,235500
54,550237041,9685000000,9685237041,237041
55,560239166,9695000000,9695239166,239166
56,570236916,9705000000,9705236916,236916
57,580237000,9715000000,9715237000,237000
58,590237083,9725000000,9725237083,237083
59,600238041,9735000000,9735238041,238041
60,610239291,9745000000,9745239291,239291
61,620242875,9755000000,9755242875,242875
62,630241208,9765000000,9765241208,241208
63,640742666,9775000000,9775742666,742666
64,650242541,9785000000,9785242541,242541
65,660265958,9795000000,9795265958,265958
66,670256416,9805000000,9805256416,256416
67,680236958,9815000000,9815236958,236958
68,690236458,9825000000,9825236458,236458
69,700236541,9835000000,9835236541,236541
70,710239833,9845000000,9845239833,239833
71,720238458,9855000000,9855238458,238458
72,730241166,9865000000,9865241166,241166
73,740238333,9875000000,9875238333,238333
74,750235791,9885000000,9885235791,235791
75,760193000,9895000000,9895193000,193000
76,770239458,9905000000,9905239458,239458
77,780235750,9915000000,9915235750,235750
78,790238458,9925000000,9925238458,238458
79,800236791,9935000000,9935236791,236791
80,810236291,9945000000,9945236291,236291
81,820237833,9955000000,9955237833,237833
82,830237916,9965000000,9965237916,237916
83,840238291,9975000000,9975238291,238291
84,850237208,9985000000,9985237208,237208
85,860239916,9995000000,9995239916,239916
86,870245250,10005000000,10005245250,245250
87,880237750,10015000000,10015237750,237750
88,890239583,10025000000,10025239583,239583
89,900242291,10035000000,10035242291,242291
90,910213791,10045000000,10045213791,213791
91,920237500,10055000000,10055237500,237500
92,930236708,10065000000,10065236708,236708
93,940236500,10075000000,10075236500,236500
94,950236875,10085000000,10085236875,236875
95,960242208,10095000000,10095242208,242208
96,970240541,10105000000,10105240541,240541
97,980257250,10115000000,10115257250,257250
98,990242458,10125000000,10125242458,242458
99,1000245458,10135000000,10135245458,245458
100,1010237666,10145000000,10145237666,237666
101,1020237458,10155000000,10155237458,237458
102,1030238416,10165000000,10165238416,238416
103,1040237333,10175000000,10175237333,237333
104,1050242083,10185000000,10185242083,242083
105,1060238666,10195000000,10195238666,238666
106,1070239041,10205000000,10205239041,239041
107,1080237958,10215000000,10215237958,237958
108,1090237750,10225000000,10225237750,237750
109,1100236083,10235000000,10235236083,236083
110,1110236458,10245000000,10245236458,236458
111,1120236833,10255000000,10255236833,236833
112,1130237500,10265000000,10265237500,237500
113,1140237000,10275000000,10275237000,237000
114,1150236791,10285000000,10285236791,236791
115,1160239500,10295000000,10295239500,239500
116,1170240750,10305000000,10305240750,240750
117,1180239666,10315000000,10315239666,239666
118,1190240041,10325000000,10325240041,240041
119,1200241875,10335000000,10335241875,241875
120,1210237291,10345000000,10345237291,237291
121,1220240000,10355000000,10355240000,240000
122,1230244166,10365000000,10365244166,244166
123,1240240166,10375000000,10375240166,240166
124,1250260375,10385000000,10385260375,260375
125,1260238583,10395000000,10395238583,238583
126,1270241291,10405000000,10405241291,241291
127,1280236416,10415000000,10415236416,236416
128,1290241166,10425000000,10425241166,241166
129,1300239208,10435000000,10435239208,239208
130,1310246875,10445000000,10445246875,246875
131,1320238208,10455000000,10455238208,238208
132,1330238000,10465000000,10465238000,238000
133,1340237500,10475000000,10475237500,237500
134,1350239041,10485000000,10485239041,239041
135,1360237666,10495000000,10495237666,237666
136,1370236291,10505000000,10505236291,236291
137,1380237250,10515000000,10515237250,237250
138,1390237333,10525000000,10525237333,237333
139,1400235666,10535000000,10535235666,235666
140,1410249458,10545000000,10545249458,249458
141,1420237291,10555000000,10555237291,237291
142,1430238833,10565000000,10565238833,238833
143,1440241250,10575000000,10575241250,241250
144,1450241041,10585000000,10585241041,241041
145,1460240833,10595000000,10595240833,240833
146,1470244708,10605000000,10605244708,244708
147,1480241875,10615000000,10615241875,241875
148,1490241375,10625000000,10625241375,241375
149,1500194791,10635000000,10635194791,194791
150,1510236291,10645000000,10645236291,236291
151,1520236958,10655000000,10655236958,236958
152,1530237916,10665000000,10665237916,237916
153,1540237125,10675000000,10675237125,237125
154,1550239541,10685000000,10685239541,239541
155,1560236708,10695000000,10695236708,236708
156,1570237958,10705000000,10705237958,237958
157,1580237166,10715000000,10715237166,237166
158,1590237250,10725000000,10725237250,237250
159,1600236166,10735000000,10735236166,236166
160,1610236250,10745000000,10745236250,236250
161,1620238083,10755000000,10755238083,238083
162,1630237000,10765000000,10765237000,237000
163,1640236500,10775000000,10775236500,236500
164,1651060541,10785000000,10786060541,1060541
165,1660237833,10795000000,10795237833,237833
166,1670236750,10805000000,10805236750,236750
167,1680242666,10815000000,10815242666,242666
168,1690238666,10825000000,10825238666,238666
169,1700240500,10835000000,10835240500,240500
170,1710242916,10845000000,10845242916,242916
171,1720240083,10855000000,10855240083,240083
172,1730240458,10865000000,10865240458,240458
173,1740239958,10875000000,10875239958,239958
174,1750263958,10885000000,10885263958,263958
175,1760235458,10895000000,10895235458,235458
176,1770237000,10905000000,10905237000,237000
177,1780237375,10915000000,10915237375,237375
178,1790238041,10925000000,10925238041,238041
179,1800236375,10935000000,10935236375,236375
180,1810239958,10945000000,10945239958,239958
181,1820238000,10955000000,10955238000,238000
182,1830236916,10965000000,10965236916,236916
183,1840237583,10975000000,10975237583,237583
184,1850543333,10985000000,10985543333,543333
185,1860237166,10995000000,10995237166,237166
186,1870240458,11005000000,11005240458,240458
187,1880237333,11015000000,11015237333,237333
188,1890237125,11025000000,11025237125,237125
189,1900238958,11035000000,11035238958,238958
190,1910237000,11045000000,11045237000,237000
191,1920237083,11055000000,11055237083,237083
192,1930239208,11065000000,11065239208,239208
193,1940239291,11075000000,11075239291,239291
194,1950240541,11085000000,11085240541,240541
195,1960245875,11095000000,11095245875,245875
196,1970242458,11105000000,11105242458,242458
197,1980242541,11115000000,11115242541,242541
198,1990263625,11125000000,11125263625,263625
199,2000236291,11135000000,11135236291,236291
200,2010236666,11145000000,11145236666,236666
201,2020238500,11155000000,11155238500,238500
202,2030235958,11165000000,11165235958,235958
203,2040240416,11175000000,11175240416,240416
204,2050647666,11185000000,11185647666,647666
205,2060243208,11195000000,11195243208,243208
206,2070238333,11205000000,11205238333,238333
207,2080237833,11215000000,11215237833,237833
208,2090235875,11225000000,11225235875,235875
209,2100236541,11235000000,11235236541,236541
210,2110236333,11245000000,11245236333,236333
211,2120236416,11255000000,11255236416,236416
212,2130237666,11265000000,11265237666,237666
213,2140236291,11275000000,11275236291,236291
214,2150262333,11285000000,11285262333,262333
215,2160237041,11295000000,11295237041,237041
216,2170240916,11305000000,11305240916,240916
217,2180241583,11315000000,11315241583,241583
218,2190241958,11325000000,11325241958,241958
219,2200241750,11335000000,11335241750,241750
220,2210240375,11345000000,11345240375,240375
221,2220240750,11355000000,11355240750,240750
222,2230241125,11365000000,11365241125,241125
223,2240188125,11375000000,11375188125,188125
224,2251136416,11385000000,11386136416,1136416
225,2260238458,11395000000,11395238458,238458
226,2270236791,11405000000,11405236791,236791
227,2280240375,11415000000,11415240375,240375
228,2290236958,11425000000,11425236958,236958
229,2300239666,11435000000,11435239666,239666
230,2310237416,11445000000,11445237416,237416
231,2320236333,11455000000,11455236333,236333
232,2330237583,11465000000,11465237583,237583
233,2340236208,11475000000,11475236208,236208
234,2350243875,11485000000,11485243875,243875
235,2360238125,11495000000,11495238125,238125
236,2370237333,11505000000,11505237333,237333
237,2380237125,11515000000,11515237125,237125
238,2390236041,11525000000,11525236041,236041
239,2400239333,11535000000,11535239333,239333
240,2410239125,11545000000,11545239125,239125
241,2420243875,11555000000,11555243875,243875
242,2430241041,11565000000,11565241041,241041
243,2440239958,11575000000,11575239958,239958
244,2450476000,11585000000,11585476000,476000
245,2460238666,11595000000,11595238666,238666
246,2470237291,11605000000,11605237291,237291
247,2480240291,11615000000,11615240291,240291
248,2490237458,11625000000,11625237458,237458
249,2500239000,11635000000,11635239000,239000
250,2510237625,11645000000,11645237625,237625
251,2520236833,11655000000,11655236833,236833
252,2530236333,11665000000,11665236333,236333
253,2540237583,11675000000,11675237583,237583
254,2550238833,11685000000,11685238833,238833
255,2560237458,11695000000,11695237458,237458
256,2570236958,11705000000,11705236958,236958
257,2580236458,11715000000,11715236458,236458
258,2590239750,11725000000,11725239750,239750
259,2600236625,11735000000,11735236625,236625
260,2610237583,11745000000,11745237583,237583
261,2620238250,11755000000,11755238250,238250
262,2630236000,11765000000,11765236000,236000
263,2640239291,11775000000,11775239291,239291
264,2650249291,11785000000,11785249291,249291
265,2660245875,11795000000,11795245875,245875
266,2670241291,11805000000,11805241291,241291
267,2680240208,11815000000,11815240208,240208
268,2690241166,11825000000,11825241166,241166
269,2700258750,11835000000,11835258750,258750
270,2710274583,11845000000,11845274583,274583
271,2720240541,11855000000,11855240541,240541
272,2730238583,11865000000,11865238583,238583
273,2740236916,11875000000,11875236916,236916
274,2750238750,11885000000,11885238750,238750
275,2760236208,11895000000,11895236208,236208
276,2770237458,11905000000,11905237458,237458
277,2780236666,11915000000,11915236666,236666
278,2790237916,11925000000,11925237916,237916
279,2800237125,11935000000,11935237125,237125
280,2810236625,11945000000,11945236625,236625
281,2820238166,11955000000,11955238166,238166
282,2830236791,11965000000,11965236791,236791
283,2840239208,11975000000,11975239208,239208
284,2850237541,11985000000,11985237541,237541
285,2860236750,11995000000,11995236750,236750
286,2870247625,12005000000,12005247625,247625
287,2880240125,12015000000,12015240125,240125
288,2890239333,12025000000,12025239333,239333
289,2900241166,12035000000,12035241166,241166
290,2910241250,12045000000,12045241250,241250
291,2920240750,12055000000,12055240750,240750
292,2930241125,12065000000,12065241125,241125
293,2940241500,12075000000,12075241500,241500
294,2950259958,12085000000,12085259958,259958
295,2960237875,12095000000,12095237875,237875
296,2970236791,12105000000,12105236791,236791
297,2980235708,12115000000,12115235708,235708
298,2990237541,12125000000,12125237541,237541
299,3000237916,12135000000,12135237916,237916
300,3010236833,12145000000,12145236833,236833
301,3020236625,12155000000,12155236625,236625
302,3030236416,12165000000,12165236416,236416
303,3040236208,12175000000,12175236208,236208
304,3050237750,12185000000,12185237750,237750
305,3060236958,12195000000,12195236958,236958
306,3070236750,12205000000,12205236750,236750
307,3080237708,12215000000,12215237708,237708
308,3090522458,12225000000,12225522458,522458
309,3100240500,12235000000,12235240500,240500
310,3110235916,12245000000,12245235916,235916
311,3120237458,12255000000,12255237458,237458
312,3130238125,12265000000,12265238125,238125
313,3140239666,12275000000,12275239666,239666
314,3150244125,12285000000,12285244125,244125
315,3160241875,12295000000,12295241875,241875
316,3170240208,12305000000,12305240208,240208
317,3180242333,12315000000,12315242333,242333
318,3190265166,12325000000,12325265166,265166
319,3200235208,12335000000,12335235208,235208
320,3210236458,12345000000,12345236458,236458
321,3220237708,12355000000,12355237708,237708
322,3230239541,12365000000,12365239541,239541
323,3240236416,12375000000,12375236416,236416
324,3250236500,12385000000,12385236500,236500
325,3260236000,12395000000,12395236000,236000
326,3270238416,12405000000,12405238416,238416
327,3280236750,12415000000,12415236750,236750
328,3290742000,12425000000,12425742000,742000
329,3300239250,12435000000,12435239250,239250
330,3310237583,12445000000,12445237583,237583
331,3320236791,12455000000,12455236791,236791
332,3330237750,12465000000,12465237750,237750
333,3340236958,12475000000,12475236958,236958
334,3350238791,12485000000,12485238791,238791
335,3360237708,12495000000,12495237708,237708
336,3370239541,12505000000,12505239541,239541
337,3380239041,12515000000,12515239041,239041
338,3390240000,12525000000,12525240000,240000
339,3400243583,12535000000,12535243583,243583
340,3410243083,12545000000,12545243083,243083
341,3420242875,12555000000,12555242875,242875
342,3430261916,12565000000,12565261916,261916
343,3440236625,12575000000,12575236625,236625
344,3450237583,12585000000,12585237583,237583
345,3460240291,12595000000,12595240291,240291
346,3470240375,12605000000,12605240375,240375
347,3480236666,12615000000,12615236666,236666
348,3491302500,12625000000,12626302500,1302500
349,3500243541,12635000000,12635243541,243541
350,3510236333,12645000000,12645236333,236333
351,3520239625,12655000000,12655239625,239625
352,3530237958,12665000000,12665237958,237958
353,3540236291,12675000000,12675236291,236291
354,3550237833,12685000000,12685237833,237833
355,3560237041,12695000000,12695237041,237041
356,3570238000,12705000000,12705238000,238000
357,3580237500,12715000000,12715237500,237500
358,3590329750,12725000000,12725329750,329750
359,3600237083,12735000000,12735237083,237083
360,3610236000,12745000000,12745236000,236000
361,3620243083,12755000000,12755243083,243083
362,3630241125,12765000000,12765241125,241125
363,3640242375,12775000000,12775242375,242375
364,3650241875,12785000000,12785241875,241875
365,3660240500,12795000000,12795240500,240500
366,3670241166,12805000000,12805241166,241166
367,3680194875,12815000000,12815194875,194875
368,3690469125,12825000000,12825469125,469125
369,3700237916,12835000000,12835237916,237916
370,3710237125,12845000000,12845237125,237125
371,3720242166,12855000000,12855242166,242166
372,3730237000,12865000000,12865237000,237000
373,3740239416,12875000000,12875239416,239416
374,3750238041,12885000000,12885238041,238041
375,3760235791,12895000000,12895235791,235791
376,3770237916,12905000000,12905237916,237916
377,3780239458,12915000000,12915239458,239458
378,3790238958,12925000000,12925238958,238958
379,3800237583,12935000000,12935237583,237583
380,3810237083,12945000000,12945237083,237083
381,3820238916,12955000000,12955238916,238916
382,3830236666,12965000000,12965236666,236666
383,3840235875,12975000000,12975235875,235875
384,3850235958,12985000000,12985235958,235958
385,3860238666,12995000000,12995238666,238666
386,3870237875,13005000000,13005237875,237875
387,3880241458,13015000000,13015241458,241458
388,3890717250,13025000000,13025717250,717250
389,3900244833,13035000000,13035244833,244833
390,3910240833,13045000000,13045240833,240833
391,3920240333,13055000000,13055240333,240333
392,3930188791,13065000000,13065188791,188791
393,3940239333,13075000000,13075239333,239333
394,3950236500,13085000000,13085236500,236500
395,3960241833,13095000000,13095241833,241833
396,3970239583,13105000000,13105239583,239583
397,3980237041,13115000000,13115237041,237041
398,3990238875,13125000000,13125238875,238875
399,4000240125,13135000000,13135240125,240125
400,4010236416,13145000000,13145236416,236416
401,4020238833,13155000000,13155238833,238833
402,4030236875,13165000000,13165236875,236875
403,4040237250,13175000000,13175237250,237250
404,4050236750,13185000000,13185236750,236750
405,4060238291,13195000000,13195238291,238291
406,4070244500,13205000000,13205244500,244500
407,4080238458,13215000000,13215238458,238458
408,4090237666,13225000000,13225237666,237666
409,4100236583,13235000000,13235236583,236583
410,4110240750,13245000000,13245240750,240750
411,4120239958,13255000000,13255239958,239958
412,4130240041,13265000000,13265240041,240041
413,4140264041,13275000000,13275264041,264041
414,4150267625,13285000000,13285267625,267625
415,4160239125,13295000000,13295239125,239125
416,4170232208,13305000000,13305232208,232208
417,4180236666,13315000000,13315236666,236666
418,4190236750,13325000000,13325236750,236750
419,4200238875,13335000000,13335238875,238875
420,4210233125,13345000000,13345233125,233125
421,4220238458,13355000000,13355238458,238458
422,4230236500,13365000000,13365236500,236500
423,4240237458,13375000000,13375237458,237458
424,4250235791,13385000000,13385235791,235791
425,4260240833,13395000000,13395240833,240833
426,4270237708,13405000000,13405237708,237708
427,4280238083,13415000000,13415238083,238083
428,4290236708,13425000000,13425236708,236708
429,4300236208,13435000000,13435236208,236208
430,4310235708,13445000000,13445235708,235708
431,4320238416,13455000000,13455238416,238416
432,4330703708,13465000000,13465703708,703708
433,4340240333,13475000000,13475240333,240333
434,4350241291,13485000000,13485241291,241291
435,4360241083,13495000000,13495241083,241083
436,4370240291,13505000000,13505240291,240291
437,4380240958,13515000000,13515240958,240958
438,4390239583,13525000000,13525239583,239583
439,4400237041,13535000000,13535237041,237041
440,4410238875,13545000000,13545238875,238875
441,4420236041,13555000000,13555236041,236041
442,4430239625,13565000000,13565239625,239625
443,4440237083,13575000000,13575237083,237083
444,4450235708,13585000000,13585235708,235708
445,4460237541,13595000000,13595237541,237541
446,4470236166,13605000000,13605236166,236166
447,4480242375,13615000000,13615242375,242375
448,4490237500,13625000000,13625237500,237500
449,4500236416,13635000000,13635236416,236416
450,4510236500,13645000000,13645236500,236500
451,4520237166,13655000000,13655237166,237166
452,4530240750,13665000000,13665240750,240750
453,4540246083,13675000000,13675246083,246083
454,4550237125,13685000000,13685237125,237125
455,4560239833,13695000000,13695239833,239833
456,4570241375,13705000000,13705241375,241375
457,4580258083,13715000000,13715258083,258083
458,4590237458,13725000000,13725237458,237458
459,4600240458,13735000000,13735240458,240458
460,4610238500,13745000000,13745238500,238500
461,4620238291,13755000000,13755238291,238291
462,4630240125,13765000000,13765240125,240125
463,4640238458,13775000000,13775238458,238458
464,4650237666,13785000000,13785237666,237666
465,4660237166,13795000000,13795237166,237166
466,4670236666,13805000000,13805236666,236666
467,4680236166,13815000000,13815236166,236166
468,4690237125,13825000000,13825237125,237125
469,4700235458,13835000000,13835235458,235458
470,4710238750,13845000000,13845238750,238750
471,4720237375,13855000000,13855237375,237375
472,4730241541,13865000000,13865241541,241541
473,4740267583,13875000000,13875267583,267583
474,4750235875,13885000000,13885235875,235875
475,4760236250,13895000000,13895236250,236250
476,4770242458,13905000000,13905242458,242458
477,4780239041,13915000000,13915239041,239041
478,4790237958,13925000000,13925237958,237958
479,4800237458,13935000000,13935237458,237458
480,4810236375,13945000000,13945236375,236375
481,4820236750,13955000000,13955236750,236750
482,4830236250,13965000000,13965236250,236250
483,4840267250,13975000000,13975267250,267250
484,4850236125,13985000000,13985236125,236125
485,4860234750,13995000000,13995234750,234750
486,4870235416,14005000000,14005235416,235416
487,4880240750,14015000000,14015240750,240750
488,4890244333,14025000000,14025244333,244333
489,4900236833,14035000000,14035236833,236833
490,4910235166,14045000000,14045235166,235166
491,4920236708,14055000000,14055236708,236708
492,4930240291,14065000000,14065240291,240291
493,4940241833,14075000000,14075241833,241833
494,4950234625,14085000000,14085234625,234625
495,4960235291,14095000000,14095235291,235291
496,4970234791,14105000000,14105234791,234791
497,4980240416,14115000000,14115240416,240416
498,4990247791,14125000000,14125247791,247791
499,5000218125,14135000000,14135218125,218125
500,5010238916,14145000000,14145238916,238916
501,5020236958,14155000000,14155236958,236958
502,5030235875,14165000000,14165235875,235875
503,5040237416,14175000000,14175237416,237416
504,5050236625,14185000000,14185236625,236625
505,5060237291,14195000000,14195237291,237291
506,5070236500,14205000000,14205236500,236500
507,5080260500,14215000000,14215260500,260500
508,5090237541,14225000000,14225237541,237541
509,5100235583,14235000000,14235235583,235583
510,5110235958,14245000000,14245235958,235958
511,5120235458,14255000000,14255235458,235458
512,5130238458,14265000000,14265238458,238458
513,5140236791,14275000000,14275236791,236791
514,5150238333,14285000000,14285238333,238333
515,5160236375,14295000000,14295236375,236375
516,5170236750,14305000000,14305236750,236750
517,5180247625,14315000000,14315247625,247625
518,5190243916,14325000000,14325243916,243916
519,5200242541,14335000000,14335242541,242541
520,5210240875,14345000000,14345240875,240875
521,5220240375,14355000000,14355240375,240375
522,5230241041,14365000000,14365241041,241041
523,5240240250,14375000000,14375240250,240250
524,5250194250,14385000000,14385194250,194250
525,5260238375,14395000000,14395238375,238375
526,5270238166,14405000000,14405238166,238166
527,5280302125,14415000000,14415302125,302125
528,5290242416,14425000000,14425242416,242416
529,5300239291,14435000000,14435239291,239291
530,5310235875,14445000000,14445235875,235875
531,5320238583,14455000000,14455238583,238583
532,5330236916,14465000000,14465236916,236916
533,5340237583,14475000000,14475237583,237583
534,5350237083,14485000000,14485237083,237083
535,5360237166,14495000000,14495237166,237166
536,5370236666,14505000000,14505236666,236666
537,5380243750,14515000000,14515243750,243750
538,5390237125,14525000000,14525237125,237125
539,5400236916,14535000000,14535236916,236916
540,5410236416,14545000000,14545236416,236416
541,5420239125,14555000000,14555239125,239125
542,5430249416,14565000000,14565249416,249416
543,5440241041,14575000000,14575241041,241041
544,5450240833,14585000000,14585240833,240833
545,5460240041,14595000000,14595240041,240041
546,5470240416,14605000000,14605240416,240416
547,5480241083,14615000000,14615241083,241083
548,5490241750,14625000000,14625241750,241750
549,5500272458,14635000000,14635272458,272458
550,5510239583,14645000000,14645239583,239583
551,5520239083,14655000000,14655239083,239083
552,5530237125,14665000000,14665237125,237125
553,5540237500,14675000000,14675237500,237500
554,5550244000,14685000000,14685244000,244000
555,5560237666,14695000000,14695237666,237666
556,5570239208,14705000000,14705239208,239208
557,5580237541,14715000000,14715237541,237541
558,5590237041,14725000000,14725237041,237041
559,5600254041,14735000000,14735254041,254041
560,5610238958,14745000000,14745238958,238958
561,5620236416,14755000000,14755236416,236416
562,5630235916,14765000000,14765235916,235916
563,5640234833,14775000000,14775234833,234833
564,5650235208,14785000000,14785235208,235208
565,5660235875,14795000000,14795235875,235875
566,5670240333,14805000000,14805240333,240333
567,5680236041,14815000000,14815236041,236041
568,5690234958,14825000000,14825234958,234958
569,5700236500,14835000000,14835236500,236500
570,5710234541,14845000000,14845234541,234541
571,5720235791,14855000000,14855235791,235791
572,5730238208,14865000000,14865238208,238208
573,5740236541,14875000000,14875236541,236541
574,5750238666,14885000000,14885238666,238666
575,5760235833,14895000000,14895235833,235833
576,5770417041,14905000000,14905417041,417041
577,5780241833,14915000000,14915241833,241833
578,5790236083,14925000000,14925236083,236083
579,5800237041,14935000000,14935237041,237041
580,5810236250,14945000000,14945236250,236250
581,5820239541,14955000000,14955239541,239541
582,5830237000,14965000000,14965237000,237000
583,5840238541,14975000000,14975238541,238541
584,5850237458,14985000000,14985237458,237458
585,5860237541,14995000000,14995237541,237541
586,5870239375,15005000000,15005239375,239375
587,5880243833,15015000000,15015243833,243833
588,5890243916,15025000000,15025243916,243916
589,5900238166,15035000000,15035238166,238166
590,5910235333,15045000000,15045235333,235333
591,5920240083,15055000000,15055240083,240083
592,5930241041,15065000000,15065241041,241041
593,5940242583,15075000000,15075242583,242583
594,5950205041,15085000000,15085205041,205041
595,5960241291,15095000000,15095241291,241291
596,5970663416,15105000000,15105663416,663416
597,5980237666,15115000000,15115237666,237666
598,5990237166,15125000000,15125237166,237166
599,6000236958,15135000000,15135236958,236958
600,6010236750,15145000000,15145236750,236750
601,6020239750,15155000000,15155239750,239750
602,6030237791,15165000000,15165237791,237791
603,6040237000,15175000000,15175237000,237000
604,6050237958,15185000000,15185237958,237958
605,6060236000,15195000000,15195236000,236000
606,6070279541,15205000000,15205279541,279541
607,6080238500,15215000000,15215238500,238500
608,6090234791,15225000000,15225234791,234791
609,6100233708,15235000000,15235233708,233708
610,6110234375,15245000000,15245234375,234375
611,6120235333,15255000000,15255235333,235333
612,6130236000,15265000000,15265236000,236000
613,6140235208,15275000000,15275235208,235208
614,6150235000,15285000000,15285235000,235000
615,6160234791,15295000000,15295234791,234791
616,6170740333,15305000000,15305740333,740333
617,6180236708,15315000000,15315236708,236708
618,6190240000,15325000000,15325240000,240000
619,6200237458,15335000000,15335237458,237458
620,6210237250,15345000000,15345237250,237250
621,6220237041,15355000000,15355237041,237041
622,6230238000,15365000000,15365238000,238000
623,6240236041,15375000000,15375236041,236041
624,6250239916,15385000000,15385239916,239916
625,6260237083,15395000000,15395237083,237083
626,6270239500,15405000000,15405239500,239500
627,6280236958,15415000000,15415236958,236958
628,6290236458,15425000000,15425236458,236458
629,6300237125,15435000000,15435237125,237125
630,6310235750,15445000000,15445235750,235750
631,6320235833,15455000000,15455235833,235833
632,6330235625,15465000000,15465235625,235625
633,6340235125,15475000000,15475235125,235125
634,6350236083,15485000000,15485236083,236083
635,6360234416,15495000000,15495234416,234416
636,6370705833,15505000000,15505705833,705833
637,6380241583,15515000000,15515241583,241583
638,6390237875,15525000000,15525237875,237875
639,6400236500,15535000000,15535236500,236500
640,6410235125,15545000000,15545235125,235125
641,6420238708,15555000000,15555238708,238708
642,6430236750,15565000000,15565236750,236750
643,6440237708,15575000000,15575237708,237708
644,6450237500,15585000000,15585237500,237500
645,6460236416,15595000000,15595236416,236416
646,6470236500,15605000000,15605236500,236500
647,6480238916,15615000000,15615238916,238916
648,6490239291,15625000000,15625239291,239291
649,6500236750,15635000000,15635236750,236750
650,6510236250,15645000000,15645236250,236250
651,6520241000,15655000000,15655241000,241000
652,6530240500,15665000000,15665240500,240500
653,6540267125,15675000000,15675267125,267125
654,6550245625,15685000000,15685245625,245625
655,6560236375,15695000000,15695236375,236375
656,6570471833,15705000000,15705471833,471833
657,6580240916,15715000000,15715240916,240916
658,6590236916,15725000000,15725236916,236916
659,6600236708,15735000000,15735236708,236708
660,6610237666,15745000000,15745237666,237666
661,6620238916,15755000000,15755238916,238916
662,6630240458,15765000000,15765240458,240458
663,6640237916,15775000000,15775237916,237916
664,6650238000,15785000000,15785238000,238000
665,6660238958,15795000000,15795238958,238958
666,6670239333,15805000000,15805239333,239333
667,6680238833,15815000000,15815238833,238833
668,6690238625,15825000000,15825238625,238625
669,6700236083,15835000000,15835236083,236083
670,6710236750,15845000000,15845236750,236750
671,6720236833,15855000000,15855236833,236833
672,6730238958,15865000000,15865238958,238958
673,6740241375,15875000000,15875241375,241375
674,6750242041,15885000000,15885242041,242041
675,6760240666,15895000000,15895240666,240666
676,6770545250,15905000000,15905545250,545250
677,6780240833,15915000000,15915240833,240833
678,6790237708,15925000000,15925237708,237708
679,6800235458,15935000000,15935235458,235458
680,6810241375,15945000000,15945241375,241375
681,6820239416,15955000000,15955239416,239416
682,6830236875,15965000000,15965236875,236875
683,6840239291,15975000000,15975239291,239291
684,6850237625,15985000000,15985237625,237625
685,6860238000,15995000000,15995238000,238000
686,6870240416,16005000000,16005240416,240416
687,6880237875,16015000000,16015237875,237875
688,6890234750,16025000000,16025234750,234750
689,6900237166,16035000000,16035237166,237166
690,6910238125,16045000000,16045238125,238125
691,6920236750,16055000000,16055236750,236750
692,6930240916,16065000000,16065240916,240916
693,6940238375,16075000000,16075238375,238375
694,6950237875,16085000000,16085237875,237875
695,6960236791,16095000000,16095236791,236791
696,6970236583,16105000000,16105236583,236583
697,6980238125,16115000000,16115238125,238125
698,6990239958,16125000000,16125239958,239958
699,7000237708,16135000000,16135237708,237708
700,7010238958,16145000000,16145238958,238958
701,7020236416,16155000000,16155236416,236416
702,7030236500,16165000000,16165236500,236500
703,7040236000,16175000000,16175236000,236000
704,7050237250,16185000000,16185237250,237250
705,7060238500,16195000000,16195238500,238500
706,7070243541,16205000000,16205243541,243541
707,7080238958,16215000000,16215238958,238958
708,7090240208,16225000000,16225240208,240208
709,7100240291,16235000000,16235240291,240291
710,7110240666,16245000000,16245240666,240666
711,7120257083,16255000000,16255257083,257083
712,7130237333,16265000000,16265237333,237333
713,7140238583,16275000000,16275238583,238583
714,7150236916,16285000000,16285236916,236916
715,7160237000,16295000000,16295237000,237000
716,7170237958,16305000000,16305237958,237958
717,7180238041,16315000000,16315238041,238041
718,7190237541,16325000000,16325237541,237541
719,7200236166,16335000000,16335236166,236166
720,7210758041,16345000000,16345758041,758041
721,7220238666,16355000000,16355238666,238666
722,7230237291,16365000000,16365237291,237291
723,7240235916,16375000000,16375235916,235916
724,7250236875,16385000000,16385236875,236875
725,7260238416,16395000000,16395238416,238416
726,7270242000,16405000000,16405242000,242000
727,7280239458,16415000000,16415239458,239458
728,7290236625,16425000000,16425236625,236625
729,7300239333,16435000000,16435239333,239333
730,7310277916,16445000000,16445277916,277916
731,7320244166,16455000000,16455244166,244166
732,7330241916,16465000000,16465241916,241916
733,7340241125,16475000000,16475241125,241125
734,7350239166,16485000000,16485239166,239166
735,7360236916,16495000000,16495236916,236916
736,7370236708,16505000000,16505236708,236708
737,7380242041,16515000000,16515242041,242041
738,7390238625,16525000000,16525238625,238625
739,7400235791,16535000000,16535235791,235791
740,7410979625,16545000000,16545979625,979625
741,7420238291,16555000000,16555238291,238291
742,7430236625,16565000000,16565236625,236625
743,7440240500,16575000000,16575240500,240500
744,7450238541,16585000000,16585238541,238541
745,7460236000,16595000000,16595236000,236000
746,7470237541,16605000000,16605237541,237541
747,7480256875,16615000000,16615256875,256875
748,7490236833,16625000000,16625236833,236833
749,7500237791,16635000000,16635237791,237791
750,7510238458,16645000000,16645238458,238458
751,7520237083,16655000000,16655237083,237083
752,7530236875,16665000000,16665236875,236875
753,7540241625,16675000000,16675241625,241625
754,7550235583,16685000000,16685235583,235583
755,7560241500,16695000000,16695241500,241500
756,7570240416,16705000000,16705240416,240416
757,7580272583,16715000000,16715272583,272583
758,7590253416,16725000000,16725253416,253416
759,7600237166,16735000000,16735237166,237166
760,7610869291,16745000000,16745869291,869291
761,7620244333,16755000000,16755244333,244333
762,7630237708,16765000000,16765237708,237708
763,7640237208,16775000000,16775237208,237208
764,7650239041,16785000000,16785239041,239041
765,7660238541,16795000000,16795238541,238541
766,7670236875,16805000000,16805236875,236875
767,7680237541,16815000000,16815237541,237541
768,7690236750,16825000000,16825236750,236750
769,7700236250,16835000000,16835236250,236250
770,7710264625,16845000000,16845264625,264625
771,7720238458,16855000000,16855238458,238458
772,7730237083,16865000000,16865237083,237083
773,7740240083,16875000000,16875240083,240083
774,7750237833,16885000000,16885237833,237833
775,7760238208,16895000000,16895238208,238208
776,7770240625,16905000000,16905240625,240625
777,7780241291,16915000000,16915241291,241291
778,7790241958,16925000000,16925241958,241958
779,7800240000,16935000000,16935240000,240000
780,7810637916,16945000000,16945637916,637916
781,7820243958,16955000000,16955243958,243958
782,7830236458,16965000000,16965236458,236458
783,7840237416,16975000000,16975237416,237416
784,7850236916,16985000000,16985236916,236916
785,7860235833,16995000000,16995235833,235833
786,7870237375,17005000000,17005237375,237375
787,7880241250,17015000000,17015241250,241250
788,7890237833,17025000000,17025237833,237833
789,7900237041,17035000000,17035237041,237041
790,7910258125,17045000000,17045258125,258125
791,7920236916,17055000000,17055236916,236916
792,7930238458,17065000000,17065238458,238458
793,7940237958,17075000000,17075237958,237958
794,7950236875,17085000000,17085236875,236875
795,7960236666,17095000000,17095236666,236666
796,7970238791,17105000000,17105238791,238791
797,7980238291,17115000000,17115238291,238291
798,7990247125,17125000000,17125247125,247125
799,8000240791,17135000000,17135240791,240791
800,8010500750,17145000000,17145500750,500750
801,8020243875,17155000000,17155243875,243875
802,8030241333,17165000000,17165241333,241333
803,8040239958,17175000000,17175239958,239958
804,8050195125,17185000000,17185195125,195125
805,8060235750,17195000000,17195235750,235750
806,8070237583,17205000000,17205237583,237583
807,8080236500,17215000000,17215236500,236500
808,8090237458,17225000000,17225237458,237458
809,8100235500,17235000000,17235235500,235500
810,8110243166,17245000000,17245243166,243166
811,8120237708,17255000000,17255237708,237708
812,8130237208,17265000000,17265237208,237208
813,8140237000,17275000000,17275237000,237000
814,8150237666,17285000000,17285237666,237666
815,8160243875,17295000000,17295243875,243875
816,8170237250,17305000000,17305237250,237250
817,8180236458,17315000000,17315236458,236458
818,8190237416,17325000000,17325237416,237416
819,8200236333,17335000000,17335236333,236333
820,8210236416,17345000000,17345236416,236416
821,8220236791,17355000000,17355236791,236791
822,8230238333,17365000000,17365238333,238333
823,8240240750,17375000000,17375240750,240750
824,8250242583,17385000000,17385242583,242583
825,8260240625,17395000000,17395240625,240625
826,8270239833,17405000000,17405239833,239833
827,8280244875,17415000000,17415244875,244875
828,8290242041,17425000000,17425242041,242041
829,8300186416,17435000000,17435186416,186416
830,8310237541,17445000000,17445237541,237541
831,8320236166,17455000000,17455236166,236166
832,8330255500,17465000000,17465255500,255500
833,8340239833,17475000000,17475239833,239833
834,8350237000,17485000000,17485237000,237000
835,8360240875,17495000000,17495240875,240875
836,8370235416,17505000000,17505235416,235416
837,8380234916,17515000000,17515234916,234916
838,8390237041,17525000000,17525237041,237041
839,8400238291,17535000000,17535238291,238291
840,8410241291,17545000000,17545241291,241291
841,8420240208,17555000000,17555240208,240208
842,8430242333,17565000000,17565242333,242333
843,8440240666,17575000000,17575240666,240666
844,8450717333,17585000000,17585717333,717333
845,8460238500,17595000000,17595238500,238500
846,8470235958,17605000000,17605235958,235958
847,8480236333,17615000000,17615236333,236333
848,8490236416,17625000000,17625236416,236416
849,8500236791,17635000000,17635236791,236791
850,8510241541,17645000000,17645241541,241541
851,8520237250,17655000000,17655237250,237250
852,8530236750,17665000000,17665236750,236750
853,8540236833,17675000000,17675236833,236833
854,8550239541,17685000000,17685239541,239541
855,8560237000,17695000000,17695237000,237000
856,8570240291,17705000000,17705240291,240291
857,8580235708,17715000000,17715235708,235708
858,8590235500,17725000000,17725235500,235500
859,8600235583,17735000000,17735235583,235583
860,8610237125,17745000000,17745237125,237125
861,8620234291,17755000000,17755234291,234291
862,8630237000,17765000000,17765237000,237000
863,8640235041,17775000000,17775235041,235041
864,8650499083,17785000000,17785499083,499083
865,8660246000,17795000000,17795246000,246000
866,8670241125,17805000000,17805241125,241125
867,8680193958,17815000000,17815193958,193958
868,8690241583,17825000000,17825241583,241583
869,8700237291,17835000000,17835237291,237291
870,8710237958,17845000000,17845237958,237958
871,8720237458,17855000000,17855237458,237458
872,8730238125,17865000000,17865238125,238125
873,8740236458,17875000000,17875236458,236458
874,8750254333,17885000000,17885254333,254333
875,8760237208,17895000000,17895237208,237208
876,8770237291,17905000000,17905237291,237291
877,8780240291,17915000000,17915240291,240291
878,8790235416,17925000000,17925235416,235416
879,8800235208,17935000000,17935235208,235208
880,8810234708,17945000000,17945234708,234708
881,8820234791,17955000000,17955234791,234791
882,8830234583,17965000000,17965234583,234583
883,8840234958,17975000000,17975234958,234958
884,8850552958,17985000000,17985552958,552958
885,8860236875,17995000000,17995236875,236875
886,8870239000,18005000000,18005239000,239000
887,8880237041,18015000000,18015237041,237041
888,8890237416,18025000000,18025237416,237416
889,8900239250,18035000000,18035239250,239250
890,8910236416,18045000000,18045236416,236416
891,8920240000,18055000000,18055240000,240000
892,8930237750,18065000000,18065237750,237750
893,8940236375,18075000000,18075236375,236375
894,8950238500,18085000000,18085238500,238500
895,8960237125,18095000000,18095237125,237125
896,8970236333,18105000000,18105236333,236333
897,8980237875,18115000000,18115237875,237875
898,8990237958,18125000000,18125237958,237958
899,9000236583,18135000000,18135236583,236583
900,9010236666,18145000000,18145236666,236666
901,9020237333,18155000000,18155237333,237333
902,9030244416,18165000000,18165244416,244416
903,9040241875,18175000000,18175241875,241875
904,9050770166,18185000000,18185770166,770166
905,9060241166,18195000000,18195241166,241166
906,9070240083,18205000000,18205240083,240083
907,9080241041,18215000000,18215241041,241041
908,9090240250,18225000000,18225240250,240250
909,9100200958,18235000000,18235200958,200958
910,9110241875,18245000000,18245241875,241875
911,9120238166,18255000000,18255238166,238166
912,9130236791,18265000000,18265236791,236791
913,9140236583,18275000000,18275236583,236583
914,9150256500,18285000000,18285256500,256500
915,9160237333,18295000000,18295237333,237333
916,9170238583,18305000000,18305238583,238583
917,9180236916,18315000000,18315236916,236916
918,9190236125,18325000000,18325236125,236125
919,9200237666,18335000000,18335237666,237666
920,9210237166,18345000000,18345237166,237166
921,9220236375,18355000000,18355236375,236375
922,9230236750,18365000000,18365236750,236750
923,9240238000,18375000000,18375238000,238000
924,9251099666,18385000000,18386099666,1099666
925,9260239333,18395000000,18395239333,239333
926,9270236500,18405000000,18405236500,236500
927,9280239500,18415000000,18415239500,239500
928,9290239583,18425000000,18425239583,239583
929,9300242291,18435000000,18435242291,242291
930,9310241208,18445000000,18445241208,241208
931,9320239541,18455000000,18455239541,239541
932,9330240500,18465000000,18465240500,240500
933,9340240875,18475000000,18475240875,240875
934,9350262833,18485000000,18485262833,262833
935,9360236375,18495000000,18495236375,236375
936,9370238208,18505000000,18505238208,238208
937,9380237708,18515000000,18515237708,237708
938,9390238375,18525000000,18525238375,238375
939,9400235833,18535000000,18535235833,235833
940,9410235916,18545000000,18545235916,235916
941,9420238333,18555000000,18555238333,238333
942,9430236958,18565000000,18565236958,236958
943,9440236458,18575000000,18575236458,236458
944,9451209541,18585000000,18586209541,1209541
945,9460238083,18595000000,18595238083,238083
946,9470236416,18605000000,18605236416,236416
947,9480237666,18615000000,18615237666,237666
948,9490236875,18625000000,18625236875,236875
949,9500239875,18635000000,18635239875,239875
950,9510236750,18645000000,18645236750,236750
951,9520240333,18655000000,18655240333,240333
952,9530242166,18665000000,18665242166,242166
953,9540237291,18675000000,18675237291,237291
954,9550237083,18685000000,18685237083,237083
955,9560234541,18695000000,18695234541,234541
956,9570237250,18705000000,18705237250,237250
957,9580237041,18715000000,18715237041,237041
958,9590236541,18725000000,18725236541,236541
959,9600238958,18735000000,18735238958,238958
960,9610238166,18745000000,18745238166,238166
961,9620237083,18755000000,18755237083,237083
962,9630236875,18765000000,18765236875,236875
963,9640236083,18775000000,18775236083,236083
964,9650237333,18785000000,18785237333,237333
965,9660239458,18795000000,18795239458,239458
966,9670238666,18805000000,18805238666,238666
967,9680237583,18815000000,18815237583,237583
968,9690236791,18825000000,18825236791,236791
969,9700236875,18835000000,18835236875,236875
970,9710235791,18845000000,18845235791,235791
971,9720237916,18855000000,18855237916,237916
972,9730240041,18865000000,18865240041,240041
973,9740236625,18875000000,18875236625,236625
974,9750240791,18885000000,18885240791,240791
975,9760242916,18895000000,18895242916,242916
976,9770235125,18905000000,18905235125,235125
977,9780234916,18915000000,18915234916,234916
978,9790235291,18925000000,18925235291,235291
979,9800237708,18935000000,18935237708,237708
980,9810238666,18945000000,18945238666,238666
981,9820237000,18955000000,18955237000,237000
982,9830235333,18965000000,18965235333,235333
983,9840384166,18975000000,18975384166,384166
984,9850241333,18985000000,18985241333,241333
985,9860236750,18995000000,18995236750,236750
986,9870240916,19005000000,19005240916,240916
987,9880237500,19015000000,19015237500,237500
988,9890239625,19025000000,19025239625,239625
989,9900237958,19035000000,19035237958,237958
990,9910236000,19045000000,19045236000,236000
991,9920237250,19055000000,19055237250,237250
992,9930236458,19065000000,19065236458,236458
993,9940331041,19075000000,19075331041,331041
994,9950238375,19085000000,19085238375,238375
995,9960241666,19095000000,19095241666,241666
996,9970235625,19105000000,19105235625,235625
997,9980234833,19115000000,19115234833,234833
998,9990241041,19125000000,19125241041,241041
999,10000241708,19135000000,19135241708,241708
1000,10010253458,19145000000,19145253458,253458
1001,10020236625,19155000000,19155236625,236625
1002,10030238458,19165000000,19165238458,238458
1003,10040453208,19175000000,19175453208,453208
1004,10050237166,19185000000,19185237166,237166
1005,10060240458,19195000000,19195240458,240458
1006,10070237916,19205000000,19205237916,237916
1007,10080236250,19215000000,19215236250,236250
1008,10090239541,19225000000,19225239541,239541
1009,10100237000,19235000000,19235237000,237000
1010,10110237958,19245000000,19245237958,237958
1011,10120238333,19255000000,19255238333,238333
1012,10130236666,19265000000,19265236666,236666
1013,10140239666,19275000000,19275239666,239666
1014,10150240041,19285000000,19285240041,240041
1015,10160237791,19295000000,19295237791,237791
1016,10170241083,19305000000,19305241083,241083
1017,10180238833,19315000000,19315238833,238833
1018,10190239791,19325000000,19325239791,239791
1019,10200243666,19335000000,19335243666,243666
1020,10210240833,19345000000,19345240833,240833
1021,10220240916,19355000000,19355240916,240916
1022,10230241583,19365000000,19365241583,241583
1023,10240744208,19375000000,19375744208,744208
1024,10250238250,19385000000,19385238250,238250
1025,10260236000,19395000000,19395236000,236000
1026,10270236666,19405000000,19405236666,236666
1027,10280236458,19415000000,19415236458,236458
1028,10290239750,19425000000,19425239750,239750
1029,10300237791,19435000000,19435237791,237791
1030,10310236708,19445000000,19445236708,236708
1031,10320237375,19455000000,19455237375,237375
1032,10330236000,19465000000,19465236000,236000
1033,10340238416,19475000000,19475238416,238416
1034,10350239083,19485000000,19485239083,239083
1035,10360236833,19495000000,19495236833,236833
1036,10370236625,19505000000,19505236625,236625
1037,10380238166,19515000000,19515238166,238166
1038,10390238541,19525000000,19525238541,238541
1039,10400238916,19535000000,19535238916,238916
1040,10410240750,19545000000,19545240750,240750
1041,10420241708,19555000000,19555241708,241708
1042,10430240041,19565000000,19565240041,240041
1043,10441050375,19575000000,19576050375,1050375
1044,10450242541,19585000000,19585242541,242541
1045,10460240000,19595000000,19595240000,240000
1046,10470264291,19605000000,19605264291,264291
1047,10480266708,19615000000,19615266708,266708
1048,10490238791,19625000000,19625238791,238791
1049,10500237125,19635000000,19635237125,237125
1050,10510236333,19645000000,19645236333,236333
1051,10520237291,19655000000,19655237291,237291
1052,10530236208,19665000000,19665236208,236208
1053,10540240083,19675000000,19675240083,240083
1054,10550238708,19685000000,19685238708,238708
1055,10560237041,19695000000,19695237041,237041
1056,10570237125,19705000000,19705237125,237125
1057,10580236916,19715000000,19715236916,236916
1058,10590238166,19725000000,19725238166,238166
1059,10600236208,19735000000,19735236208,236208
1060,10610237166,19745000000,19745237166,237166
1061,10620236666,19755000000,19755236666,236666
1062,10630236458,19765000000,19765236458,236458
1063,10640524416,19775000000,19775524416,524416
1064,10650240125,19785000000,19785240125,240125
1065,10660239041,19795000000,19795239041,239041
1066,10670241458,19805000000,19805241458,241458
1067,10680240666,19815000000,19815240666,240666
1068,10690238708,19825000000,19825238708,238708
1069,10700242875,19835000000,19835242875,242875
1070,10710260750,19845000000,19845260750,260750
1071,10720240125,19855000000,19855240125,240125
1072,10730235833,19865000000,19865235833,235833
1073,10740240291,19875000000,19875240291,240291
1074,10750242708,19885000000,19885242708,242708
1075,10760198458,19895000000,19895198458,198458
1076,10770236458,19905000000,19905236458,236458
1077,10780237125,19915000000,19915237125,237125
1078,10790255583,19925000000,19925255583,255583
1079,10800274041,19935000000,19935274041,274041
1080,10810222208,19945000000,19945222208,222208
1081,10820238333,19955000000,19955238333,238333
1082,10830234625,19965000000,19965234625,234625
1083,10840243458,19975000000,19975243458,243458
1084,10850158666,19985000000,19985158666,158666
1085,10860234875,19995000000,19995234875,234875
1086,10870235250,20005000000,20005235250,235250
1087,10880234750,20015000000,20015234750,234750
1088,10890243875,20025000000,20025243875,243875
1089,10900243375,20035000000,20035243375,243375
1090,10910245500,20045000000,20045245500,245500
1091,10920242375,20055000000,20055242375,242375
1092,10930234875,20065000000,20065234875,234875
1093,10940235250,20075000000,20075235250,235250
1094,10950236500,20085000000,20085236500,236500
1095,10960234833,20095000000,20095234833,234833
1096,10970235500,20105000000,20105235500,235500
1097,10980234708,20115000000,20115234708,234708
1098,10990234791,20125000000,20125234791,234791
1099,11000236333,20135000000,20135236333,236333
1100,11010241375,20145000000,20145241375,241375
1101,11020236791,20155000000,20155236791,236791
1102,11030235416,20165000000,20165235416,235416
1103,11040234916,20175000000,20175234916,234916
1104,11050235000,20185000000,20185235000,235000
1105,11060234791,20195000000,20195234791,234791
1106,11070241000,20205000000,20205241000,241000
1107,11080236416,20215000000,20215236416,236416
1108,11090239708,20225000000,20225239708,239708
1109,11100236875,20235000000,20235236875,236875
1110,11110264958,20245000000,20245264958,264958
1111,11120238500,20255000000,20255238500,238500
1112,11130237125,20265000000,20265237125,237125
1113,11140236041,20275000000,20275236041,236041
1114,11150240791,20285000000,20285240791,240791
1115,11160246125,20295000000,20295246125,246125
1116,11170236583,20305000000,20305236583,236583
1117,11180237250,20315000000,20315237250,237250
1118,11190236750,20325000000,20325236750,236750
1119,11200236541,20335000000,20335236541,236541
1120,11210245666,20345000000,20345245666,245666
1121,11220237291,20355000000,20355237291,237291
1122,11230240875,20365000000,20365240875,240875
1123,11240244750,20375000000,20375244750,244750
1124,11250235500,20385000000,20385235500,235500
1125,11260235875,20395000000,20395235875,235875
1126,11270234791,20405000000,20405234791,234791
1127,11280235166,20415000000,20415235166,235166
1128,11290237583,20425000000,20425237583,237583
1129,11300240000,20435000000,20435240000,240000
1130,11310237750,20445000000,20445237750,237750
1131,11320236375,20455000000,20455236375,236375
1132,11330711000,20465000000,20465711000,711000
1133,11340240625,20475000000,20475240625,240625
1134,11350236333,20485000000,20485236333,236333
1135,11360239916,20495000000,20495239916,239916
1136,11370237083,20505000000,20505237083,237083
1137,11380239208,20515000000,20515239208,239208
1138,11390238125,20525000000,20525238125,238125
1139,11400238208,20535000000,20535238208,238208
1140,11410235666,20545000000,20545235666,235666
1141,11420237500,20555000000,20555237500,237500
1142,11430238750,20565000000,20565238750,238750
1143,11440238833,20575000000,20575238833,238833
1144,11450240958,20585000000,20585240958,240958
1145,11460242500,20595000000,20595242500,242500
1146,11470235583,20605000000,20605235583,235583
1147,11480241208,20615000000,20615241208,241208
1148,11490240708,20625000000,20625240708,240708
1149,11500260916,20635000000,20635260916,260916
1150,11510238833,20645000000,20645238833,238833
1151,11520236291,20655000000,20655236291,236291
1152,11530342250,20665000000,20665342250,342250
1153,11540244625,20675000000,20675244625,244625
1154,11550238583,20685000000,20685238583,238583
1155,11560237208,20695000000,20695237208,237208
1156,11570238166,20705000000,20705238166,238166
1157,11580239416,20715000000,20715239416,239416
1158,11590236583,20725000000,20725236583,236583
1159,11600237833,20735000000,20735237833,237833
1160,11610236458,20745000000,20745236458,236458
1161,11620237125,20755000000,20755237125,237125
1162,11630279791,20765000000,20765279791,279791
1163,11640236125,20775000000,20775236125,236125
1164,11650241166,20785000000,20785241166,241166
1165,11660237458,20795000000,20795237458,237458
1166,11670235791,20805000000,20805235791,235791
1167,11680242583,20815000000,20815242583,242583
1168,11690240916,20825000000,20825240916,240916
1169,11700260250,20835000000,20835260250,260250
1170,11710239625,20845000000,20845239625,239625
1171,11720237958,20855000000,20855237958,237958
1172,11730453000,20865000000,20865453000,453000
1173,11740238416,20875000000,20875238416,238416
1174,11750238208,20885000000,20885238208,238208
1175,11760235958,20895000000,20895235958,235958
1176,11770238375,20905000000,20905238375,238375
1177,11780239625,20915000000,20915239625,239625
1178,11790237666,20925000000,20925237666,237666
1179,11800237166,20935000000,20935237166,237166
1180,11810237250,20945000000,20945237250,237250
1181,11820236750,20955000000,20955236750,236750
1182,11830239166,20965000000,20965239166,239166
1183,11840237791,20975000000,20975237791,237791
1184,11850237875,20985000000,20985237875,237875
1185,11860237083,20995000000,20995237083,237083
1186,11870236583,21005000000,21005236583,236583
1187,11880240166,21015000000,21015240166,240166
1188,11890240541,21025000000,21025240541,240541
1189,11900245583,21035000000,21035245583,245583
1190,11910240125,21045000000,21045240125,240125
1191,11920239625,21055000000,21055239625,239625
1192,11930729416,21065000000,21065729416,729416
1193,11940238333,21075000000,21075238333,238333
1194,11950238708,21085000000,21085238708,238708
1195,11960236458,21095000000,21095236458,236458
1196,11970240916,21105000000,21105240916,240916
1197,11980237208,21115000000,21115237208,237208
1198,11990238458,21125000000,21125238458,238458
1199,12000237666,21135000000,21135237666,237666
1200,12010239791,21145000000,21145239791,239791
1201,12020236958,21155000000,21155236958,236958
1202,12030239375,21165000000,21165239375,239375
1203,12040235958,21175000000,21175235958,235958
1204,12050236916,21185000000,21185236916,236916
1205,12060237875,21195000000,21195237875,237875
1206,12070236500,21205000000,21205236500,236500
1207,12080237458,21215000000,21215237458,237458
1208,12090240166,21225000000,21225240166,240166
1209,12100241416,21235000000,21235241416,241416
1210,12110240041,21245000000,21245240041,240041
1211,12120241875,21255000000,21255241875,241875
1212,12130467125,21265000000,21265467125,467125
1213,12140242333,21275000000,21275242333,242333
1214,12150241541,21285000000,21285241541,241541
1215,12160237833,21295000000,21295237833,237833
1216,12170237625,21305000000,21305237625,237625
1217,12180239166,21315000000,21315239166,239166
1218,12190237500,21325000000,21325237500,237500
1219,12200240791,21335000000,21335240791,240791
1220,12210238541,21345000000,21345238541,238541
1221,12220236875,21355000000,21355236875,236875
1222,12230256791,21365000000,21365256791,256791
1223,12240239375,21375000000,21375239375,239375
1224,12250236541,21385000000,21385236541,236541
1225,12260239250,21395000000,21395239250,239250
1226,12270237000,21405000000,21405237000,237000
1227,12280237958,21415000000,21415237958,237958
1228,12290238333,21425000000,21425238333,238333
1229,12300241041,21435000000,21435241041,241041
1230,12310241125,21445000000,21445241125,241125
1231,12320240916,21455000000,21455240916,240916
1232,12330656625,21465000000,21465656625,656625
1233,12340240500,21475000000,21475240500,240500
1234,12350241166,21485000000,21485241166,241166
1235,12360273333,21495000000,21495273333,273333
1236,12370250375,21505000000,21505250375,250375
1237,12380238500,21515000000,21515238500,238500
1238,12390237416,21525000000,21525237416,237416
1239,12400239541,21535000000,21535239541,239541
1240,12410237583,21545000000,21545237583,237583
1241,12420237083,21555000000,21555237083,237083
1242,12430236000,21565000000,21565236000,236000
1243,12440233750,21575000000,21575233750,233750
1244,12450236166,21585000000,21585236166,236166
1245,12460236541,21595000000,21595236541,236541
1246,12470236625,21605000000,21605236625,236625
1247,12480237000,21615000000,21615237000,237000
1248,12490236791,21625000000,21625236791,236791
1249,12500238041,21635000000,21635238041,238041
1250,12510236083,21645000000,21645236083,236083
1251,12520240250,21655000000,21655240250,240250
1252,12530237125,21665000000,21665237125,237125
1253,12540236333,21675000000,21675236333,236333
1254,12550236708,21685000000,21685236708,236708
1255,12560237666,21695000000,21695237666,237666
1256,12570238041,21705000000,21705238041,238041
1257,12580237250,21715000000,21715237250,237250
1258,12590236166,21725000000,21725236166,236166
1259,12600236541,21735000000,21735236541,236541
1260,12610236041,21745000000,21745236041,236041
1261,12620239041,21755000000,21755239041,239041
1262,12630243208,21765000000,21765243208,243208
1263,12640242708,21775000000,21775242708,242708
1264,12650235500,21785000000,21785235500,235500
1265,12660236750,21795000000,21795236750,236750
1266,12670239458,21805000000,21805239458,239458
1267,12680242750,21815000000,21815242750,242750
1268,12690239916,21825000000,21825239916,239916
1269,12700160375,21835000000,21835160375,160375
1270,12710235708,21845000000,21845235708,235708
1271,12720669208,21855000000,21855669208,669208
1272,12730242291,21865000000,21865242291,242291
1273,12740238000,21875000000,21875238000,238000
1274,12750238375,21885000000,21885238375,238375
1275,12760237875,21895000000,21895237875,237875
1276,12770238833,21905000000,21905238833,238833
1277,12780238625,21915000000,21915238625,238625
1278,12790237250,21925000000,21925237250,237250
1279,12800236750,21935000000,21935236750,236750
1280,12810236250,21945000000,21945236250,236250
1281,12820238958,21955000000,21955238958,238958
1282,12830237291,21965000000,21965237291,237291
1283,12840240000,21975000000,21975240000,240000
1284,12850236875,21985000000,21985236875,236875
1285,12860234625,21995000000,21995234625,234625
1286,12870242583,22005000000,22005242583,242583
1287,12880239750,22015000000,22015239750,239750
1288,12890240416,22025000000,22025240416,240416
1289,12900168458,22035000000,22035168458,168458
1290,12910236791,22045000000,22045236791,236791
1291,12920238041,22055000000,22055238041,238041
1292,12930236958,22065000000,22065236958,236958
1293,12940236750,22075000000,22075236750,236750
1294,12950238583,22085000000,22085238583,238583
1295,12960239250,22095000000,22095239250,239250
1296,12970167583,22105000000,22105167583,167583
1297,12980238250,22115000000,22115238250,238250
1298,12990238041,22125000000,22125238041,238041
1299,13000236666,22135000000,22135236666,236666
1300,13010239083,22145000000,22145239083,239083
1301,13020238875,22155000000,22155238875,238875
1302,13030237500,22165000000,22165237500,237500
1303,13040237291,22175000000,22175237291,237291
1304,13050239125,22185000000,22185239125,239125
1305,13060236875,22195000000,22195236875,236875
1306,13070239875,22205000000,22205239875,239875
1307,13080237916,22215000000,22215237916,237916
1308,13090242375,22225000000,22225242375,242375
1309,13100242166,22235000000,22235242166,242166
1310,13110240208,22245000000,22245240208,240208
1311,13120241166,22255000000,22255241166,241166
1312,13130240958,22265000000,22265240958,240958
1313,13140181541,22275000000,22275181541,181541
1314,13150237041,22285000000,22285237041,237041
1315,13160237125,22295000000,22295237125,237125
1316,13170713791,22305000000,22305713791,713791
1317,13180238458,22315000000,22315238458,238458
1318,13190236791,22325000000,22325236791,236791
1319,13200241833,22335000000,22335241833,241833
1320,13210237541,22345000000,22345237541,237541
1321,13220239375,22355000000,22355239375,239375
1322,13230237416,22365000000,22365237416,237416
1323,13240236625,22375000000,22375236625,236625
1324,13250237000,22385000000,22385237000,237000
1325,13260239125,22395000000,22395239125,239125
1326,13270239791,22405000000,22405239791,239791
1327,13280238125,22415000000,22415238125,238125
1328,13290237333,22425000000,22425237333,237333
1329,13300237708,22435000000,22435237708,237708
1330,13310236041,22445000000,22445236041,236041
1331,13320241083,22455000000,22455241083,241083
1332,13330240000,22465000000,22465240000,240000
1333,13340240958,22475000000,22475240958,240958
1334,13350256791,22485000000,22485256791,256791
1335,13360237333,22495000000,22495237333,237333
1336,13370640500,22505000000,22505640500,640500
1337,13380243041,22515000000,22515243041,243041
1338,13390242541,22525000000,22525242541,242541
1339,13400239416,22535000000,22535239416,239416
1340,13410236583,22545000000,22545236583,236583
1341,13420239291,22555000000,22555239291,239291
1342,13430240833,22565000000,22565240833,240833
1343,13440235958,22575000000,22575235958,235958
1344,13450240708,22585000000,22585240708,240708
1345,13460237583,22595000000,22595237583,237583
1346,13470261291,22605000000,22605261291,261291
1347,13480237166,22615000000,22615237166,237166
1348,13490236666,22625000000,22625236666,236666
1349,13500238208,22635000000,22635238208,238208
1350,13510235375,22645000000,22645235375,235375
1351,13520240708,22655000000,22655240708,240708
1352,13530240791,22665000000,22665240791,240791
1353,13540262458,22675000000,22675262458,262458
1354,13550215875,22685000000,22685215875,215875
1355,13560240750,22695000000,22695240750,240750
1356,13570222166,22705000000,22705222166,222166
1357,13580243833,22715000000,22715243833,243833
1358,13590236916,22725000000,22725236916,236916
1359,13600240208,22735000000,22735240208,240208
1360,13610236500,22745000000,22745236500,236500
1361,13620236000,22755000000,22755236000,236000
1362,13630240750,22765000000,22765240750,240750
1363,13640237041,22775000000,22775237041,237041
1364,13650238000,22785000000,22785238000,238000
1365,13660238375,22795000000,22795238375,238375
1366,13670245166,22805000000,22805245166,245166
1367,13680237083,22815000000,22815237083,237083
1368,13690238041,22825000000,22825238041,238041
1369,13700238416,22835000000,22835238416,238416
1370,13710235000,22845000000,22845235000,235000
1371,13720242666,22855000000,22855242666,242666
1372,13730239833,22865000000,22865239833,239833
1373,13740241958,22875000000,22875241958,241958
1374,13750244958,22885000000,22885244958,244958
1375,13760240375,22895000000,22895240375,240375
1376,13770240458,22905000000,22905240458,240458
1377,13780240833,22915000000,22915240833,240833
1378,13790259583,22925000000,22925259583,259583
1379,13800238958,22935000000,22935238958,238958
1380,13810239333,22945000000,22945239333,239333
1381,13820237375,22955000000,22955237375,237375
1382,13830236291,22965000000,22965236291,236291
1383,13840242791,22975000000,22975242791,242791
1384,13850237041,22985000000,22985237041,237041
1385,13860237708,22995000000,22995237708,237708
1386,13870236333,23005000000,23005236333,236333
1387,13880240208,23015000000,23015240208,240208
1388,13890256916,23025000000,23025256916,256916
1389,13900238625,23035000000,23035238625,238625
1390,13910236666,23045000000,23045236666,236666
1391,13920235000,23055000000,23055235000,235000
1392,13930235666,23065000000,23065235666,235666
1393,13940234291,23075000000,23075234291,234291
1394,13950236125,23085000000,23085236125,236125
1395,13960241166,23095000000,23095241166,241166
1396,13970235708,23105000000,23105235708,235708
1397,13980235500,23115000000,23115235500,235500
1398,13990234708,23125000000,23125234708,234708
1399,14000236541,23135000000,23135236541,236541
1400,14010236916,23145000000,23145236916,236916
1401,14020236125,23155000000,23155236125,236125
1402,14030236500,23165000000,23165236500,236500
1403,14040234541,23175000000,23175234541,234541
1404,14050234916,23185000000,23185234916,234916
1405,14060567500,23195000000,23195567500,567500
1406,14070239458,23205000000,23205239458,239458
1407,14080236625,23215000000,23215236625,236625
1408,14090240791,23225000000,23225240791,240791
1409,14100240291,23235000000,23235240291,240291
1410,14110238916,23245000000,23245238916,238916
1411,14120237250,23255000000,23255237250,237250
1412,14130236750,23265000000,23265236750,236750
1413,14140235958,23275000000,23275235958,235958
1414,14150237791,23285000000,23285237791,237791
1415,14160238166,23295000000,23295238166,238166
1416,14170237666,23305000000,23305237666,237666
1417,14180237166,23315000000,23315237166,237166
1418,14190234625,23325000000,23325234625,234625
1419,14200271750,23335000000,23335271750,271750
1420,14210235083,23345000000,23345235083,235083
1421,14220236625,23355000000,23355236625,236625
1422,14230234958,23365000000,23365234958,234958
1423,14240235916,23375000000,23375235916,235916
1424,14250234541,23385000000,23385234541,234541
1425,14260668333,23395000000,23395668333,668333
1426,14270242875,23405000000,23405242875,242875
1427,14280238000,23415000000,23415238000,238000
1428,14290236625,23425000000,23425236625,236625
1429,14300262083,23435000000,23435262083,262083
1430,14310239416,23445000000,23445239416,239416
1431,14320240666,23455000000,23455240666,240666
1432,14330238125,23465000000,23465238125,238125
1433,14340238208,23475000000,23475238208,238208
1434,14350237416,23485000000,23485237416,237416
1435,14360239833,23495000000,23495239833,239833
1436,14370237000,23505000000,23505237000,237000
1437,14380238541,23515000000,23515238541,238541
1438,14390237458,23525000000,23525237458,237458
1439,14400234916,23535000000,23535234916,234916
1440,14410234708,23545000000,23545234708,234708
1441,14420235666,23555000000,23555235666,235666
1442,14430237791,23565000000,23565237791,237791
1443,14440235541,23575000000,23575235541,235541
1444,14450234750,23585000000,23585234750,234750
1445,14460442500,23595000000,23595442500,442500
1446,14470240458,23605000000,23605240458,240458
1447,14480236458,23615000000,23615236458,236458
1448,14490238291,23625000000,23625238291,238291
1449,14500236625,23635000000,23635236625,236625
1450,14510237000,23645000000,23645237000,237000
1451,14520237666,23655000000,23655237666,237666
1452,14530236291,23665000000,23665236291,236291
1453,14540236958,23675000000,23675236958,236958
1454,14550236750,23685000000,23685236750,236750
1455,14560245875,23695000000,23695245875,245875
1456,14570237791,23705000000,23705237791,237791
1457,14580237291,23715000000,23715237291,237291
1458,14590237375,23725000000,23725237375,237375
1459,14600234250,23735000000,23735234250,234250
1460,14610237250,23745000000,23745237250,237250
1461,14620235000,23755000000,23755235000,235000
1462,14630235375,23765000000,23765235375,235375
1463,14640235166,23775000000,23775235166,235166
1464,14650234666,23785000000,23785234666,234666
1465,14660738458,23795000000,23795738458,738458
1466,14670242708,23805000000,23805242708,242708
1467,14680239583,23815000000,23815239583,239583
1468,14690194166,23825000000,23825194166,194166
1469,14700238291,23835000000,23835238291,238291
1470,14710236625,23845000000,23845236625,236625
1471,14720238458,23855000000,23855238458,238458
1472,14730239416,23865000000,23865239416,239416
1473,14740236000,23875000000,23875236000,236000
1474,14750241041,23885000000,23885241041,241041
1475,14760245208,23895000000,23895245208,245208
1476,14770237125,23905000000,23905237125,237125
1477,14780236916,23915000000,23915236916,236916
1478,14790238166,23925000000,23925238166,238166
1479,14800235916,23935000000,23935235916,235916
1480,14810239208,23945000000,23945239208,239208
1481,14820237541,23955000000,23955237541,237541
1482,14830237041,23965000000,23965237041,237041
1483,14840236250,23975000000,23975236250,236250
1484,14850236916,23985000000,23985236916,236916
1485,14860744791,23995000000,23995744791,744791
1486,14870243208,24005000000,24005243208,243208
1487,14880240083,24015000000,24015240083,240083
1488,14890241625,24025000000,24025241625,241625
1489,14900244625,24035000000,24035244625,244625
1490,14910239166,24045000000,24045239166,239166
1491,14920236333,24055000000,24055236333,236333
1492,14930241666,24065000000,24065241666,241666
1493,14940237958,24075000000,24075237958,237958
1494,14950236583,24085000000,24085236583,236583
1495,14960272541,24095000000,24095272541,272541
1496,14970237333,24105000000,24105237333,237333
1497,14980235958,24115000000,24115235958,235958
1498,14990240416,24125000000,24125240416,240416
1499,15000238458,24135000000,24135238458,238458
1500,15010237375,24145000000,24145237375,237375
1501,15020238333,24155000000,24155238333,238333
1502,15030236083,24165000000,24165236083,236083
1503,15040238208,24175000000,24175238208,238208
1504,15050235958,24185000000,24185235958,235958
1505,15060236041,24195000000,24195236041,236041
1506,15070235250,24205000000,24205235250,235250
1507,15080234750,24215000000,24215234750,234750
1508,15090235125,24225000000,24225235125,235125
1509,15100234916,24235000000,24235234916,234916
1510,15110236458,24245000000,24245236458,236458
1511,15120235375,24255000000,24255235375,235375
1512,15130235166,24265000000,24265235166,235166
1513,15140236708,24275000000,24275236708,236708
1514,15150235916,24285000000,24285235916,235916
1515,15160233666,24295000000,24295233666,233666
1516,15170235791,24305000000,24305235791,235791
1517,15180235000,24315000000,24315235000,235000
1518,15190236250,24325000000,24325236250,236250
1519,15200236916,24335000000,24335236916,236916
1520,15210236708,24345000000,24345236708,236708
1521,15220236791,24355000000,24355236791,236791
1522,15230236000,24365000000,24365236000,236000
1523,15240235791,24375000000,24375235791,235791
1524,15250240833,24385000000,24385240833,240833
1525,15260236541,24395000000,24395236541,236541
1526,15270236625,24405000000,24405236625,236625
1527,15280235541,24415000000,24415235541,235541
1528,15290237375,24425000000,24425237375,237375
1529,15300238333,24435000000,24435238333,238333
1530,15310237541,24445000000,24445237541,237541
1531,15320240833,24455000000,24455240833,240833
1532,15330236541,24465000000,24465236541,236541
1533,15340238375,24475000000,24475238375,238375
1534,15350239625,24485000000,24485239625,239625
1535,15360243500,24495000000,24495243500,243500
1536,15370241833,24505000000,24505241833,241833
1537,15380235208,24515000000,24515235208,235208
1538,15390236458,24525000000,24525236458,236458
1539,15400235375,24535000000,24535235375,235375
1540,15410237791,24545000000,24545237791,237791
1541,15420236416,24555000000,24555236416,236416
1542,15430236791,24565000000,24565236791,236791
1543,15440236000,24575000000,24575236000,236000
1544,15450236958,24585000000,24585236958,236958
1545,15460236750,24595000000,24595236750,236750
1546,15470236250,24605000000,24605236250,236250
1547,15480236625,24615000000,24615236625,236625
1548,15490235541,24625000000,24625235541,235541
1549,15500274125,24635000000,24635274125,274125
1550,15510239208,24645000000,24645239208,239208
1551,15520236666,24655000000,24655236666,236666
1552,15530236458,24665000000,24665236458,236458
1553,15540237708,24675000000,24675237708,237708
1554,15550238958,24685000000,24685238958,238958
1555,15560240791,24695000000,24695240791,240791
1556,15570240583,24705000000,24705240583,240583
1557,15580242125,24715000000,24715242125,242125
1558,15590241333,24725000000,24725241333,241333
1559,15600250166,24735000000,24735250166,250166
1560,15610241791,24745000000,24745241791,241791
1561,15620236625,24755000000,24755236625,236625
1562,15630235833,24765000000,24765235833,235833
1563,15640234750,24775000000,24775234750,234750
1564,15650242416,24785000000,24785242416,242416
1565,15660278083,24795000000,24795278083,278083
1566,15670236166,24805000000,24805236166,236166
1567,15680240625,24815000000,24815240625,240625
1568,15690238958,24825000000,24825238958,238958
1569,15700961791,24835000000,24835961791,961791
1570,15710238250,24845000000,24845238250,238250
1571,15720237458,24855000000,24855237458,237458
1572,15730235791,24865000000,24865235791,235791
1573,15740240541,24875000000,24875240541,240541
1574,15750240041,24885000000,24885240041,240041
1575,15760237208,24895000000,24895237208,237208
1576,15770236416,24905000000,24905236416,236416
1577,15780236500,24915000000,24915236500,236500
1578,15790236000,24925000000,24925236000,236000
1579,15800239291,24935000000,24935239291,239291
1580,15810236750,24945000000,24945236750,236750
1581,15820237416,24955000000,24955237416,237416
1582,15830243333,24965000000,24965243333,243333
1583,15840234666,24975000000,24975234666,234666
1584,15850235041,24985000000,24985235041,235041
1585,15860240083,24995000000,24995240083,240083
1586,15870237250,25005000000,25005237250,237250
1587,15880236750,25015000000,25015236750,236750
1588,15890236833,25025000000,25025236833,236833
1589,15900862541,25035000000,25035862541,862541
1590,15910239916,25045000000,25045239916,239916
1591,15920237666,25055000000,25055237666,237666
1592,15930237750,25065000000,25065237750,237750
1593,15940236666,25075000000,25075236666,236666
1594,15950239958,25085000000,25085239958,239958
1595,15960238583,25095000000,25095238583,238583
1596,15970237791,25105000000,25105237791,237791
1597,15980236416,25115000000,25115236416,236416
1598,15990241458,25125000000,25125241458,241458
1599,16000265166,25135000000,25135265166,265166
1600,16010237833,25145000000,25145237833,237833
1601,16020240833,25155000000,25155240833,240833
1602,16030235666,25165000000,25165235666,235666
1603,16040235458,25175000000,25175235458,235458
1604,16050240791,25185000000,25185240791,240791
1605,16060242916,25195000000,25195242916,242916
1606,16070241250,25205000000,25205241250,241250
1607,16080262625,25215000000,25215262625,262625
1608,16090236750,25225000000,25225236750,236750
1609,16100641958,25235000000,25235641958,641958
1610,16110243041,25245000000,25245243041,243041
1611,16120242250,25255000000,25255242250,242250
1612,16130238250,25265000000,25265238250,238250
1613,16140236875,25275000000,25275236875,236875
1614,16150237541,25285000000,25285237541,237541
1615,16160237041,25295000000,25295237041,237041
1616,16170236250,25305000000,25305236250,236250
1617,16180237208,25315000000,25315237208,237208
1618,16190236416,25325000000,25325236416,236416
1619,16200261583,25335000000,25335261583,261583
1620,16210236583,25345000000,25345236583,236583
1621,16220237250,25355000000,25355237250,237250
1622,16230240541,25365000000,25365240541,240541
1623,16240237125,25375000000,25375237125,237125
1624,16250238083,25385000000,25385238083,238083
1625,16260239625,25395000000,25395239625,239625
1626,16270240583,25405000000,25405240583,240583
1627,16280240666,25415000000,25415240666,240666
1628,16290243375,25425000000,25425243375,243375
1629,16300299750,25435000000,25435299750,299750
1630,16310245291,25445000000,25445245291,245291
1631,16320240125,25455000000,25455240125,240125
1632,16330262375,25465000000,25465262375,262375
1633,16340268291,25475000000,25475268291,268291
1634,16350240083,25485000000,25485240083,240083
1635,16360239291,25495000000,25495239291,239291
1636,16370237625,25505000000,25505237625,237625
1637,16380237125,25515000000,25515237125,237125
1638,16390236916,25525000000,25525236916,236916
1639,16400241958,25535000000,25535241958,241958
1640,16410241166,25545000000,25545241166,241166
1641,16420238333,25555000000,25555238333,238333
1642,16430237250,25565000000,25565237250,237250
1643,16440237916,25575000000,25575237916,237916
1644,16450247041,25585000000,25585247041,247041
1645,16460236333,25595000000,25595236333,236333
1646,16470241958,25605000000,25605241958,241958
1647,16480237958,25615000000,25615237958,237958
1648,16490236583,25625000000,25625236583,236583
1649,16500236375,25635000000,25635236375,236375
1650,16510237333,25645000000,25645237333,237333
1651,16520239166,25655000000,25655239166,239166
1652,16530240416,25665000000,25665240416,240416
1653,16540243125,25675000000,25675243125,243125
1654,16550242041,25685000000,25685242041,242041
1655,16560240375,25695000000,25695240375,240375
1656,16570246583,25705000000,25705246583,246583
1657,16580241708,25715000000,25715241708,241708
1658,16590258125,25725000000,25725258125,258125
1659,16600236625,25735000000,25735236625,236625
1660,16610240500,25745000000,25745240500,240500
1661,16620254000,25755000000,25755254000,254000
1662,16630237750,25765000000,25765237750,237750
1663,16640236666,25775000000,25775236666,236666
1664,16650237625,25785000000,25785237625,237625
1665,16660234791,25795000000,25795234791,234791
1666,16670234000,25805000000,25805234000,234000
1667,16680237291,25815000000,25815237291,237291
1668,16690235625,25825000000,25825235625,235625
1669,16700234541,25835000000,25835234541,234541
1670,16710235208,25845000000,25845235208,235208
1671,16720235583,25855000000,25855235583,235583
1672,16730237125,25865000000,25865237125,237125
1673,16740704166,25875000000,25875704166,704166
1674,16750237875,25885000000,25885237875,237875
1675,16760242041,25895000000,25895242041,242041
1676,16770238041,25905000000,25905238041,238041
1677,16780237250,25915000000,25915237250,237250
1678,16790236458,25925000000,25925236458,236458
1679,16800238291,25935000000,25935238291,238291
1680,16810241000,25945000000,25945241000,241000
1681,16820237875,25955000000,25955237875,237875
1682,16830236500,25965000000,25965236500,236500
1683,16840239500,25975000000,25975239500,239500
1684,16850237833,25985000000,25985237833,237833
1685,16860235583,25995000000,25995235583,235583
1686,16870236541,26005000000,26005236541,236541
1687,16880235458,26015000000,26015235458,235458
1688,16890242250,26025000000,26025242250,242250
1689,16900235625,26035000000,26035235625,235625
1690,16910237166,26045000000,26045237166,237166
1691,16920234625,26055000000,26055234625,234625
1692,16930236166,26065000000,26065236166,236166
1693,16940442166,26075000000,26075442166,442166
1694,16950236916,26085000000,26085236916,236916
1695,16960234375,26095000000,26095234375,234375
1696,16970234458,26105000000,26105234458,234458
1697,16980234833,26115000000,26115234833,234833
1698,16990256208,26125000000,26125256208,256208
1699,17000237333,26135000000,26135237333,237333
1700,17010238875,26145000000,26145238875,238875
1701,17020237500,26155000000,26155237500,237500
1702,17030237000,26165000000,26165237000,237000
1703,17040244083,26175000000,26175244083,244083
1704,17050241833,26185000000,26185241833,241833
1705,17060237541,26195000000,26195237541,237541
1706,17070237041,26205000000,26205237041,237041
1707,17080237708,26215000000,26215237708,237708
1708,17090238666,26225000000,26225238666,238666
1709,17100237291,26235000000,26235237291,237291
1710,17110239708,26245000000,26245239708,239708
1711,17120235125,26255000000,26255235125,235125
1712,17130234916,26265000000,26265234916,234916
1713,17140236166,26275000000,26275236166,236166
1714,17150235375,26285000000,26285235375,235375
1715,17160237500,26295000000,26295237500,237500
1716,17170235541,26305000000,26305235541,235541
1717,17180235333,26315000000,26315235333,235333
1718,17190714916,26325000000,26325714916,714916
1719,17200239291,26335000000,26335239291,239291
1720,17210237625,26345000000,26345237625,237625
1721,17220240625,26355000000,26355240625,240625
1722,17230236916,26365000000,26365236916,236916
1723,17240239041,26375000000,26375239041,239041
1724,17250238250,26385000000,26385238250,238250
1725,17260237458,26395000000,26395237458,237458
1726,17270236958,26405000000,26405236958,236958
1727,17280236166,26415000000,26415236166,236166
1728,17290238875,26425000000,26425238875,238875
1729,17300237500,26435000000,26435237500,237500
1730,17310239333,26445000000,26445239333,239333
1731,17320236500,26455000000,26455236500,236500
1732,17330235416,26465000000,26465235416,235416
1733,17340235208,26475000000,26475235208,235208
1734,17350234416,26485000000,26485234416,234416
1735,17360236541,26495000000,26495236541,236541
1736,17370234583,26505000000,26505234583,234583
1737,17380234375,26515000000,26515234375,234375
1738,17390644250,26525000000,26525644250,644250
1739,17400236875,26535000000,26535236875,236875
1740,17410238708,26545000000,26545238708,238708
1741,17420236750,26555000000,26555236750,236750
1742,17430238000,26565000000,26565238000,238000
1743,17440236333,26575000000,26575236333,236333
1744,17450237875,26585000000,26585237875,237875
1745,17460239125,26595000000,26595239125,239125
1746,17470236291,26605000000,26605236291,236291
1747,17480240458,26615000000,26615240458,240458
1748,17490237625,26625000000,26625237625,237625
1749,17500237125,26635000000,26635237125,237125
1750,17510256166,26645000000,26645256166,256166
1751,17520237000,26655000000,26655237000,237000
1752,17530235041,26665000000,26665235041,235041
1753,17540234833,26675000000,26675234833,234833
1754,17550237541,26685000000,26685237541,237541
1755,17560236166,26695000000,26695236166,236166
1756,17570236250,26705000000,26705236250,236250
1757,17580239250,26715000000,26715239250,239250
1758,17590461291,26725000000,26725461291,461291
1759,17600240000,26735000000,26735240000,240000
1760,17610222000,26745000000,26745222000,222000
1761,17620237541,26755000000,26755237541,237541
1762,17630237041,26765000000,26765237041,237041
1763,17640239750,26775000000,26775239750,239750
1764,17650236625,26785000000,26785236625,236625
1765,17660238166,26795000000,26795238166,238166
1766,17670236791,26805000000,26805236791,236791
1767,17680237166,26815000000,26815237166,237166
1768,17690239583,26825000000,26825239583,239583
1769,17700237625,26835000000,26835237625,237625
1770,17710243833,26845000000,26845243833,243833
1771,17720242750,26855000000,26855242750,242750
1772,17730241666,26865000000,26865241666,241666
1773,17740241750,26875000000,26875241750,241750
1774,17750239791,26885000000,26885239791,239791
1775,17760240166,26895000000,26895240166,240166
1776,17770194750,26905000000,26905194750,194750
1777,17780237708,26915000000,26915237708,237708
1778,17790545208,26925000000,26925545208,545208
1779,17800239041,26935000000,26935239041,239041
1780,17810237958,26945000000,26945237958,237958
1781,17820238333,26955000000,26955238333,238333
1782,17830236666,26965000000,26965236666,236666
1783,17840238208,26975000000,26975238208,238208
1784,17850237125,26985000000,26985237125,237125
1785,17860238958,26995000000,26995238958,238958
1786,17870237583,27005000000,27005237583,237583
1787,17880237083,27015000000,27015237083,237083
1788,17890236291,27025000000,27025236291,236291
1789,17900237833,27035000000,27035237833,237833
1790,17910236458,27045000000,27045236458,236458
1791,17920238000,27055000000,27055238000,238000
1792,17930236916,27065000000,27065236916,236916
1793,17940236708,27075000000,27075236708,236708
1794,17950238833,27085000000,27085238833,238833
1795,17960239791,27095000000,27095239791,239791
1796,17970237250,27105000000,27105237250,237250
1797,17980242583,27115000000,27115242583,242583
1798,17990237125,27125000000,27125237125,237125
1799,18000236333,27135000000,27135236333,236333
1800,18010236416,27145000000,27145236416,236416
1801,18020237958,27155000000,27155237958,237958
1802,18030239208,27165000000,27165239208,239208
1803,18040238125,27175000000,27175238125,238125
1804,18050237625,27185000000,27185237625,237625
1805,18060237125,27195000000,27195237125,237125
1806,18070238375,27205000000,27205238375,238375
1807,18080241375,27215000000,27215241375,241375
1808,18090243791,27225000000,27225243791,243791
1809,18100241541,27235000000,27235241541,241541
1810,18110240166,27245000000,27245240166,240166
1811,18120243166,27255000000,27255243166,243166
1812,18130241791,27265000000,27265241791,241791
1813,18140213291,27275000000,27275213291,213291
1814,18150238166,27285000000,27285238166,238166
1815,18160238250,27295000000,27295238250,238250
1816,18170236000,27305000000,27305236000,236000
1817,18180237250,27315000000,27315237250,237250
1818,18190237916,27325000000,27325237916,237916
1819,18200236250,27335000000,27335236250,236250
1820,18210236333,27345000000,27345236333,236333
1821,18220237583,27355000000,27355237583,237583
1822,18230765875,27365000000,27365765875,765875
1823,18240240375,27375000000,27375240375,240375
1824,18250238125,27385000000,27385238125,238125
1825,18260236750,27395000000,27395236750,236750
1826,18270236833,27405000000,27405236833,236833
1827,18280238375,27415000000,27415238375,238375
1828,18290237000,27425000000,27425237000,237000
1829,18300237958,27435000000,27435237958,237958
1830,18310236875,27445000000,27445236875,236875
1831,18320238708,27455000000,27455238708,238708
1832,18330261541,27465000000,27465261541,261541
1833,18340244708,27475000000,27475244708,244708
1834,18350240416,27485000000,27485240416,240416
1835,18360240208,27495000000,27495240208,240208
1836,18370239708,27505000000,27505239708,239708
1837,18380240375,27515000000,27515240375,240375
1838,18390157916,27525000000,27525157916,157916
1839,18400236166,27535000000,27535236166,236166
1840,18410239458,27545000000,27545239458,239458
1841,18420237208,27555000000,27555237208,237208
1842,18431021875,27565000000,27566021875,1021875
1843,18440239125,27575000000,27575239125,239125
1844,18450237166,27585000000,27585237166,237166
1845,18460236083,27595000000,27595236083,236083
1846,18470240250,27605000000,27605240250,240250
1847,18480236250,27615000000,27615236250,236250
1848,18490238083,27625000000,27625238083,238083
1849,18500235833,27635000000,27635235833,235833
1850,18510237375,27645000000,27645237375,237375
1851,18520236291,27655000000,27655236291,236291
1852,18530239583,27665000000,27665239583,239583
1853,18540236166,27675000000,27675236166,236166
1854,18550237416,27685000000,27685237416,237416
1855,18560237500,27695000000,27695237500,237500
1856,18570235250,27705000000,27705235250,235250
1857,18580235041,27715000000,27715235041,235041
1858,18590238333,27725000000,27725238333,238333
1859,18600237541,27735000000,27735237541,237541
1860,18610236750,27745000000,27745236750,236750
1861,18620237125,27755000000,27755237125,237125
1862,18630785250,27765000000,27765785250,785250
1863,18640239625,27775000000,27775239625,239625
1864,18650236500,27785000000,27785236500,236500
1865,18660238333,27795000000,27795238333,238333
1866,18670236958,27805000000,27805236958,236958
1867,18680239083,27815000000,27815239083,239083
1868,18690237125,27825000000,27825237125,237125
1869,18700236333,27835000000,27835236333,236333
1870,18710235250,27845000000,27845235250,235250
1871,18720241166,27855000000,27855241166,241166
1872,18730255541,27865000000,27865255541,255541
1873,18740237541,27875000000,27875237541,237541
1874,18750242875,27885000000,27885242875,242875
1875,18760241208,27895000000,27895241208,241208
1876,18770240708,27905000000,27905240708,240708
1877,18780240500,27915000000,27915240500,240500
1878,18790242625,27925000000,27925242625,242625
1879,18800240666,27935000000,27935240666,240666
1880,18810183875,27945000000,27945183875,183875
1881,18820236750,27955000000,27955236750,236750
1882,18830637000,27965000000,27965637000,637000
1883,18840244208,27975000000,27975244208,244208
1884,18850241083,27985000000,27985241083,241083
1885,18860237958,27995000000,27995237958,237958
1886,18870236291,28005000000,28005236291,236291
1887,18880236375,28015000000,28015236375,236375
1888,18890240541,28025000000,28025240541,240541
1889,18900236541,28035000000,28035236541,236541
1890,18910240125,28045000000,28045240125,240125
1891,18920238166,28055000000,28055238166,238166
1892,18930274125,28065000000,28065274125,274125
1893,18940237458,28075000000,28075237458,237458
1894,18950236958,28085000000,28085236958,236958
1895,18960236750,28095000000,28095236750,236750
1896,18970236541,28105000000,28105236541,236541
1897,18980235458,28115000000,28115235458,235458
1898,18990237583,28125000000,28125237583,237583
1899,19000240875,28135000000,28135240875,240875
1900,19010241541,28145000000,28145241541,241541
1901,19020245125,28155000000,28155245125,245125
1902,19030350500,28165000000,28165350500,350500
1903,19040245875,28175000000,28175245875,245875
1904,19050240708,28185000000,28185240708,240708
1905,19060242541,28195000000,28195242541,242541
1906,19070184583,28205000000,28205184583,184583
1907,19080235708,28215000000,28215235708,235708
1908,19090240750,28225000000,28225240750,240750
1909,19100238500,28235000000,28235238500,238500
1910,19110237708,28245000000,28245237708,237708
1911,19120240125,28255000000,28255240125,240125
1912,19130246041,28265000000,28265246041,246041
1913,19140238833,28275000000,28275238833,238833
1914,19150238041,28285000000,28285238041,238041
1915,19160236958,28295000000,28295236958,236958
1916,19170237625,28305000000,28305237625,237625
1917,19180245875,28315000000,28315245875,245875
1918,19190236625,28325000000,28325236625,236625
1919,19200235833,28335000000,28335235833,235833
1920,19210237958,28345000000,28345237958,237958
1921,19220236583,28355000000,28355236583,236583
1922,19230235791,28365000000,28365235791,235791
1923,19240236750,28375000000,28375236750,236750
1924,19250239166,28385000000,28385239166,239166
1925,19260241000,28395000000,28395241000,241000
1926,19270244583,28405000000,28405244583,244583
1927,19280241458,28415000000,28415241458,241458
1928,19290239791,28425000000,28425239791,239791
1929,19300244541,28435000000,28435244541,244541
1930,19310242000,28445000000,28445242000,242000
1931,19320263375,28455000000,28455263375,263375
1932,19330236333,28465000000,28465236333,236333
1933,19340240208,28475000000,28475240208,240208
1934,19350254875,28485000000,28485254875,254875
1935,19360238041,28495000000,28495238041,238041
1936,19370237833,28505000000,28505237833,237833
1937,19380237041,28515000000,28515237041,237041
1938,19390236250,28525000000,28525236250,236250
1939,19400234291,28535000000,28535234291,234291
1940,19410235250,28545000000,28545235250,235250
1941,19420239708,28555000000,28555239708,239708
1942,19430242708,28565000000,28565242708,242708
1943,19440240750,28575000000,28575240750,240750
1944,19450240833,28585000000,28585240833,240833
1945,19460240333,28595000000,28595240333,240333
1946,19470693958,28605000000,28605693958,693958
1947,19480237875,28615000000,28615237875,237875
1948,19490239125,28625000000,28625239125,239125
1949,19500238041,28635000000,28635238041,238041
1950,19510236083,28645000000,28645236083,236083
1951,19520237916,28655000000,28655237916,237916
1952,19530239458,28665000000,28665239458,239458
1953,19540236333,28675000000,28675236333,236333
1954,19550242541,28685000000,28685242541,242541
1955,19560238250,28695000000,28695238250,238250
1956,19570239208,28705000000,28705239208,239208
1957,19580237833,28715000000,28715237833,237833
1958,19590236458,28725000000,28725236458,236458
1959,19600235083,28735000000,28735235083,235083
1960,19610236041,28745000000,28745236041,236041
1961,19620242833,28755000000,28755242833,242833
1962,19630235625,28765000000,28765235625,235625
1963,19640235125,28775000000,28775235125,235125
1964,19650233750,28785000000,28785233750,233750
1965,19660239375,28795000000,28795239375,239375
1966,19670443916,28805000000,28805443916,443916
1967,19680244500,28815000000,28815244500,244500
1968,19690240500,28825000000,28825240500,240500
1969,19700207041,28835000000,28835207041,207041
1970,19710236291,28845000000,28845236291,236291
1971,19720258833,28855000000,28855258833,258833
1972,19730243458,28865000000,28865243458,243458
1973,19740238875,28875000000,28875238875,238875
1974,19750236625,28885000000,28885236625,236625
1975,19760236416,28895000000,28895236416,236416
1976,19770276166,28905000000,28905276166,276166
1977,19780238916,28915000000,28915238916,238916
1978,19790237833,28925000000,28925237833,237833
1979,19800236458,28935000000,28935236458,236458
1980,19810236250,28945000000,28945236250,236250
1981,19820259958,28955000000,28955259958,259958
1982,19830236416,28965000000,28965236416,236416
1983,19840238250,28975000000,28975238250,238250
1984,19850234541,28985000000,28985234541,234541
1985,19860234916,28995000000,28995234916,234916
1986,19870241416,29005000000,29005241416,241416
1987,19880240625,29015000000,29015240625,240625
1988,19890157875,29025000000,29025157875,157875
1989,19900237875,29035000000,29035237875,237875
1990,19910237083,29045000000,29045237083,237083
1991,19920763333,29055000000,29055763333,763333
1992,19930238708,29065000000,29065238708,238708
1993,19940236750,29075000000,29075236750,236750
1994,19950239750,29085000000,29085239750,239750
1995,19960236625,29095000000,29095236625,236625
1996,19970239041,29105000000,29105239041,239041
1997,19980237666,29115000000,29115237666,237666
1998,19990236583,29125000000,29125236583,236583
1999,20000237250,29135000000,29135237250,237250
2000,20010236166,29145000000,29145236166,236166
2001,20020272125,29155000000,29155272125,272125
2002,20030238083,29165000000,29165238083,238083
2003,20040235250,29175000000,29175235250,235250
2004,20050234166,29185000000,29185234166,234166
2005,20060235125,29195000000,29195235125,235125
2006,20070235500,29205000000,29205235500,235500
2007,20080235291,29215000000,29215235291,235291
2008,20090236541,29225000000,29225236541,236541
2009,20100234875,29235000000,29235234875,234875
2010,20110234083,29245000000,29245234083,234083
2011,20121189958,29255000000,29256189958,1189958
2012,20130243875,29265000000,29265243875,243875
2013,20140240750,29275000000,29275240750,240750
2014,20150172291,29285000000,29285172291,172291
2015,20160240041,29295000000,29295240041,240041
2016,20170237208,29305000000,29305237208,237208
2017,20180237583,29315000000,29315237583,237583
2018,20190236500,29325000000,29325236500,236500
2019,20200237166,29335000000,29335237166,237166
2020,20210240458,29345000000,29345240458,240458
2021,20220242875,29355000000,29355242875,242875
2022,20230236833,29365000000,29365236833,236833
2023,20240236625,29375000000,29375236625,236625
2024,20250239916,29385000000,29385239916,239916
2025,20260236208,29395000000,29395236208,236208
2026,20270240666,29405000000,29405240666,240666
2027,20280240750,29415000000,29415240750,240750
2028,20290261541,29425000000,29425261541,261541
2029,20300235958,29435000000,29435235958,235958
2030,20310238375,29445000000,29445238375,238375
2031,20320394500,29455000000,29455394500,394500
2032,20330241750,29465000000,29465241750,241750
2033,20340237750,29475000000,29475237750,237750
2034,20350237250,29485000000,29485237250,237250
2035,20360236458,29495000000,29495236458,236458
2036,20370239166,29505000000,29505239166,239166
2037,20380236916,29515000000,29515236916,236916
2038,20390240500,29525000000,29525240500,240500
2039,20400236791,29535000000,29535236791,236791
2040,20410238041,29545000000,29545238041,238041
2041,20420259125,29555000000,29555259125,259125
2042,20430238500,29565000000,29565238500,238500
2043,20440236250,29575000000,29575236250,236250
2044,20450238375,29585000000,29585238375,238375
2045,20460235250,29595000000,29595235250,235250
2046,20470241166,29605000000,29605241166,241166
2047,20480240083,29615000000,29615240083,240083
2048,20490240458,29625000000,29625240458,240458
2049,20500254250,29635000000,29635254250,254250
2050,20510238583,29645000000,29645238583,238583
2051,20520278916,29655000000,29655278916,278916
2052,20530239333,29665000000,29665239333,239333
2053,20540236208,29675000000,29675236208,236208
2054,20550236875,29685000000,29685236875,236875
2055,20560236083,29695000000,29695236083,236083
2056,20570242291,29705000000,29705242291,242291
2057,20580237125,29715000000,29715237125,237125
2058,20590238375,29725000000,29725238375,238375
2059,20600237000,29735000000,29735237000,237000
2060,20610236500,29745000000,29745236500,236500
2061,20620235416,29755000000,29755235416,235416
2062,20630235791,29765000000,29765235791,235791
2063,20640234708,29775000000,29775234708,234708
2064,20650236541,29785000000,29785236541,236541
2065,20660236916,29795000000,29795236916,236916
2066,20670236708,29805000000,29805236708,236708
2067,20680238250,29815000000,29815238250,238250
2068,20690238916,29825000000,29825238916,238916
2069,20700235208,29835000000,29835235208,235208
2070,20710242000,29845000000,29845242000,242000
2071,20720236833,29855000000,29855236833,236833
2072,20730236916,29865000000,29865236916,236916
2073,20740236416,29875000000,29875236416,236416
2074,20750237083,29885000000,29885237083,237083
2075,20760238333,29895000000,29895238333,238333
2076,20770238416,29905000000,29905238416,238416
2077,20780236750,29915000000,29915236750,236750
2078,20790238000,29925000000,29925238000,238000
2079,20800236625,29935000000,29935236625,236625
2080,20810239041,29945000000,29945239041,239041
2081,20820244666,29955000000,29955244666,244666
2082,20830242708,29965000000,29965242708,242708
2083,20840235208,29975000000,29975235208,235208
2084,20850238500,29985000000,29985238500,238500
2085,20860238875,29995000000,29995238875,238875
2086,20870243916,30005000000,30005243916,243916
2087,20880240791,30015000000,30015240791,240791
2088,20890160375,30025000000,30025160375,160375
2089,20900236291,30035000000,30035236291,236291
2090,20910661916,30045000000,30045661916,661916
2091,20920242583,30055000000,30055242583,242583
2092,20930238291,30065000000,30065238291,238291
2093,20940236041,30075000000,30075236041,236041
2094,20950237875,30085000000,30085237875,237875
2095,20960238833,30095000000,30095238833,238833
2096,20970238041,30105000000,30105238041,238041
2097,20980236958,30115000000,30115236958,236958
2098,20990236458,30125000000,30125236458,236458
2099,21000236833,30135000000,30135236833,236833
2100,21010238666,30145000000,30145238666,238666
2101,21020237291,30155000000,30155237291,237291
2102,21030239708,30165000000,30165239708,239708
2103,21040236875,30175000000,30175236875,236875
2104,21050234916,30185000000,30185234916,234916
2105,21060242875,30195000000,30195242875,242875
2106,21070240625,30205000000,30205240625,240625
2107,21080238958,30215000000,30215238958,238958
2108,21090170500,30225000000,30225170500,170500
2109,21100236500,30235000000,30235236500,236500
2110,21110238333,30245000000,30245238333,238333
2111,21120237833,30255000000,30255237833,237833
2112,21130237916,30265000000,30265237916,237916
2113,21140240333,30275000000,30275240333,240333
2114,21150237500,30285000000,30285237500,237500
2115,21160252750,30295000000,30295252750,252750
2116,21170238250,30305000000,30305238250,238250
2117,21180238625,30315000000,30315238625,238625
2118,21190236083,30325000000,30325236083,236083
2119,21200239375,30335000000,30335239375,239375
2120,21210239166,30345000000,30345239166,239166
2121,21220238083,30355000000,30355238083,238083
2122,21230236708,30365000000,30365236708,236708
2123,21240237083,30375000000,30375237083,237083
2124,21250236583,30385000000,30385236583,236583
2125,21260240166,30395000000,30395240166,240166
2126,21270236750,30405000000,30405236750,236750
2127,21280241791,30415000000,30415241791,241791
2128,21290240416,30425000000,30425240416,240416
2129,21300240791,30435000000,30435240791,240791
2130,21310240875,30445000000,30445240875,240875
2131,21320248250,30455000000,30455248250,248250
2132,21330236083,30465000000,30465236083,236083
2133,21340236750,30475000000,30475236750,236750
2134,21350236250,30485000000,30485236250,236250
2135,21360212125,30495000000,30495212125,212125
2136,21370242833,30505000000,30505242833,242833
2137,21380236208,30515000000,30515236208,236208
2138,21390242125,30525000000,30525242125,242125
2139,21400237250,30535000000,30535237250,237250
2140,21410238791,30545000000,30545238791,238791
2141,21420237708,30555000000,30555237708,237708
2142,21430237791,30565000000,30565237791,237791
2143,21440237583,30575000000,30575237583,237583
2144,21450236500,30585000000,30585236500,236500
2145,21460254666,30595000000,30595254666,254666
2146,21470238125,30605000000,30605238125,238125
2147,21480237041,30615000000,30615237041,237041
2148,21490236833,30625000000,30625236833,236833
2149,21500234875,30635000000,30635234875,234875
2150,21510241958,30645000000,30645241958,241958
2151,21520240291,30655000000,30655240291,240291
2152,21530159291,30665000000,30665159291,159291
2153,21540237541,30675000000,30675237541,237541
2154,21550237041,30685000000,30685237041,237041
2155,21560326958,30695000000,30695326958,326958
2156,21570243333,30705000000,30705243333,243333
2157,21580237000,30715000000,30715237000,237000
2158,21590238250,30725000000,30725238250,238250
2159,21600236875,30735000000,30735236875,236875
2160,21610236083,30745000000,30745236083,236083
2161,21620237625,30755000000,30755237625,237625
2162,21630236250,30765000000,30765236250,236250
2163,21640241291,30775000000,30775241291,241291
2164,21650237875,30785000000,30785237875,237875
2165,21660275000,30795000000,30795275000,275000
2166,21670237166,30805000000,30805237166,237166
2167,21680236666,30815000000,30815236666,236666
2168,21690235875,30825000000,30825235875,235875
2169,21700236541,30835000000,30835236541,236541
2170,21710238958,30845000000,30845238958,238958
2171,21720241375,30855000000,30855241375,241375
2172,21730240875,30865000000,30865240875,240875
2173,21740241541,30875000000,30875241541,241541
2174,21750239000,30885000000,30885239000,239000
2175,21760348750,30895000000,30895348750,348750
2176,21770241208,30905000000,30905241208,241208
2177,21780236041,30915000000,30915236041,236041
2178,21790237000,30925000000,30925237000,237000
2179,21800237083,30935000000,30935237083,237083
2180,21810236291,30945000000,30945236291,236291
2181,21820240750,30955000000,30955240750,240750
2182,21830238791,30965000000,30965238791,238791
2183,21840236833,30975000000,30975236833,236833
2184,21850236625,30985000000,30985236625,236625
2185,21860247791,30995000000,30995247791,247791
2186,21870236791,31005000000,31005236791,236791
2187,21880238625,31015000000,31015238625,238625
2188,21890236958,31025000000,31025236958,236958
2189,21900237041,31035000000,31035237041,237041
2190,21910249666,31045000000,31045249666,249666
2191,21920240416,31055000000,31055240416,240416
2192,21930241375,31065000000,31065241375,241375
2193,21940242916,31075000000,31075242916,242916
2194,21950240958,31085000000,31085240958,240958
2195,21960240166,31095000000,31095240166,240166
2196,21970241708,31105000000,31105241708,241708
2197,21980251416,31115000000,31115251416,251416
2198,21990230208,31125000000,31125230208,230208
2199,22000236416,31135000000,31135236416,236416
2200,22010240000,31145000000,31145240000,240000
2201,22020236583,31155000000,31155236583,236583
2202,22030240750,31165000000,31165240750,240750
2203,22040237916,31175000000,31175237916,237916
2204,22050237125,31185000000,31185237125,237125
2205,22060236625,31195000000,31195236625,236625
2206,22070237583,31205000000,31205237583,237583
2207,22080255166,31215000000,31215255166,255166
2208,22090237166,31225000000,31225237166,237166
2209,22100236666,31235000000,31235236666,236666
2210,22110235291,31245000000,31245235291,235291
2211,22120235375,31255000000,31255235375,235375
2212,22130235458,31265000000,31265235458,235458
2213,22140236708,31275000000,31275236708,236708
2214,22150238541,31285000000,31285238541,238541
2215,22160242416,31295000000,31295242416,242416
2216,22170241041,31305000000,31305241041,241041
2217,22180240541,31315000000,31315240541,240541
2218,22190240333,31325000000,31325240333,240333
2219,22200303416,31335000000,31335303416,303416
2220,22210236708,31345000000,31345236708,236708
2221,22220236500,31355000000,31355236500,236500
2222,22230239791,31365000000,31365239791,239791
2223,22240238125,31375000000,31375238125,238125
2224,22250237333,31385000000,31385237333,237333
2225,22260237708,31395000000,31395237708,237708
2226,22270237500,31405000000,31405237500,237500
2227,22280240208,31415000000,31415240208,240208
2228,22290237666,31425000000,31425237666,237666
2229,22300237750,31435000000,31435237750,237750
2230,22310236375,31445000000,31445236375,236375
2231,22320239375,31455000000,31455239375,239375
2232,22330236250,31465000000,31465236250,236250
2233,22340238375,31475000000,31475238375,238375
2234,22350241375,31485000000,31485241375,241375
2235,22360240583,31495000000,31495240583,240583
2236,22370252041,31505000000,31505252041,252041
2237,22380237833,31515000000,31515237833,237833
2238,22390236166,31525000000,31525236166,236166
2239,22400765333,31535000000,31535765333,765333
2240,22410240416,31545000000,31545240416,240416
2241,22420237291,31555000000,31555237291,237291
2242,22430237083,31565000000,31565237083,237083
2243,22440237458,31575000000,31575237458,237458
2244,22450238708,31585000000,31585238708,238708
2245,22460238208,31595000000,31595238208,238208
2246,22470237416,31605000000,31605237416,237416
2247,22480237208,31615000000,31615237208,237208
2248,22490237000,31625000000,31625237000,237000
2249,22500239708,31635000000,31635239708,239708
2250,22510237166,31645000000,31645237166,237166
2251,22520237541,31655000000,31655237541,237541
2252,22530237041,31665000000,31665237041,237041
2253,22540236250,31675000000,31675236250,236250
2254,22550243041,31685000000,31685243041,243041
2255,22560235541,31695000000,31695235541,235541
2256,22570237375,31705000000,31705237375,237375
2257,22580235416,31715000000,31715235416,235416
2258,22590234333,31725000000,31725234333,234333
2259,22600398333,31735000000,31735398333,398333
2260,22610240333,31745000000,31745240333,240333
2261,22620236333,31755000000,31755236333,236333
2262,22630239041,31765000000,31765239041,239041
2263,22640237666,31775000000,31775237666,237666
2264,22650238916,31785000000,31785238916,238916
2265,22660237250,31795000000,31795237250,237250
2266,22670237333,31805000000,31805237333,237333
2267,22680235666,31815000000,31815235666,235666
2268,22690238083,31825000000,31825238083,238083
2269,22700236416,31835000000,31835236416,236416
2270,22710237375,31845000000,31845237375,237375
2271,22720236583,31855000000,31855236583,236583
2272,22730237833,31865000000,31865237833,237833
2273,22740234708,31875000000,31875234708,234708
2274,22750241791,31885000000,31885241791,241791
2275,22760236041,31895000000,31895236041,236041
2276,22770234666,31905000000,31905234666,234666
2277,22780235041,31915000000,31915235041,235041
2278,22790235125,31925000000,31925235125,235125
2279,22800241041,31935000000,31935241041,241041
2280,22810240833,31945000000,31945240833,240833
2281,22820165666,31955000000,31955165666,165666
2282,22830240708,31965000000,31965240708,240708
2283,22840237583,31975000000,31975237583,237583
2284,22850357833,31985000000,31985357833,357833
2285,22860237166,31995000000,31995237166,237166
2286,22870236958,32005000000,32005236958,236958
2287,22880236166,32015000000,32015236166,236166
2288,22890240916,32025000000,32025240916,240916
2289,22900239833,32035000000,32035239833,239833
2290,22910236708,32045000000,32045236708,236708
2291,22920235916,32055000000,32055235916,235916
2292,22930242416,32065000000,32065242416,242416
2293,22940236666,32075000000,32075236666,236666
2294,22950238791,32085000000,32085238791,238791
2295,22960237708,32095000000,32095237708,237708
2296,22970237208,32105000000,32105237208,237208
2297,22980237000,32115000000,32115237000,237000
2298,22990236500,32125000000,32125236500,236500
2299,23000236291,32135000000,32135236291,236291
2300,23010245416,32145000000,32145245416,245416
2301,23020240833,32155000000,32155240833,240833
2302,23030240916,32165000000,32165240916,240916
2303,23040240416,32175000000,32175240416,240416
2304,23050776583,32185000000,32185776583,776583
2305,23060236791,32195000000,32195236791,236791
2306,23070240083,32205000000,32205240083,240083
2307,23080237541,32215000000,32215237541,237541
2308,23090236750,32225000000,32225236750,236750
2309,23100238875,32235000000,32235238875,238875
2310,23110236333,32245000000,32245236333,236333
2311,23120236125,32255000000,32255236125,236125
2312,23130239708,32265000000,32265239708,239708
2313,23140236291,32275000000,32275236291,236291
2314,23150238416,32285000000,32285238416,238416
2315,23160237333,32295000000,32295237333,237333
2316,23170236541,32305000000,32305236541,236541
2317,23180240416,32315000000,32315240416,240416
2318,23190236708,32325000000,32325236708,236708
2319,23200237083,32335000000,32335237083,237083
2320,23210239500,32345000000,32345239500,239500
2321,23220241333,32355000000,32355241333,241333
2322,23230238208,32365000000,32365238208,238208
2323,23240242666,32375000000,32375242666,242666
2324,23250532958,32385000000,32385532958,532958
2325,23260246333,32395000000,32395246333,246333
2326,23270235333,32405000000,32405235333,235333
2327,23280236583,32415000000,32415236583,236583
2328,23290236375,32425000000,32425236375,236375
2329,23300240250,32435000000,32435240250,240250
2330,23310238291,32445000000,32445238291,238291
2331,23320239833,32455000000,32455239833,239833
2332,23330239625,32465000000,32465239625,239625
2333,23340237958,32475000000,32475237958,237958
2334,23350241541,32485000000,32485241541,241541
2335,23360236958,32495000000,32495236958,236958
2336,23370236458,32505000000,32505236458,236458
2337,23380237416,32515000000,32515237416,237416
2338,23390236333,32525000000,32525236333,236333
2339,23400236708,32535000000,32535236708,236708
2340,23410236791,32545000000,32545236791,236791
2341,23420238916,32555000000,32555238916,238916
2342,23430239291,32565000000,32565239291,239291
2343,23440236458,32575000000,32575236458,236458
2344,23450240333,32585000000,32585240333,240333
2345,23460239833,32595000000,32595239833,239833
2346,23470242250,32605000000,32605242250,242250
2347,23480242333,32615000000,32615242333,242333
2348,23490240375,32625000000,32625240375,240375
2349,23500241041,32635000000,32635241041,241041
2350,23510239666,32645000000,32645239666,239666
2351,23520261625,32655000000,32655261625,261625
2352,23530239541,32665000000,32665239541,239541
2353,23540236708,32675000000,32675236708,236708
2354,23550239125,32685000000,32685239125,239125
2355,23560237166,32695000000,32695237166,237166
2356,23570237250,32705000000,32705237250,237250
2357,23580236458,32715000000,32715236458,236458
2358,23590238291,32725000000,32725238291,238291
2359,23600236916,32735000000,32735236916,236916
2360,23610236708,32745000000,32745236708,236708
2361,23620235916,32755000000,32755235916,235916
2362,23630255541,32765000000,32765255541,255541
2363,23640526875,32775000000,32775526875,526875
2364,23650244625,32785000000,32785244625,244625
2365,23660236541,32795000000,32795236541,236541
2366,23670236625,32805000000,32805236625,236625
2367,23680238166,32815000000,32815238166,238166
2368,23690238833,32825000000,32825238833,238833
2369,23700239791,32835000000,32835239791,239791
2370,23710240750,32845000000,32845240750,240750
2371,23720235000,32855000000,32855235000,235000
2372,23730234500,32865000000,32865234500,234500
2373,23740241583,32875000000,32875241583,241583
2374,23750168750,32885000000,32885168750,168750
2375,23760237083,32895000000,32895237083,237083
2376,23770235708,32905000000,32905235708,235708
2377,23780234333,32915000000,32915234333,234333
2378,23790267083,32925000000,32925267083,267083
2379,23800239458,32935000000,32935239458,239458
2380,23810243333,32945000000,32945243333,243333
2381,23820244000,32955000000,32955244000,244000
2382,23830242625,32965000000,32965242625,242625
2383,23840387375,32975000000,32975387375,387375
2384,23850238708,32985000000,32985238708,238708
2385,23860245500,32995000000,32995245500,245500
2386,23870237416,33005000000,33005237416,237416
2387,23880236916,33015000000,33015236916,236916
2388,23890243125,33025000000,33025243125,243125
2389,23900239125,33035000000,33035239125,239125
2390,23910237750,33045000000,33045237750,237750
2391,23920238125,33055000000,33055238125,238125
2392,23930237625,33065000000,33065237625,237625
2393,23940330166,33075000000,33075330166,330166
2394,23950241291,33085000000,33085241291,241291
2395,23960240208,33095000000,33095240208,240208
2396,23970242333,33105000000,33105242333,242333
2397,23980235708,33115000000,33115235708,235708
2398,23990252416,33125000000,33125252416,252416
2399,24000241416,33135000000,33135241416,241416
2400,24010237125,33145000000,33145237125,237125
2401,24020237791,33155000000,33155237791,237791
2402,24030236708,33165000000,33165236708,236708
2403,24040863583,33175000000,33175863583,863583
2404,24050240666,33185000000,33185240666,240666
2405,24060238708,33195000000,33195238708,238708
2406,24070238208,33205000000,33205238208,238208
2407,24080235958,33215000000,33215235958,235958
2408,24090239250,33225000000,33225239250,239250
2409,24100237291,33235000000,33235237291,237291
2410,24110239416,33245000000,33245239416,239416
2411,24120238333,33255000000,33255238333,238333
2412,24130237833,33265000000,33265237833,237833
2413,24140253666,33275000000,33275253666,253666
2414,24150237708,33285000000,33285237708,237708
2415,24160237791,33295000000,33295237791,237791
2416,24170241958,33305000000,33305241958,241958
2417,24180235041,33315000000,33315235041,235041
2418,24190235708,33325000000,33325235708,235708
2419,24200239000,33335000000,33335239000,239000
2420,24210234708,33345000000,33345234708,234708
2421,24220235083,33355000000,33355235083,235083
2422,24230237500,33365000000,33365237500,237500
2423,24240495708,33375000000,33375495708,495708
2424,24250241166,33385000000,33385241166,241166
2425,24260199250,33395000000,33395199250,199250
2426,24270240458,33405000000,33405240458,240458
2427,24280237625,33415000000,33415237625,237625
2428,24290236833,33425000000,33425236833,236833
2429,24300237791,33435000000,33435237791,237791
2430,24310237000,33445000000,33445237000,237000
2431,24320238250,33455000000,33455238250,238250
2432,24330238041,33465000000,33465238041,238041
2433,24340236375,33475000000,33475236375,236375
2434,24350239666,33485000000,33485239666,239666
2435,24360237125,33495000000,33495237125,237125
2436,24370236916,33505000000,33505236916,236916
2437,24380237000,33515000000,33515237000,237000
2438,24390237375,33525000000,33525237375,237375
2439,24400237166,33535000000,33535237166,237166
2440,24410243083,33545000000,33545243083,243083
2441,24420236166,33555000000,33555236166,236166
2442,24430237708,33565000000,33565237708,237708
2443,24440853208,33575000000,33575853208,853208
2444,24450247791,33585000000,33585247791,247791
2445,24460242333,33595000000,33595242333,242333
2446,24470244166,33605000000,33605244166,244166
2447,24480240750,33615000000,33615240750,240750
2448,24490242291,33625000000,33625242291,242291
2449,24500243541,33635000000,33635243541,243541
2450,24510266375,33645000000,33645266375,266375
2451,24520226791,33655000000,33655226791,226791
2452,24530241458,33665000000,33665241458,241458
2453,24540268083,33675000000,33675268083,268083
2454,24550237833,33685000000,33685237833,237833
2455,24560237916,33695000000,33695237916,237916
2456,24570238875,33705000000,33705238875,238875
2457,24580236041,33715000000,33715236041,236041
2458,24590246333,33725000000,33725246333,246333
2459,24600237375,33735000000,33735237375,237375
2460,24610237166,33745000000,33745237166,237166
2461,24620236083,33755000000,33755236083,236083
2462,24630237333,33765000000,33765237333,237333
2463,24640244416,33775000000,33775244416,244416
2464,24650237208,33785000000,33785237208,237208
2465,24660237875,33795000000,33795237875,237875
2466,24670235625,33805000000,33805235625,235625
2467,24680236291,33815000000,33815236291,236291
2468,24690239000,33825000000,33825239000,239000
2469,24700239375,33835000000,33835239375,239375
2470,24710243541,33845000000,33845243541,243541
2471,24720241583,33855000000,33855241583,241583
2472,24730240208,33865000000,33865240208,240208
2473,24740240291,33875000000,33875240291,240291
2474,24750239500,33885000000,33885239500,239500
2475,24760280708,33895000000,33895280708,280708
2476,24770235583,33905000000,33905235583,235583
2477,24780240625,33915000000,33915240625,240625
2478,24790238375,33925000000,33925238375,238375
2479,24800237000,33935000000,33935237000,237000
2480,24810245250,33945000000,33945245250,245250
2481,24820238916,33955000000,33955238916,238916
2482,24830236958,33965000000,33965236958,236958
2483,24840239375,33975000000,33975239375,239375
2484,24850236541,33985000000,33985236541,236541
2485,24860236625,33995000000,33995236625,236625
2486,24870237000,34005000000,34005237000,237000
2487,24880239708,34015000000,34015239708,239708
2488,24890236875,34025000000,34025236875,236875
2489,24900236083,34035000000,34035236083,236083
2490,24910236458,34045000000,34045236458,236458
2491,24920237708,34055000000,34055237708,237708
2492,24930237208,34065000000,34065237208,237208
2493,24940240500,34075000000,34075240500,240500
2494,24950238833,34085000000,34085238833,238833
2495,24960242416,34095000000,34095242416,242416
2496,24970240166,34105000000,34105240166,240166
2497,24980232375,34115000000,34115232375,232375
2498,24990243833,34125000000,34125243833,243833
2499,25000241291,34135000000,34135241291,241291
2500,25010183916,34145000000,34145183916,183916
2501,25020237375,34155000000,34155237375,237375
2502,25030241250,34165000000,34165241250,241250
2503,25040240458,34175000000,34175240458,240458
2504,25050242583,34185000000,34185242583,242583
2505,25060177916,34195000000,34195177916,177916
2506,25070236333,34205000000,34205236333,236333
2507,25080383708,34215000000,34215383708,383708
2508,25090238833,34225000000,34225238833,238833
2509,25100236291,34235000000,34235236291,236291
2510,25110239583,34245000000,34245239583,239583
2511,25120239666,34255000000,34255239666,239666
2512,25130236541,34265000000,34265236541,236541
2513,25140237500,34275000000,34275237500,237500
2514,25150239333,34285000000,34285239333,239333
2515,25160237083,34295000000,34295237083,237083
2516,25170238625,34305000000,34305238625,238625
2517,25180240750,34315000000,34315240750,240750
2518,25190238208,34325000000,34325238208,238208
2519,25200236541,34335000000,34335236541,236541
2520,25210237791,34345000000,34345237791,237791
2521,25220234958,34355000000,34355234958,234958
2522,25230261583,34365000000,34365261583,261583
2523,25240239208,34375000000,34375239208,239208
2524,25250237541,34385000000,34385237541,237541
2525,25260238208,34395000000,34395238208,238208
2526,25270245291,34405000000,34405245291,245291
2527,25280517791,34415000000,34415517791,517791
2528,25290240791,34425000000,34425240791,240791
2529,25300238833,34435000000,34435238833,238833
2530,25310237458,34445000000,34445237458,237458
2531,25320237833,34455000000,34455237833,237833
2532,25330239375,34465000000,34465239375,239375
2533,25340238291,34475000000,34475238291,238291
2534,25350236625,34485000000,34485236625,236625
2535,25360238166,34495000000,34495238166,238166
2536,25370237083,34505000000,34505237083,237083
2537,25380236583,34515000000,34515236583,236583
2538,25390236958,34525000000,34525236958,236958
2539,25400236458,34535000000,34535236458,236458
2540,25410243541,34545000000,34545243541,243541
2541,25420235166,34555000000,34555235166,235166
2542,25430241083,34565000000,34565241083,241083
2543,25440237666,34575000000,34575237666,237666
2544,25450235708,34585000000,34585235708,235708
2545,25460233458,34595000000,34595233458,233458
2546,25470235875,34605000000,34605235875,235875
2547,25480240916,34615000000,34615240916,240916
2548,25490241000,34625000000,34625241000,241000
2549,25500182458,34635000000,34635182458,182458
2550,25510238833,34645000000,34645238833,238833
2551,25520236583,34655000000,34655236583,236583
2552,25530243958,34665000000,34665243958,243958
2553,25540239375,34675000000,34675239375,239375
2554,25550236541,34685000000,34685236541,236541
2555,25560236041,34695000000,34695236041,236041
2556,25570235833,34705000000,34705235833,235833
2557,25580239416,34715000000,34715239416,239416
2558,25590236583,34725000000,34725236583,236583
2559,25600238708,34735000000,34735238708,238708
2560,25610236750,34745000000,34745236750,236750
2561,25620235958,34755000000,34755235958,235958
2562,25630247708,34765000000,34765247708,247708
2563,25640236708,34775000000,34775236708,236708
2564,25650237375,34785000000,34785237375,237375
2565,25660238916,34795000000,34795238916,238916
2566,25670236375,34805000000,34805236375,236375
2567,25680236750,34815000000,34815236750,236750
2568,25690242666,34825000000,34825242666,242666
2569,25700240125,34835000000,34835240125,240125
2570,25710242541,34845000000,34845242541,242541
2571,25720240000,34855000000,34855240000,240000
2572,25730945333,34865000000,34865945333,945333
2573,25740243083,34875000000,34875243083,243083
2574,25750237916,34885000000,34885237916,237916
2575,25760237125,34895000000,34895237125,237125
2576,25770238958,34905000000,34905238958,238958
2577,25780239916,34915000000,34915239916,239916
2578,25790238250,34925000000,34925238250,238250
2579,25800237458,34935000000,34935237458,237458
2580,25810236958,34945000000,34945236958,236958
2581,25820237041,34955000000,34955237041,237041
2582,25830238291,34965000000,34965238291,238291
2583,25840238375,34975000000,34975238375,238375
2584,25850239916,34985000000,34985239916,239916
2585,25860237958,34995000000,34995237958,237958
2586,25870236291,35005000000,35005236291,236291
2587,25880235791,35015000000,35015235791,235791
2588,25890240833,35025000000,35025240833,240833
2589,25900240916,35035000000,35035240916,240916
2590,25910241875,35045000000,35045241875,241875
2591,25920241083,35055000000,35055241083,241083
2592,25930452916,35065000000,35065452916,452916
2593,25940238916,35075000000,35075238916,238916
2594,25950236666,35085000000,35085236666,236666
2595,25960235875,35095000000,35095235875,235875
2596,25970240625,35105000000,35105240625,240625
2597,25980239250,35115000000,35115239250,239250
2598,25990237875,35125000000,35125237875,237875
2599,26000236791,35135000000,35135236791,236791
2600,26010236875,35145000000,35145236875,236875
2601,26020236375,35155000000,35155236375,236375
2602,26030239083,35165000000,35165239083,239083
2603,26040240333,35175000000,35175240333,240333
2604,26050237500,35185000000,35185237500,237500
2605,26060236708,35195000000,35195236708,236708
2606,26070236791,35205000000,35205236791,236791
2607,26080236875,35215000000,35215236875,236875
2608,26090241625,35225000000,35225241625,241625
2609,26100239958,35235000000,35235239958,239958
2610,26110240333,35245000000,35245240333,240333
2611,26120242166,35255000000,35255242166,242166
2612,26130241083,35265000000,35265241083,241083
2613,26140242041,35275000000,35275242041,242041
2614,26150242416,35285000000,35285242416,242416
2615,26160243083,35295000000,35295243083,243083
2616,26170241416,35305000000,35305241416,241416
2617,26180165083,35315000000,35315165083,165083
2618,26190237500,35325000000,35325237500,237500
2619,26200237291,35335000000,35335237291,237291
2620,26210235625,35345000000,35345235625,235625
2621,26220238333,35355000000,35355238333,238333
2622,26230239875,35365000000,35365239875,239875
2623,26240239958,35375000000,35375239958,239958
2624,26250237125,35385000000,35385237125,237125
2625,26260236333,35395000000,35395236333,236333
2626,26270237583,35405000000,35405237583,237583
2627,26280237083,35415000000,35415237083,237083
2628,26290236875,35425000000,35425236875,236875
2629,26300236958,35435000000,35435236958,236958
2630,26310236750,35445000000,35445236750,236750
2631,26321072750,35455000000,35456072750,1072750
2632,26330238958,35465000000,35465238958,238958
2633,26340239333,35475000000,35475239333,239333
2634,26350236208,35485000000,35485236208,236208
2635,26360243291,35495000000,35495243291,243291
2636,26370239583,35505000000,35505239583,239583
2637,26380242291,35515000000,35515242291,242291
2638,26390240333,35525000000,35525240333,240333
2639,26400240125,35535000000,35535240125,240125
2640,26410240208,35545000000,35545240208,240208
2641,26420243208,35555000000,35555243208,243208
2642,26430194583,35565000000,35565194583,194583
2643,26440241041,35575000000,35575241041,241041
2644,26450237916,35585000000,35585237916,237916
2645,26460236541,35595000000,35595236541,236541
2646,26470238083,35605000000,35605238083,238083
2647,26480236416,35615000000,35615236416,236416
2648,26490242625,35625000000,35625242625,242625
2649,26500237750,35635000000,35635237750,237750
2650,26510237250,35645000000,35645237250,237250
2651,26520526666,35655000000,35655526666,526666
2652,26530239458,35665000000,35665239458,239458
2653,26540256458,35675000000,35675256458,256458
2654,26550239041,35685000000,35685239041,239041
2655,26560237375,35695000000,35695237375,237375
2656,26570238916,35705000000,35705238916,238916
2657,26580237541,35715000000,35715237541,237541
2658,26590236750,35725000000,35725236750,236750
2659,26600237125,35735000000,35735237125,237125
2660,26610239541,35745000000,35745239541,239541
2661,26620241083,35755000000,35755241083,241083
2662,26630243791,35765000000,35765243791,243791
2663,26640255250,35775000000,35775255250,255250
2664,26650240750,35785000000,35785240750,240750
2665,26660243166,35795000000,35795243166,243166
2666,26670168291,35805000000,35805168291,168291
2667,26680237208,35815000000,35815237208,237208
2668,26690237583,35825000000,35825237583,237583
2669,26700237666,35835000000,35835237666,237666
2670,26710236291,35845000000,35845236291,236291
2671,26720702750,35855000000,35855702750,702750
2672,26730246083,35865000000,35865246083,246083
2673,26740236541,35875000000,35875236541,236541
2674,26750237791,35885000000,35885237791,237791
2675,26760237291,35895000000,35895237291,237291
2676,26770236500,35905000000,35905236500,236500
2677,26780240083,35915000000,35915240083,240083
2678,26790237833,35925000000,35925237833,237833
2679,26800237333,35935000000,35935237333,237333
2680,26810236833,35945000000,35945236833,236833
2681,26820277166,35955000000,35955277166,277166
2682,26830236708,35965000000,35965236708,236708
2683,26840237375,35975000000,35975237375,237375
2684,26850240083,35985000000,35985240083,240083
2685,26860241916,35995000000,35995241916,241916
2686,26870242583,36005000000,36005242583,242583
2687,26880240625,36015000000,36015240625,240625
2688,26890243041,36025000000,36025243041,243041
2689,26900240791,36035000000,36035240791,240791
2690,26910240000,36045000000,36045240000,240000
2691,26920913833,36055000000,36055913833,913833
2692,26930237833,36065000000,36065237833,237833
2693,26940239666,36075000000,36075239666,239666
2694,26950236833,36085000000,36085236833,236833
2695,26960238666,36095000000,36095238666,238666
2696,26970238458,36105000000,36105238458,238458
2697,26980238250,36115000000,36115238250,238250
2698,26990236000,36125000000,36125236000,236000
2699,27000236375,36135000000,36135236375,236375
2700,27010236750,36145000000,36145236750,236750
2701,27020238583,36155000000,36155238583,238583
2702,27030239541,36165000000,36165239541,239541
2703,27040237875,36175000000,36175237875,237875
2704,27050237666,36185000000,36185237666,237666
2705,27060236875,36195000000,36195236875,236875
2706,27070237250,36205000000,36205237250,237250
2707,27080240833,36215000000,36215240833,240833
2708,27090238291,36225000000,36225238291,238291
2709,27100243041,36235000000,36235243041,243041
2710,27110240791,36245000000,36245240791,240791
2711,27120412083,36255000000,36255412083,412083
2712,27130237166,36265000000,36265237166,237166
2713,27140237833,36275000000,36275237833,237833
2714,27150236750,36285000000,36285236750,236750
2715,27160240041,36295000000,36295240041,240041
2716,27170239541,36305000000,36305239541,239541
2717,27180238166,36315000000,36315238166,238166
2718,27190237083,36325000000,36325237083,237083
2719,27200236583,36335000000,36335236583,236583
2720,27210241916,36345000000,36345241916,241916
2721,27220239375,36355000000,36355239375,239375
2722,27230238291,36365000000,36365238291,238291
2723,27240237500,36375000000,36375237500,237500
2724,27250239333,36385000000,36385239333,239333
2725,27260235916,36395000000,36395235916,235916
2726,27270235708,36405000000,36405235708,235708
2727,27280236958,36415000000,36415236958,236958
2728,27290237041,36425000000,36425237041,237041
2729,27300238583,36435000000,36435238583,238583
2730,27310240708,36445000000,36445240708,240708
2731,27320252458,36455000000,36455252458,252458
2732,27330241166,36465000000,36465241166,241166
2733,27340241833,36475000000,36475241833,241833
2734,27350240458,36485000000,36485240458,240458
2735,27360240833,36495000000,36495240833,240833
2736,27370282333,36505000000,36505282333,282333
2737,27380238666,36515000000,36515238666,238666
2738,27390237000,36525000000,36525237000,237000
2739,27400241750,36535000000,36535241750,241750
2740,27410238916,36545000000,36545238916,238916
2741,27420236958,36555000000,36555236958,236958
2742,27430235583,36565000000,36565235583,235583
2743,27440237708,36575000000,36575237708,237708
2744,27450237500,36585000000,36585237500,237500
2745,27460240791,36595000000,36595240791,240791
2746,27470238250,36605000000,36605238250,238250
2747,27480236583,36615000000,36615236583,236583
2748,27490239583,36625000000,36625239583,239583
2749,27500237916,36635000000,36635237916,237916
2750,27510236833,36645000000,36645236833,236833
2751,27520240125,36655000000,36655240125,240125
2752,27530238166,36665000000,36665238166,238166
2753,27540245833,36675000000,36675245833,245833
2754,27550239208,36685000000,36685239208,239208
2755,27560241625,36695000000,36695241625,241625
2756,27570240250,36705000000,36705240250,240250
2757,27580241208,36715000000,36715241208,241208
2758,27590240416,36725000000,36725240416,240416
2759,27600241083,36735000000,36735241083,241083
2760,27610241166,36745000000,36745241166,241166
2761,27620161625,36755000000,36755161625,161625
2762,27630237250,36765000000,36765237250,237250
2763,27640236458,36775000000,36775236458,236458
2764,27650235375,36785000000,36785235375,235375
2765,27660237208,36795000000,36795237208,237208
2766,27670239916,36805000000,36805239916,239916
2767,27680237375,36815000000,36815237375,237375
2768,27690235416,36825000000,36825235416,235416
2769,27700234625,36835000000,36835234625,234625
2770,27710238791,36845000000,36845238791,238791
2771,27720240041,36855000000,36855240041,240041
2772,27730241875,36865000000,36865241875,241875
2773,27740157375,36875000000,36875157375,157375
2774,27750237666,36885000000,36885237666,237666
2775,27760791333,36895000000,36895791333,791333
2776,27770241333,36905000000,36905241333,241333
2777,27780237625,36915000000,36915237625,237625
2778,27790236250,36925000000,36925236250,236250
2779,27800241583,36935000000,36935241583,241583
2780,27810239333,36945000000,36945239333,239333
2781,27820238250,36955000000,36955238250,238250
2782,27830237166,36965000000,36965237166,237166
2783,27840236083,36975000000,36975236083,236083
2784,27850237041,36985000000,36985237041,237041
2785,27860254625,36995000000,36995254625,254625
2786,27870236916,37005000000,37005236916,236916
2787,27880236708,37015000000,37015236708,236708
2788,27890237375,37025000000,37025237375,237375
2789,27900234541,37035000000,37035234541,234541
2790,27910239583,37045000000,37045239583,239583
2791,27920240833,37055000000,37055240833,240833
2792,27930240625,37065000000,37065240625,240625
2793,27940197250,37075000000,37075197250,197250
2794,27950237875,37085000000,37085237875,237875
2795,27960636666,37095000000,37095636666,636666
2796,27970242708,37105000000,37105242708,242708
2797,27980239000,37115000000,37115239000,239000
2798,27990238208,37125000000,37125238208,238208
2799,28000237416,37135000000,37135237416,237416
2800,28010239250,37145000000,37145239250,239250
2801,28020237291,37155000000,37155237291,237291
2802,28030240875,37165000000,37165240875,240875
2803,28040236583,37175000000,37175236583,236583
2804,28050236666,37185000000,37185236666,236666
2805,28060276416,37195000000,37195276416,276416
2806,28070237125,37205000000,37205237125,237125
2807,28080237500,37215000000,37215237500,237500
2808,28090236125,37225000000,37225236125,236125
2809,28100234750,37235000000,37235234750,234750
2810,28110234541,37245000000,37245234541,234541
2811,28120234333,37255000000,37255234333,234333
2812,28130233541,37265000000,37265233541,233541
2813,28140236541,37275000000,37275236541,236541
2814,28150236625,37285000000,37285236625,236625
2815,28161068833,37295000000,37296068833,1068833
2816,28170244083,37305000000,37305244083,244083
2817,28180243291,37315000000,37315243291,243291
2818,28190205750,37325000000,37325205750,205750
2819,28200239375,37335000000,37335239375,239375
2820,28210235958,37345000000,37345235958,235958
2821,28220238083,37355000000,37355238083,238083
2822,28230236708,37365000000,37365236708,236708
2823,28240236791,37375000000,37375236791,236791
2824,28250236291,37385000000,37385236291,236291
2825,28260259416,37395000000,37395259416,259416
2826,28270238791,37405000000,37405238791,238791
2827,28280236833,37415000000,37415236833,236833
2828,28290236916,37425000000,37425236916,236916
2829,28300234958,37435000000,37435234958,234958
2830,28310235625,37445000000,37445235625,235625
2831,28320234541,37455000000,37455234541,234541
2832,28330236083,37465000000,37465236083,236083
2833,28340234708,37475000000,37475234708,234708
2834,28350236541,37485000000,37485236541,236541
2835,28360479583,37495000000,37495479583,479583
2836,28370237875,37505000000,37505237875,237875
2837,28380240583,37515000000,37515240583,240583
2838,28390236583,37525000000,37525236583,236583
2839,28400241041,37535000000,37535241041,241041
2840,28410240250,37545000000,37545240250,240250
2841,28420237708,37555000000,37555237708,237708
2842,28430236625,37565000000,37565236625,236625
2843,28440235833,37575000000,37575235833,235833
2844,28450237083,37585000000,37585237083,237083
2845,28460239791,37595000000,37595239791,239791
2846,28470239875,37605000000,37605239875,239875
2847,28480238208,37615000000,37615238208,238208
2848,28490236833,37625000000,37625236833,236833
2849,28500237208,37635000000,37635237208,237208
2850,28510236708,37645000000,37645236708,236708
2851,28520237375,37655000000,37655237375,237375
2852,28530238625,37665000000,37665238625,238625
2853,28540240166,37675000000,37675240166,240166
2854,28550241416,37685000000,37685241416,241416
2855,28560760666,37695000000,37695760666,760666
2856,28570250333,37705000000,37705250333,250333
2857,28580242541,37715000000,37715242541,242541
2858,28590240583,37725000000,37725240583,240583
2859,28600261375,37735000000,37735261375,261375
2860,28610237833,37745000000,37745237833,237833
2861,28620238791,37755000000,37755238791,238791
2862,28630235958,37765000000,37765235958,235958
2863,28640238958,37775000000,37775238958,238958
2864,28650237000,37785000000,37785237000,237000
2865,28660355791,37795000000,37795355791,355791
2866,28670236291,37805000000,37805236291,236291
2867,28680237541,37815000000,37815237541,237541
2868,28690236458,37825000000,37825236458,236458
2869,28700238291,37835000000,37835238291,238291
2870,28710237500,37845000000,37845237500,237500
2871,28720237583,37855000000,37855237583,237583
2872,28730236208,37865000000,37865236208,236208
2873,28740238041,37875000000,37875238041,238041
2874,28750238125,37885000000,37885238125,238125
2875,28760237041,37895000000,37895237041,237041
2876,28770237708,37905000000,37905237708,237708
2877,28780242166,37915000000,37915242166,242166
2878,28790239916,37925000000,37925239916,239916
2879,28800240583,37935000000,37935240583,240583
2880,28810254375,37945000000,37945254375,254375
2881,28820235791,37955000000,37955235791,235791
2882,28830242000,37965000000,37965242000,242000
2883,28840239458,37975000000,37975239458,239458
2884,28850238958,37985000000,37985238958,238958
2885,28860237291,37995000000,37995237291,237291
2886,28870238541,38005000000,38005238541,238541
2887,28880233958,38015000000,38015233958,233958
2888,28890237250,38025000000,38025237250,237250
2889,28900238791,38035000000,38035238791,238791
2890,28910237708,38045000000,38045237708,237708
2891,28920235458,38055000000,38055235458,235458
2892,28930235833,38065000000,38065235833,235833
2893,28940236208,38075000000,38075236208,236208
2894,28950238041,38085000000,38085238041,238041
2895,28960239583,38095000000,38095239583,239583
2896,28970238500,38105000000,38105238500,238500
2897,28980235958,38115000000,38115235958,235958
2898,28990236916,38125000000,38125236916,236916
2899,29000654958,38135000000,38135654958,654958
2900,29010239416,38145000000,38145239416,239416
2901,29020236291,38155000000,38155236291,236291
2902,29030238125,38165000000,38165238125,238125
2903,29040237041,38175000000,38175237041,237041
2904,29050238583,38185000000,38185238583,238583
2905,29060237500,38195000000,38195237500,237500
2906,29070237000,38205000000,38205237000,237000
2907,29080235625,38215000000,38215235625,235625
2908,29090237458,38225000000,38225237458,237458
2909,29100239000,38235000000,38235239000,239000
2910,29110241708,38245000000,38245241708,241708
2911,29120242958,38255000000,38255242958,242958
2912,29130242166,38265000000,38265242166,242166
2913,29140236708,38275000000,38275236708,236708
2914,29150240875,38285000000,38285240875,240875
2915,29160239791,38295000000,38295239791,239791
2916,29170163750,38305000000,38305163750,163750
2917,29180236750,38315000000,38315236750,236750
2918,29190238000,38325000000,38325238000,238000
2919,29200488625,38335000000,38335488625,488625
2920,29210244000,38345000000,38345244000,244000
2921,29220239708,38355000000,38355239708,239708
2922,29230238041,38365000000,38365238041,238041
2923,29240237250,38375000000,38375237250,237250
2924,29250239083,38385000000,38385239083,239083
2925,29260238583,38395000000,38395238583,238583
2926,29270235750,38405000000,38405235750,235750
2927,29280239916,38415000000,38415239916,239916
2928,29290237666,38425000000,38425237666,237666
2929,29300263708,38435000000,38435263708,263708
2930,29310237250,38445000000,38445237250,237250
2931,29320237916,38455000000,38455237916,237916
2932,29330236250,38465000000,38465236250,236250
2933,29340237208,38475000000,38475237208,237208
2934,29350241666,38485000000,38485241666,241666
2935,29360235333,38495000000,38495235333,235333
2936,29370235125,38505000000,38505235125,235125
2937,29380234333,38515000000,38515234333,234333
2938,29390236166,38525000000,38525236166,236166
2939,29400241500,38535000000,38535241500,241500
2940,29410239833,38545000000,38545239833,239833
2941,29420163208,38555000000,38555163208,163208
2942,29430240000,38565000000,38565240000,240000
2943,29440236875,38575000000,38575236875,236875
2944,29450222375,38585000000,38585222375,222375
2945,29460241416,38595000000,38595241416,241416
2946,29470237708,38605000000,38605237708,237708
2947,29480237208,38615000000,38615237208,237208
2948,29490237000,38625000000,38625237000,237000
2949,29500238541,38635000000,38635238541,238541
2950,29510236875,38645000000,38645236875,236875
2951,29520238125,38655000000,38655238125,238125
2952,29530237041,38665000000,38665237041,237041
2953,29540236833,38675000000,38675236833,236833
2954,29550250333,38685000000,38685250333,250333
2955,29560238166,38695000000,38695238166,238166
2956,29570240583,38705000000,38705240583,240583
2957,29580236875,38715000000,38715236875,236875
2958,29590237250,38725000000,38725237250,237250
2959,29600237625,38735000000,38735237625,237625
2960,29610242958,38745000000,38745242958,242958
2961,29620239833,38755000000,38755239833,239833
2962,29630242250,38765000000,38765242250,242250
2963,29640240000,38775000000,38775240000,240000
2964,29650983833,38785000000,38785983833,983833
2965,29660238125,38795000000,38795238125,238125
2966,29670236750,38805000000,38805236750,236750
2967,29680238000,38815000000,38815238000,238000
2968,29690236333,38825000000,38825236333,236333
2969,29700239916,38835000000,38835239916,239916
2970,29710237666,38845000000,38845237666,237666
2971,29720235708,38855000000,38855235708,235708
2972,29730236083,38865000000,38865236083,236083
2973,29740239083,38875000000,38875239083,239083
2974,29750238291,38885000000,38885238291,238291
2975,29760236916,38895000000,38895236916,236916
2976,29770237291,38905000000,38905237291,237291
2977,29780237375,38915000000,38915237375,237375
2978,29790236583,38925000000,38925236583,236583
2979,29800239000,38935000000,38935239000,239000
2980,29810242000,38945000000,38945242000,242000
2981,29820240916,38955000000,38955240916,240916
2982,29830244500,38965000000,38965244500,244500
2983,29840240500,38975000000,38975240500,240500
2984,29850476250,38985000000,38985476250,476250
2985,29860238916,38995000000,38995238916,238916
2986,29870239000,39005000000,39005239000,239000
2987,29880236750,39015000000,39015236750,236750
2988,29890240625,39025000000,39025240625,240625
2989,29900238666,39035000000,39035238666,238666
2990,29910237291,39045000000,39045237291,237291
2991,29920236500,39055000000,39055236500,236500
2992,29930236875,39065000000,39065236875,236875
2993,29940236083,39075000000,39075236083,236083
2994,29950261833,39085000000,39085261833,261833
2995,29960237416,39095000000,39095237416,237416
2996,29970236916,39105000000,39105236916,236916
2997,29980237000,39115000000,39115237000,237000
2998,29990237083,39125000000,39125237083,237083
2999,30000238916,39135000000,39135238916,238916
3000,30010240458,39145000000,39145240458,240458
3001,30020241708,39155000000,39155241708,241708
3002,30030241208,39165000000,39165241208,241208
3003,30040240125,39175000000,39175240125,240125
3004,30050253333,39185000000,39185253333,253333
3005,30060241750,39195000000,39195241750,241750
3006,30070262833,39205000000,39205262833,262833
3007,30080236958,39215000000,39215236958,236958
3008,30090237041,39225000000,39225237041,237041
3009,30100245583,39235000000,39235245583,245583
3010,30110239541,39245000000,39245239541,239541
3011,30120237291,39255000000,39255237291,237291
3012,30130239125,39265000000,39265239125,239125
3013,30140236875,39275000000,39275236875,236875
3014,30150236375,39285000000,39285236375,236375
3015,30160237916,39295000000,39295237916,237916
3016,30170237416,39305000000,39305237416,237416
3017,30180237791,39315000000,39315237791,237791
3018,30190237291,39325000000,39325237291,237291
3019,30200237958,39335000000,39335237958,237958
3020,30210236583,39345000000,39345236583,236583
3021,30220239291,39355000000,39355239291,239291
3022,30230236458,39365000000,39365236458,236458
3023,30240237708,39375000000,39375237708,237708
3024,30250240125,39385000000,39385240125,240125
3025,30260241666,39395000000,39395241666,241666
3026,30270246708,39405000000,39405246708,246708
3027,30280240958,39415000000,39415240958,240958
3028,30290240750,39425000000,39425240750,240750
3029,30300239666,39435000000,39435239666,239666
3030,30310262208,39445000000,39445262208,262208
3031,30320239541,39455000000,39455239541,239541
3032,30330238750,39465000000,39465238750,238750
3033,30340238541,39475000000,39475238541,238541
3034,30350237166,39485000000,39485237166,237166
3035,30360237541,39495000000,39495237541,237541
3036,30370236750,39505000000,39505236750,236750
3037,30380234500,39515000000,39515234500,234500
3038,30390236625,39525000000,39525236625,236625
3039,30400241666,39535000000,39535241666,241666
3040,30410236791,39545000000,39545236791,236791
3041,30420233958,39555000000,39555233958,233958
3042,30430234625,39565000000,39565234625,234625
3043,30440235000,39575000000,39575235000,235000
3044,30450234791,39585000000,39585234791,234791
3045,30460236041,39595000000,39595236041,236041
3046,30470235833,39605000000,39605235833,235833
3047,30480236208,39615000000,39615236208,236208
3048,30490749625,39625000000,39625749625,749625
3049,30500243083,39635000000,39635243083,243083
3050,30510193875,39645000000,39645193875,193875
3051,30520235958,39655000000,39655235958,235958
3052,30530238958,39665000000,39665238958,238958
3053,30540239041,39675000000,39675239041,239041
3054,30550237958,39685000000,39685237958,237958
3055,30560237166,39695000000,39695237166,237166
3056,30570237833,39705000000,39705237833,237833
3057,30580236458,39715000000,39715236458,236458
3058,30590239458,39725000000,39725239458,239458
3059,30600237500,39735000000,39735237500,237500
3060,30610237583,39745000000,39745237583,237583
3061,30620235333,39755000000,39755235333,235333
3062,30630234833,39765000000,39765234833,234833
3063,30640235208,39775000000,39775235208,235208
3064,30650234708,39785000000,39785234708,234708
3065,30660235958,39795000000,39795235958,235958
3066,30670234875,39805000000,39805234875,234875
3067,30680235833,39815000000,39815235833,235833
3068,30690758000,39825000000,39825758000,758000
3069,30700238041,39835000000,39835238041,238041
3070,30710240750,39845000000,39845240750,240750
3071,30720238500,39855000000,39855238500,238500
3072,30730236833,39865000000,39865236833,236833
3073,30740236916,39875000000,39875236916,236916
3074,30750239333,39885000000,39885239333,239333
3075,30760237375,39895000000,39895237375,237375
3076,30770237750,39905000000,39905237750,237750
3077,30780236375,39915000000,39915236375,236375
3078,30790239083,39925000000,39925239083,239083
3079,30800238291,39935000000,39935238291,238291
3080,30810237500,39945000000,39945237500,237500
3081,30820240500,39955000000,39955240500,240500
3082,30830235333,39965000000,39965235333,235333
3083,30840235416,39975000000,39975235416,235416
3084,30850234333,39985000000,39985234333,234333
3085,30860236166,39995000000,39995236166,236166
3086,30870234208,40005000000,40005234208,234208
3087,30880236625,40015000000,40015236625,236625
3088,30890456625,40025000000,40025456625,456625
3089,30900244083,40035000000,40035244083,244083
3090,30910241250,40045000000,40045241250,241250
3091,30920207500,40055000000,40055207500,207500
3092,30930236166,40065000000,40065236166,236166
3093,30940241791,40075000000,40075241791,241791
3094,30950237500,40085000000,40085237500,237500
3095,30960237291,40095000000,40095237291,237291
3096,30970237666,40105000000,40105237666,237666
3097,30980237166,40115000000,40115237166,237166
3098,30990255916,40125000000,40125255916,255916
3099,31000239958,40135000000,40135239958,239958
3100,31010237416,40145000000,40145237416,237416
3101,31020236625,40155000000,40155236625,236625
3102,31030234958,40165000000,40165234958,234958
3103,31040242625,40175000000,40175242625,242625
3104,31050235416,40185000000,40185235416,235416
3105,31060238416,40195000000,40195238416,238416
3106,31070235291,40205000000,40205235291,235291
3107,31080234500,40215000000,40215234500,234500
3108,31090240416,40225000000,40225240416,240416
3109,31100241083,40235000000,40235241083,241083
3110,31110251083,40245000000,40245251083,251083
3111,31120236583,40255000000,40255236583,236583
3112,31130238416,40265000000,40265238416,238416
3113,31140258041,40275000000,40275258041,258041
3114,31150238583,40285000000,40285238583,238583
3115,31160238083,40295000000,40295238083,238083
3116,31170236416,40305000000,40305236416,236416
3117,31180237375,40315000000,40315237375,237375
3118,31190238916,40325000000,40325238916,238916
3119,31200239291,40335000000,40335239291,239291
3120,31210237333,40345000000,40345237333,237333
3121,31220236833,40355000000,40355236833,236833
3122,31230236333,40365000000,40365236333,236333
3123,31240249541,40375000000,40375249541,249541
3124,31250236791,40385000000,40385236791,236791
3125,31260241250,40395000000,40395241250,241250
3126,31270236666,40405000000,40405236666,236666
3127,31280235875,40415000000,40415235875,235875
3128,31290238583,40425000000,40425238583,238583
3129,31300235750,40435000000,40435235750,235750
3130,31310241083,40445000000,40445241083,241083
3131,31320242333,40455000000,40455242333,242333
3132,31330240958,40465000000,40465240958,240958
3133,31341037583,40475000000,40476037583,1037583
3134,31350244916,40485000000,40485244916,244916
3135,31360240333,40495000000,40495240333,240333
3136,31370263458,40505000000,40505263458,263458
3137,31380214250,40515000000,40515214250,214250
3138,31390238541,40525000000,40525238541,238541
3139,31400236583,40535000000,40535236583,236583
3140,31410238708,40545000000,40545238708,238708
3141,31420235875,40555000000,40555235875,235875
3142,31430239166,40565000000,40565239166,239166
3143,31440238958,40575000000,40575238958,238958
3144,31450238750,40585000000,40585238750,238750
3145,31460239125,40595000000,40595239125,239125
3146,31470237750,40605000000,40605237750,237750
3147,31480237250,40615000000,40615237250,237250
3148,31490239958,40625000000,40625239958,239958
3149,31500237125,40635000000,40635237125,237125
3150,31510238083,40645000000,40645238083,238083
3151,31520237000,40655000000,40655237000,237000
3152,31530236500,40665000000,40665236500,236500
3153,31540236291,40675000000,40675236291,236291
3154,31550238125,40685000000,40685238125,238125
3155,31561373083,40695000000,40696373083,1373083
3156,31570242083,40705000000,40705242083,242083
3157,31580240708,40715000000,40715240708,240708
3158,31590240500,40725000000,40725240500,240500
3159,31600240583,40735000000,40735240583,240583
3160,31610241541,40745000000,40745241541,241541
3161,31620247458,40755000000,40755247458,247458
3162,31630235291,40765000000,40765235291,235291
3163,31640235958,40775000000,40775235958,235958
3164,31650236041,40785000000,40785236041,236041
3165,31660239041,40795000000,40795239041,239041
3166,31670235916,40805000000,40805235916,235916
3167,31680237166,40815000000,40815237166,237166
3168,31690241625,40825000000,40825241625,241625
3169,31700237916,40835000000,40835237916,237916
3170,31710234500,40845000000,40845234500,234500
3171,31720234583,40855000000,40855234583,234583
3172,31730235250,40865000000,40865235250,235250
3173,31740237083,40875000000,40875237083,237083
3174,31750235125,40885000000,40885235125,235125
3175,31760241041,40895000000,40895241041,241041
3176,31770235875,40905000000,40905235875,235875
3177,31780357000,40915000000,40915357000,357000
3178,31790244791,40925000000,40925244791,244791
3179,31800237291,40935000000,40935237291,237291
3180,31810237375,40945000000,40945237375,237375
3181,31820236583,40955000000,40955236583,236583
3182,31830239000,40965000000,40965239000,239000
3183,31840238791,40975000000,40975238791,238791
3184,31850236541,40985000000,40985236541,236541
3185,31860238666,40995000000,40995238666,238666
3186,31870237583,41005000000,41005237583,237583
3187,31880249625,41015000000,41015249625,249625
3188,31890237750,41025000000,41025237750,237750
3189,31900244250,41035000000,41035244250,244250
3190,31910234708,41045000000,41045234708,234708
3191,31920234791,41055000000,41055234791,234791
3192,31930240708,41065000000,41065240708,240708
3193,31940241083,41075000000,41075241083,241083
3194,31950195375,41085000000,41085195375,195375
3195,31960159583,41095000000,41095159583,159583
3196,31970237541,41105000000,41105237541,237541
3197,31980473291,41115000000,41115473291,473291
3198,31990238583,41125000000,41125238583,238583
3199,32000236916,41135000000,41135236916,236916
3200,32010239333,41145000000,41145239333,239333
3201,32020237375,41155000000,41155237375,237375
3202,32030238916,41165000000,41165238916,238916
3203,32040236375,41175000000,41175236375,236375
3204,32050237916,41185000000,41185237916,237916
3205,32060235958,41195000000,41195235958,235958
3206,32070241000,41205000000,41205241000,241000
3207,32080239041,41215000000,41215239041,239041
3208,32090237083,41225000000,41225237083,237083
3209,32100236875,41235000000,41235236875,236875
3210,32110236958,41245000000,41245236958,236958
3211,32120236458,41255000000,41255236458,236458
3212,32130239458,41265000000,41265239458,239458
3213,32140240416,41275000000,41275240416,240416
3214,32150239916,41285000000,41285239916,239916
3215,32160243208,41295000000,41295243208,243208
3216,32170240958,41305000000,41305240958,240958
3217,32180670375,41315000000,41315670375,670375
3218,32190242291,41325000000,41325242291,242291
3219,32200238000,41335000000,41335238000,238000
3220,32210236916,41345000000,41345236916,236916
3221,32220239333,41355000000,41355239333,239333
3222,32230236791,41365000000,41365236791,236791
3223,32240236875,41375000000,41375236875,236875
3224,32250237250,41385000000,41385237250,237250
3225,32260236166,41395000000,41395236166,236166
3226,32270235958,41405000000,41405235958,235958
3227,32280239833,41415000000,41415239833,239833
3228,32290237000,41425000000,41425237000,237000
3229,32300239708,41435000000,41435239708,239708
3230,32310237166,41445000000,41445237166,237166
3231,32320236666,41455000000,41455236666,236666
3232,32330237333,41465000000,41465237333,237333
3233,32340238875,41475000000,41475238875,238875
3234,32350235458,41485000000,41485235458,235458
3235,32360241375,41495000000,41495241375,241375
3236,32370241458,41505000000,41505241458,241458
3237,32381066958,41515000000,41516066958,1066958
3238,32390243083,41525000000,41525243083,243083
3239,32400240833,41535000000,41535240833,240833
3240,32410239750,41545000000,41545239750,239750
3241,32420262291,41555000000,41555262291,262291
3242,32430204625,41565000000,41565204625,204625
3243,32440238541,41575000000,41575238541,238541
3244,32450236875,41585000000,41585236875,236875
3245,32460236375,41595000000,41595236375,236375
3246,32470238208,41605000000,41605238208,238208
3247,32480239458,41615000000,41615239458,239458
3248,32490236625,41625000000,41625236625,236625
3249,32500239333,41635000000,41635239333,239333
3250,32510237375,41645000000,41645237375,237375
3251,32520237458,41655000000,41655237458,237458
3252,32530237833,41665000000,41665237833,237833
3253,32540237041,41675000000,41675237041,237041
3254,32550235666,41685000000,41685235666,235666
3255,32560239250,41695000000,41695239250,239250
3256,32570238458,41705000000,41705238458,238458
3257,32580256625,41715000000,41715256625,256625
3258,32590243291,41725000000,41725243291,243291
3259,32600240750,41735000000,41735240750,240750
3260,32610240541,41745000000,41745240541,240541
3261,32620241500,41755000000,41755241500,241500
3262,32630240708,41765000000,41765240708,240708
3263,32640242833,41775000000,41775242833,242833
3264,32650240875,41785000000,41785240875,240875
3265,32660240958,41795000000,41795240958,240958
3266,32670203125,41805000000,41805203125,203125
3267,32680286041,41815000000,41815286041,286041
3268,32690235083,41825000000,41825235083,235083
3269,32700237500,41835000000,41835237500,237500
3270,32710237291,41845000000,41845237291,237291
3271,32720236500,41855000000,41855236500,236500
3272,32730236000,41865000000,41865236000,236000
3273,32740239000,41875000000,41875239000,239000
3274,32750237333,41885000000,41885237333,237333
3275,32760237125,41895000000,41895237125,237125
3276,32770239833,41905000000,41905239833,239833
3277,32780246333,41915000000,41915246333,246333
3278,32790237083,41925000000,41925237083,237083
3279,32800239208,41935000000,41935239208,239208
3280,32810236666,41945000000,41945236666,236666
3281,32820236750,41955000000,41955236750,236750
3282,32830246458,41965000000,41965246458,246458
3283,32840238083,41975000000,41975238083,238083
3284,32850236708,41985000000,41985236708,236708
3285,32860242041,41995000000,41995242041,242041
3286,32870242125,42005000000,42005242125,242125
3287,32880241333,42015000000,42015241333,241333
3288,32890242000,42025000000,42025242000,242000
3289,32900241208,42035000000,42035241208,241208
3290,32910241583,42045000000,42045241583,241583
3291,32920260333,42055000000,42055260333,260333
3292,32930240875,42065000000,42065240875,240875
3293,32940236000,42075000000,42075236000,236000
3294,32950237833,42085000000,42085237833,237833
3295,32960237333,42095000000,42095237333,237333
3296,32970238291,42105000000,42105238291,238291
3297,32980237500,42115000000,42115237500,237500
3298,32990236708,42125000000,42125236708,236708
3299,33000995708,42135000000,42135995708,995708
3300,33010237458,42145000000,42145237458,237458
3301,33020236666,42155000000,42155236666,236666
3302,33030236166,42165000000,42165236166,236166
3303,33040238875,42175000000,42175238875,238875
3304,33050245083,42185000000,42185245083,245083
3305,33060236708,42195000000,42195236708,236708
3306,33070237083,42205000000,42205237083,237083
3307,33080237166,42215000000,42215237166,237166
3308,33090236375,42225000000,42225236375,236375
3309,33100236166,42235000000,42235236166,236166
3310,33110237125,42245000000,42245237125,237125
3311,33120239250,42255000000,42255239250,239250
3312,33130244000,42265000000,42265244000,244000
3313,33140235916,42275000000,42275235916,235916
3314,33150234833,42285000000,42285234833,234833
3315,33160234333,42295000000,42295234333,234333
3316,33170236166,42305000000,42305236166,236166
3317,33180236833,42315000000,42315236833,236833
3318,33190235458,42325000000,42325235458,235458
3319,33200235541,42335000000,42335235541,235541
3320,33210235333,42345000000,42345235333,235333
3321,33220235708,42355000000,42355235708,235708
3322,33230237541,42365000000,42365237541,237541
3323,33240237625,42375000000,42375237625,237625
3324,33250236250,42385000000,42385236250,236250
3325,33260236333,42395000000,42395236333,236333
3326,33270220375,42405000000,42405220375,220375
3327,33280237958,42415000000,42415237958,237958
3328,33290237458,42425000000,42425237458,237458
3329,33300238708,42435000000,42435238708,238708
3330,33310236166,42445000000,42445236166,236166
3331,33320239750,42455000000,42455239750,239750
3332,33330237500,42465000000,42465237500,237500
3333,33340237000,42475000000,42475237000,237000
3334,33350236208,42485000000,42485236208,236208
3335,33360236875,42495000000,42495236875,236875
3336,33370249208,42505000000,42505249208,249208
3337,33380240541,42515000000,42515240541,240541
3338,33390244125,42525000000,42525244125,244125
3339,33400235166,42535000000,42535235166,235166
3340,33410235250,42545000000,42545235250,235250
3341,33420240583,42555000000,42555240583,240583
3342,33430240083,42565000000,42565240083,240083
3343,33440195833,42575000000,42575195833,195833
3344,33450236750,42585000000,42585236750,236750
3345,33460235958,42595000000,42595235958,235958
3346,33470751708,42605000000,42605751708,751708
3347,33480237875,42615000000,42615237875,237875
3348,33490237083,42625000000,42625237083,237083
3349,33500238625,42635000000,42635238625,238625
3350,33510236375,42645000000,42645236375,236375
3351,33520239083,42655000000,42655239083,239083
3352,33530236833,42665000000,42665236833,236833
3353,33540236333,42675000000,42675236333,236333
3354,33550239916,42685000000,42685239916,239916
3355,33560237083,42695000000,42695237083,237083
3356,33570239208,42705000000,42705239208,239208
3357,33580237833,42715000000,42715237833,237833
3358,33590238208,42725000000,42725238208,238208
3359,33600235958,42735000000,42735235958,235958
3360,33610236041,42745000000,42745236041,236041
3361,33620234666,42755000000,42755234666,234666
3362,33630235625,42765000000,42765235625,235625
3363,33640235416,42775000000,42775235416,235416
3364,33650235208,42785000000,42785235208,235208
3365,33660234708,42795000000,42795234708,234708
3366,33670780791,42805000000,42805780791,780791
3367,33680238375,42815000000,42815238375,238375
3368,33690236708,42825000000,42825236708,236708
3369,33700236791,42835000000,42835236791,236791
3370,33710236291,42845000000,42845236291,236291
3371,33720238416,42855000000,42855238416,238416
3372,33730240250,42865000000,42865240250,240250
3373,33740236541,42875000000,42875236541,236541
3374,33750236916,42885000000,42885236916,236916
3375,33760236416,42895000000,42895236416,236416
3376,33770239416,42905000000,42905239416,239416
3377,33780237166,42915000000,42915237166,237166
3378,33790237250,42925000000,42925237250,237250
3379,33800237333,42935000000,42935237333,237333
3380,33810234208,42945000000,42945234208,234208
3381,33820235750,42955000000,42955235750,235750
3382,33830235833,42965000000,42965235833,235833
3383,33840235333,42975000000,42975235333,235333
3384,33850234833,42985000000,42985234833,234833
3385,33860236375,42995000000,42995236375,236375
3386,33870808416,43005000000,43005808416,808416
3387,33880242083,43015000000,43015242083,242083
3388,33890237208,43025000000,43025237208,237208
3389,33900236125,43035000000,43035236125,236125
3390,33910237958,43045000000,43045237958,237958
3391,33920236000,43055000000,43055236000,236000
3392,33930239583,43065000000,43065239583,239583
3393,33940238208,43075000000,43075238208,238208
3394,33950236833,43085000000,43085236833,236833
3395,33960236916,43095000000,43095236916,236916
3396,33970261500,43105000000,43105261500,261500
3397,33980237375,43115000000,43115237375,237375
3398,33990242708,43125000000,43125242708,242708
3399,34000236666,43135000000,43135236666,236666
3400,34010235291,43145000000,43145235291,235291
3401,34020240333,43155000000,43155240333,240333
3402,34030240416,43165000000,43165240416,240416
3403,34040243125,43175000000,43175243125,243125
3404,34050235333,43185000000,43185235333,235333
3405,34060236291,43195000000,43195236291,236291
3406,34070445500,43205000000,43205445500,445500
3407,34080236750,43215000000,43215236750,236750
3408,34090239750,43225000000,43225239750,239750
3409,34100236333,43235000000,43235236333,236333
3410,34110239041,43245000000,43245239041,239041
3411,34120238541,43255000000,43255238541,238541
3412,34130237750,43265000000,43265237750,237750
3413,34140237250,43275000000,43275237250,237250
3414,34150236750,43285000000,43285236750,236750
3415,34160240041,43295000000,43295240041,240041
3416,34170239250,43305000000,43305239250,239250
3417,34180237291,43315000000,43315237291,237291
3418,34190237666,43325000000,43325237666,237666
3419,34200238333,43335000000,43335238333,238333
3420,34210234625,43345000000,43345234625,234625
3421,34220235000,43355000000,43355235000,235000
3422,34230241208,43365000000,43365241208,241208
3423,34240237500,43375000000,43375237500,237500
3424,34250237000,43385000000,43385237000,237000
3425,34260237666,43395000000,43395237666,237666
3426,34270239208,43405000000,43405239208,239208
3427,34280237833,43415000000,43415237833,237833
3428,34290239083,43425000000,43425239083,239083
3429,34300237708,43435000000,43435237708,237708
3430,34310236916,43445000000,43445236916,236916
3431,34320236708,43455000000,43455236708,236708
3432,34330237375,43465000000,43465237375,237375
3433,34340238333,43475000000,43475238333,238333
3434,34350237250,43485000000,43485237250,237250
3435,34360236458,43495000000,43495236458,236458
3436,34370238875,43505000000,43505238875,238875
3437,34380241000,43515000000,43515241000,241000
3438,34390250708,43525000000,43525250708,250708
3439,34400242916,43535000000,43535242916,242916
3440,34410240666,43545000000,43545240666,240666
3441,34420236375,43555000000,43555236375,236375
3442,34430234708,43565000000,43565234708,234708
3443,34440234500,43575000000,43575234500,234500
3444,34450235458,43585000000,43585235458,235458
3445,34460237583,43595000000,43595237583,237583
3446,34470237375,43605000000,43605237375,237375
3447,34480234250,43615000000,43615234250,234250
3448,34490236375,43625000000,43625236375,236375
3449,34500235000,43635000000,43635235000,235000
3450,34510672000,43645000000,43645672000,672000
3451,34520236625,43655000000,43655236625,236625
3452,34530235250,43665000000,43665235250,235250
3453,34540234458,43675000000,43675234458,234458
3454,34550234833,43685000000,43685234833,234833
3455,34560239583,43695000000,43695239583,239583
3456,34570243166,43705000000,43705243166,243166
3457,34580234791,43715000000,43715234791,234791
3458,34590235458,43725000000,43725235458,235458
3459,34600234666,43735000000,43735234666,234666
3460,34610240875,43745000000,43745240875,240875
3461,34620193416,43755000000,43755193416,193416
3462,34630240166,43765000000,43765240166,240166
3463,34640238791,43775000000,43775238791,238791
3464,34650235375,43785000000,43785235375,235375
3465,34660242166,43795000000,43795242166,242166
3466,34670237583,43805000000,43805237583,237583
3467,34680234750,43815000000,43815234750,234750
3468,34690236000,43825000000,43825236000,236000
3469,34700235208,43835000000,43835235208,235208
3470,34710227708,43845000000,43845227708,227708
3471,34720236833,43855000000,43855236833,236833
3472,34730234583,43865000000,43865234583,234583
3473,34740234666,43875000000,43875234666,234666
3474,34750234750,43885000000,43885234750,234750
3475,34760189041,43895000000,43895189041,189041
3476,34770249208,43905000000,43905249208,249208
3477,34780242000,43915000000,43915242000,242000
3478,34790237125,43925000000,43925237125,237125
3479,34800238666,43935000000,43935238666,238666
3480,34810239916,43945000000,43945239916,239916
3481,34820237666,43955000000,43955237666,237666
3482,34830236583,43965000000,43965236583,236583
3483,34840238125,43975000000,43975238125,238125
3484,34850236750,43985000000,43985236750,236750
3485,34860238875,43995000000,43995238875,238875
3486,34870237208,44005000000,44005237208,237208
3487,34880237583,44015000000,44015237583,237583
3488,34890236208,44025000000,44025236208,236208
3489,34900234833,44035000000,44035234833,234833
3490,34910235208,44045000000,44045235208,235208
3491,34920238791,44055000000,44055238791,238791
3492,34930235375,44065000000,44065235375,235375
3493,34940234291,44075000000,44075234291,234291
3494,34950236416,44085000000,44085236416,236416
3495,34960655333,44095000000,44095655333,655333
3496,34970236875,44105000000,44105236875,236875
3497,34980241625,44115000000,44115241625,241625
3498,34990238500,44125000000,44125238500,238500
3499,35000236250,44135000000,44135236250,236250
3500,35010239833,44145000000,44145239833,239833
3501,35020239333,44155000000,44155239333,239333
3502,35030236500,44165000000,44165236500,236500
3503,35040237750,44175000000,44175237750,237750
3504,35050236375,44185000000,44185236375,236375
3505,35060238208,44195000000,44195238208,238208
3506,35070237125,44205000000,44205237125,237125
3507,35080236333,44215000000,44215236333,236333
3508,35090240791,44225000000,44225240791,240791
3509,35100235625,44235000000,44235235625,235625
3510,35110241833,44245000000,44245241833,241833
3511,35120236375,44255000000,44255236375,236375
3512,35130235291,44265000000,44265235291,235291
3513,35140234208,44275000000,44275234208,234208
3514,35150234000,44285000000,44285234000,234000
3515,35160424541,44295000000,44295424541,424541
3516,35170245541,44305000000,44305245541,245541
3517,35180240666,44315000000,44315240666,240666
3518,35190192916,44325000000,44325192916,192916
3519,35200236458,44335000000,44335236458,236458
3520,35210266583,44345000000,44345266583,266583
3521,35220237791,44355000000,44355237791,237791
3522,35230239625,44365000000,44365239625,239625
3523,35240237083,44375000000,44375237083,237083
3524,35250235416,44385000000,44385235416,235416
3525,35260271958,44395000000,44395271958,271958
3526,35270237333,44405000000,44405237333,237333
3527,35280236833,44415000000,44415236833,236833
3528,35290237500,44425000000,44425237500,237500
3529,35300238458,44435000000,44435238458,238458
3530,35310248166,44445000000,44445248166,248166
3531,35320237166,44455000000,44455237166,237166
3532,35330236958,44465000000,44465236958,236958
3533,35340237041,44475000000,44475237041,237041
3534,35350242083,44485000000,44485242083,242083
3535,35360236625,44495000000,44495236625,236625
3536,35370240791,44505000000,44505240791,240791
3537,35380241458,44515000000,44515241458,241458
3538,35390244750,44525000000,44525244750,244750
3539,35400240166,44535000000,44535240166,240166
3540,35410688833,44545000000,44545688833,688833
3541,35420247333,44555000000,44555247333,247333
3542,35430238958,44565000000,44565238958,238958
3543,35440237291,44575000000,44575237291,237291
3544,35450238541,44585000000,44585238541,238541
3545,35460239500,44595000000,44595239500,239500
3546,35470238708,44605000000,44605238708,238708
3547,35480238791,44615000000,44615238791,238791
3548,35490236833,44625000000,44625236833,236833
3549,35500235750,44635000000,44635235750,235750
3550,35510270833,44645000000,44645270833,270833
3551,35520237083,44655000000,44655237083,237083
3552,35530240083,44665000000,44665240083,240083
3553,35540237833,44675000000,44675237833,237833
3554,35550237041,44685000000,44685237041,237041
3555,35560245875,44695000000,44695245875,245875
3556,35570239250,44705000000,44705239250,239250
3557,35580239625,44715000000,44715239625,239625
3558,35590245541,44725000000,44725245541,245541
3559,35600240666,44735000000,44735240666,240666
3560,35610247458,44745000000,44745247458,247458
3561,35620241125,44755000000,44755241125,241125
3562,35630241791,44765000000,44765241791,241791
3563,35640260250,44775000000,44775260250,260250
3564,35650239625,44785000000,44785239625,239625
3565,35660237958,44795000000,44795237958,237958
3566,35670238916,44805000000,44805238916,238916
3567,35680238416,44815000000,44815238416,238416
3568,35690237333,44825000000,44825237333,237333
3569,35700240041,44835000000,44835240041,240041
3570,35710236916,44845000000,44845236916,236916
3571,35720235250,44855000000,44855235250,235250
3572,35730243500,44865000000,44865243500,243500
3573,35740237458,44875000000,44875237458,237458
3574,35750236958,44885000000,44885236958,236958
3575,35760235000,44895000000,44895235000,235000
3576,35770234208,44905000000,44905234208,234208
3577,35780254416,44915000000,44915254416,254416
3578,35790226208,44925000000,44925226208,226208
3579,35800236791,44935000000,44935236791,236791
3580,35810236000,44945000000,44945236000,236000
3581,35820233750,44955000000,44955233750,233750
3582,35830708666,44965000000,44965708666,708666
3583,35840238583,44975000000,44975238583,238583
3584,35850241583,44985000000,44985241583,241583
3585,35860237000,44995000000,44995237000,237000
3586,35870236791,45005000000,45005236791,236791
3587,35880245916,45015000000,45015245916,245916
3588,35890237250,45025000000,45025237250,237250
3589,35900237333,45035000000,45035237333,237333
3590,35910235666,45045000000,45045235666,235666
3591,35920238083,45055000000,45055238083,238083
3592,35930237583,45065000000,45065237583,237583
3593,35940237958,45075000000,45075237958,237958
3594,35950237750,45085000000,45085237750,237750
3595,35960237833,45095000000,45095237833,237833
3596,35970239666,45105000000,45105239666,239666
3597,35980235666,45115000000,45115235666,235666
3598,35990236916,45125000000,45125236916,236916
3599,36000236416,45135000000,45135236416,236416
3600,36010236500,45145000000,45145236500,236500
3601,36020234833,45155000000,45155234833,234833
3602,36030234333,45165000000,45165234333,234333
3603,36040234416,45175000000,45175234416,234416
3604,36050262500,45185000000,45185262500,262500
3605,36060238666,45195000000,45195238666,238666
3606,36070237875,45205000000,45205237875,237875
3607,36080237666,45215000000,45215237666,237666
3608,36090237458,45225000000,45225237458,237458
3609,36100239000,45235000000,45235239000,239000
3610,36110243458,45245000000,45245243458,243458
3611,36120238000,45255000000,45255238000,238000
3612,36130236916,45265000000,45265236916,236916
3613,36140236125,45275000000,45275236125,236125
3614,36150239416,45285000000,45285239416,239416
3615,36160236291,45295000000,45295236291,236291
3616,36170238708,45305000000,45305238708,238708
3617,36180237041,45315000000,45315237041,237041
3618,36190235083,45325000000,45325235083,235083
3619,36200252083,45335000000,45335252083,252083
3620,36210234666,45345000000,45345234666,234666
3621,36220237666,45355000000,45355237666,237666
3622,36230234541,45365000000,45365234541,234541
3623,36240234333,45375000000,45375234333,234333
3624,36250236166,45385000000,45385236166,236166
3625,36260243833,45395000000,45395243833,243833
3626,36270239541,45405000000,45405239541,239541
3627,36280261791,45415000000,45415261791,261791
3628,36290237666,45425000000,45425237666,237666
3629,36300275083,45435000000,45435275083,275083
3630,36310243958,45445000000,45445243958,243958
3631,36320237916,45455000000,45455237916,237916
3632,36330236250,45465000000,45465236250,236250
3633,36340240708,45475000000,45475240708,240708
3634,36350239333,45485000000,45485239333,239333
3635,36360237375,45495000000,45495237375,237375
3636,36370237458,45505000000,45505237458,237458
3637,36380236375,45515000000,45515236375,236375
3638,36390236458,45525000000,45525236458,236458
3639,36400249375,45535000000,45535249375,249375
3640,36410202500,45545000000,45545202500,202500
3641,36420236125,45555000000,45555236125,236125
3642,36430240583,45565000000,45565240583,240583
3643,36440236291,45575000000,45575236291,236291
3644,36450456583,45585000000,45585456583,456583
3645,36460242875,45595000000,45595242875,242875
3646,36470237125,45605000000,45605237125,237125
3647,36480236625,45615000000,45615236625,236625
3648,36490237875,45625000000,45625237875,237875
3649,36500238250,45635000000,45635238250,238250
3650,36510236583,45645000000,45645236583,236583
3651,36520239000,45655000000,45655239000,239000
3652,36530237625,45665000000,45665237625,237625
3653,36540236250,45675000000,45675236250,236250
3654,36550239833,45685000000,45685239833,239833
3655,36560237583,45695000000,45695237583,237583
3656,36570239125,45705000000,45705239125,239125
3657,36580236291,45715000000,45715236291,236291
3658,36590242500,45725000000,45725242500,242500
3659,36600239375,45735000000,45735239375,239375
3660,36610242083,45745000000,45745242083,242083
3661,36620240416,45755000000,45755240416,240416
3662,36630240500,45765000000,45765240500,240500
3663,36640241166,45775000000,45775241166,241166
3664,36650760125,45785000000,45785760125,760125
3665,36660239583,45795000000,45795239583,239583
3666,36670237916,45805000000,45805237916,237916
3667,36680237125,45815000000,45815237125,237125
3668,36690236916,45825000000,45825236916,236916
3669,36700236708,45835000000,45835236708,236708
3670,36710237375,45845000000,45845237375,237375
3671,36720238625,45855000000,45855238625,238625
3672,36730236083,45865000000,45865236083,236083
3673,36740236166,45875000000,45875236166,236166
3674,36750238875,45885000000,45885238875,238875
3675,36760237208,45895000000,45895237208,237208
3676,36770239916,45905000000,45905239916,239916
3677,36780238250,45915000000,45915238250,238250
3678,36790236875,45925000000,45925236875,236875
3679,36800237833,45935000000,45935237833,237833
3680,36810240541,45945000000,45945240541,240541
3681,36820238875,45955000000,45955238875,238875
3682,36830244500,45965000000,45965244500,244500
3683,36840241666,45975000000,45975241666,241666
3684,36851078250,45985000000,45986078250,1078250
3685,36860243875,45995000000,45995243875,243875
3686,36870241041,46005000000,46005241041,241041
3687,36880240833,46015000000,46015240833,240833
3688,36890289625,46025000000,46025289625,289625
3689,36900238958,46035000000,46035238958,238958
3690,36910237583,46045000000,46045237583,237583
3691,36920236500,46055000000,46055236500,236500
3692,36930236875,46065000000,46065236875,236875
3693,36940236375,46075000000,46075236375,236375
3694,36950258333,46085000000,46085258333,258333
3695,36960236833,46095000000,46095236833,236833
3696,36970236041,46105000000,46105236041,236041
3697,36980238458,46115000000,46115238458,238458
3698,36990237666,46125000000,46125237666,237666
3699,37000237750,46135000000,46135237750,237750
3700,37010240458,46145000000,46145240458,240458
3701,37020238500,46155000000,46155238500,238500
3702,37030235958,46165000000,46165235958,235958
3703,37040238375,46175000000,46175238375,238375
3704,37050720291,46185000000,46185720291,720291
3705,37060240000,46195000000,46195240000,240000
3706,37070236583,46205000000,46205236583,236583
3707,37080241916,46215000000,46215241916,241916
3708,37090241708,46225000000,46225241708,241708
3709,37100242666,46235000000,46235242666,242666
3710,37110240708,46245000000,46245240708,240708
3711,37120241958,46255000000,46255241958,241958
3712,37130264208,46265000000,46265264208,264208
3713,37140239500,46275000000,46275239500,239500
3714,37150235500,46285000000,46285235500,235500
3715,37160235000,46295000000,46295235000,235000
3716,37170235375,46305000000,46305235375,235375
3717,37180239250,46315000000,46315239250,239250
3718,37190237583,46325000000,46325237583,237583
3719,37200238250,46335000000,46335238250,238250
3720,37210237166,46345000000,46345237166,237166
3721,37220239000,46355000000,46355239000,239000
3722,37230235875,46365000000,46365235875,235875
3723,37240237416,46375000000,46375237416,237416
3724,37250236333,46385000000,46385236333,236333
3725,37260236708,46395000000,46395236708,236708
3726,37270236208,46405000000,46405236208,236208
3727,37280239791,46415000000,46415239791,239791
3728,37290239583,46425000000,46425239583,239583
3729,37300237333,46435000000,46435237333,237333
3730,37310236541,46445000000,46445236541,236541
3731,37320236041,46455000000,46455236041,236041
3732,37330237000,46465000000,46465237000,237000
3733,37340240000,46475000000,46475240000,240000
3734,37350242125,46485000000,46485242125,242125
3735,37360243375,46495000000,46495243375,243375
3736,37370240250,46505000000,46505240250,240250
3737,37380241208,46515000000,46515241208,241208
3738,37390274541,46525000000,46525274541,274541
3739,37400254208,46535000000,46535254208,254208
3740,37410239708,46545000000,46545239708,239708
3741,37420237166,46555000000,46555237166,237166
3742,37430236666,46565000000,46565236666,236666
3743,37440757375,46575000000,46575757375,757375
3744,37450240625,46585000000,46585240625,240625
3745,37460236041,46595000000,46595236041,236041
3746,37470240208,46605000000,46605240208,240208
3747,37480237666,46615000000,46615237666,237666
3748,37490238916,46625000000,46625238916,238916
3749,37500237250,46635000000,46635237250,237250
3750,37510236458,46645000000,46645236458,236458
3751,37520235375,46655000000,46655235375,235375
3752,37530237208,46665000000,46665237208,237208
3753,37540238458,46675000000,46675238458,238458
3754,37550237666,46685000000,46685237666,237666
3755,37560237166,46695000000,46695237166,237166
3756,37570239583,46705000000,46705239583,239583
3757,37580239958,46715000000,46715239958,239958
3758,37590241791,46725000000,46725241791,241791
3759,37600242166,46735000000,46735242166,242166
3760,37610240791,46745000000,46745240791,240791
3761,37620240000,46755000000,46755240000,240000
3762,37630239500,46765000000,46765239500,239500
3763,37640706250,46775000000,46775706250,706250
3764,37650241125,46785000000,46785241125,241125
3765,37660237125,46795000000,46795237125,237125
3766,37670236625,46805000000,46805236625,236625
3767,37680258875,46815000000,46815258875,258875
3768,37690238833,46825000000,46825238833,238833
3769,37700238916,46835000000,46835238916,238916
3770,37710238708,46845000000,46845238708,238708
3771,37720237333,46855000000,46855237333,237333
3772,37730236541,46865000000,46865236541,236541
3773,37740273666,46875000000,46875273666,273666
3774,37750237291,46885000000,46885237291,237291
3775,37760236791,46895000000,46895236791,236791
3776,37770234250,46905000000,46905234250,234250
3777,37780269625,46915000000,46915269625,269625
3778,37790240833,46925000000,46925240833,240833
3779,37800192500,46935000000,46935192500,192500
3780,37810235750,46945000000,46945235750,235750
3781,37820240500,46955000000,46955240500,240500
3782,37830237375,46965000000,46965237375,237375
3783,37840317083,46975000000,46975317083,317083
3784,37850243375,46985000000,46985243375,243375
3785,37860236458,46995000000,46995236458,236458
3786,37870236250,47005000000,47005236250,236250
3787,37880237791,47015000000,47015237791,237791
3788,37890240208,47025000000,47025240208,240208
3789,37900237666,47035000000,47035237666,237666
3790,37910236583,47045000000,47045236583,236583
3791,37920236958,47055000000,47055236958,236958
3792,37930237916,47065000000,47065237916,237916
3793,37940252583,47075000000,47075252583,252583
3794,37950236916,47085000000,47085236916,236916
3795,37960238458,47095000000,47095238458,238458
3796,37970237083,47105000000,47105237083,237083
3797,37980234833,47115000000,47115234833,234833
3798,37990238125,47125000000,47125238125,238125
3799,38000237625,47135000000,47135237625,237625
3800,38010236833,47145000000,47145236833,236833
3801,38020239833,47155000000,47155239833,239833
3802,38030236416,47165000000,47165236416,236416
3803,38040859791,47175000000,47175859791,859791
3804,38050239791,47185000000,47185239791,239791
3805,38060239875,47195000000,47195239875,239875
3806,38070236166,47205000000,47205236166,236166
3807,38080241500,47215000000,47215241500,241500
3808,38090240416,47225000000,47225240416,240416
3809,38100238166,47235000000,47235238166,238166
3810,38110237083,47245000000,47245237083,237083
3811,38120236583,47255000000,47255236583,236583
3812,38130236375,47265000000,47265236375,236375
3813,38140265625,47275000000,47275265625,265625
3814,38150236833,47285000000,47285236833,236833
3815,38160242750,47295000000,47295242750,242750
3816,38170240500,47305000000,47305240500,240500
3817,38180240583,47315000000,47315240583,240583
3818,38190242708,47325000000,47325242708,242708
3819,38200241333,47335000000,47335241333,241333
3820,38210240833,47345000000,47345240833,240833
3821,38220198041,47355000000,47355198041,198041
3822,38230238666,47365000000,47365238666,238666
3823,38240643291,47375000000,47375643291,643291
3824,38250242625,47385000000,47385242625,242625
3825,38260241833,47395000000,47395241833,241833
3826,38270237541,47405000000,47405237541,237541
3827,38280237041,47415000000,47415237041,237041
3828,38290237416,47425000000,47425237416,237416
3829,38300238375,47435000000,47435238375,238375
3830,38310237875,47445000000,47445237875,237875
3831,38320237666,47455000000,47455237666,237666
3832,38330236000,47465000000,47465236000,236000
3833,38340268458,47475000000,47475268458,268458
3834,38350239958,47485000000,47485239958,239958
3835,38360236833,47495000000,47495236833,236833
3836,38370238666,47505000000,47505238666,238666
3837,38380237000,47515000000,47515237000,237000
3838,38390244083,47525000000,47525244083,244083
3839,38400235708,47535000000,47535235708,235708
3840,38410239000,47545000000,47545239000,239000
3841,38420239375,47555000000,47555239375,239375
3842,38430243833,47565000000,47565243833,243833
3843,38440251208,47575000000,47575251208,251208
3844,38450241666,47585000000,47585241666,241666
3845,38460240583,47595000000,47595240583,240583
3846,38470242416,47605000000,47605242416,242416
3847,38480262041,47615000000,47615262041,262041
3848,38490276708,47625000000,47625276708,276708
3849,38500237708,47635000000,47635237708,237708
3850,38510238083,47645000000,47645238083,238083
3851,38520237291,47655000000,47655237291,237291
3852,38530236791,47665000000,47665236791,236791
3853,38540237166,47675000000,47675237166,237166
3854,38550235500,47685000000,47685235500,235500
3855,38560241708,47695000000,47695241708,241708
3856,38570238875,47705000000,47705238875,238875
3857,38580238083,47715000000,47715238083,238083
3858,38590237291,47725000000,47725237291,237291
3859,38600236791,47735000000,47735236791,236791
3860,38610237166,47745000000,47745237166,237166
3861,38620242791,47755000000,47755242791,242791
3862,38630237333,47765000000,47765237333,237333
3863,38640238000,47775000000,47775238000,238000
3864,38650241291,47785000000,47785241291,241291
3865,38660720583,47795000000,47795720583,720583
3866,38670243500,47805000000,47805243500,243500
3867,38680239791,47815000000,47815239791,239791
3868,38690243083,47825000000,47825243083,243083
3869,38700251333,47835000000,47835251333,251333
3870,38710237416,47845000000,47845237416,237416
3871,38720243625,47855000000,47855243625,243625
3872,38730239333,47865000000,47865239333,239333
3873,38740236208,47875000000,47875236208,236208
3874,38750239500,47885000000,47885239500,239500
3875,38760236958,47895000000,47895236958,236958
3876,38770236750,47905000000,47905236750,236750
3877,38780247041,47915000000,47915247041,247041
3878,38790240125,47925000000,47925240125,240125
3879,38800237583,47935000000,47935237583,237583
3880,38810235041,47945000000,47945235041,235041
3881,38820234250,47955000000,47955234250,234250
3882,38830235208,47965000000,47965235208,235208
3883,38840235000,47975000000,47975235000,235000
3884,38850234791,47985000000,47985234791,234791
3885,38860234000,47995000000,47995234000,234000
3886,38870237000,48005000000,48005237000,237000
3887,38880544500,48015000000,48015544500,544500
3888,38890241833,48025000000,48025241833,241833
3889,38900242500,48035000000,48035242500,242500
3890,38910157125,48045000000,48045157125,157125
3891,38920236541,48055000000,48055236541,236541
3892,38930237791,48065000000,48065237791,237791
3893,38940238166,48075000000,48075238166,238166
3894,38950237666,48085000000,48085237666,237666
3895,38960237458,48095000000,48095237458,237458
3896,38970236375,48105000000,48105236375,236375
3897,38980328916,48115000000,48115328916,328916
3898,38990240625,48125000000,48125240625,240625
3899,39000237791,48135000000,48135237791,237791
3900,39010237000,48145000000,48145237000,237000
3901,39020235333,48155000000,48155235333,235333
3902,39030242416,48165000000,48165242416,242416
3903,39040236375,48175000000,48175236375,236375
3904,39050234708,48185000000,48185234708,234708
3905,39060234500,48195000000,48195234500,234500
3906,39070234875,48205000000,48205234875,234875
3907,39080236708,48215000000,48215236708,236708
3908,39090237958,48225000000,48225237958,237958
3909,39100234250,48235000000,48235234250,234250
3910,39110234041,48245000000,48245234041,234041
3911,39120237916,48255000000,48255237916,237916
3912,39130205333,48265000000,48265205333,205333
3913,39140237500,48275000000,48275237500,237500
3914,39150236708,48285000000,48285236708,236708
3915,39160239708,48295000000,48295239708,239708
3916,39170236291,48305000000,48305236291,236291
3917,39180239291,48315000000,48315239291,239291
3918,39190242000,48325000000,48325242000,242000
3919,39200236541,48335000000,48335236541,236541
3920,39210236916,48345000000,48345236916,236916
3921,39220236416,48355000000,48355236416,236416
3922,39230240291,48365000000,48365240291,240291
3923,39240235708,48375000000,48375235708,235708
3924,39250240750,48385000000,48385240750,240750
3925,39260237916,48395000000,48395237916,237916
3926,39270236541,48405000000,48405236541,236541
3927,39280236041,48415000000,48415236041,236041
3928,39290238458,48425000000,48425238458,238458
3929,39300236791,48435000000,48435236791,236791
3930,39310237458,48445000000,48445237458,237458
3931,39320241333,48455000000,48455241333,241333
3932,39330722666,48465000000,48465722666,722666
3933,39340240916,48475000000,48475240916,240916
3934,39350239541,48485000000,48485239541,239541
3935,39360239625,48495000000,48495239625,239625
3936,39370241166,48505000000,48505241166,241166
3937,39380260791,48515000000,48515260791,260791
3938,39390240458,48525000000,48525240458,240458
3939,39400239375,48535000000,48535239375,239375
3940,39410236833,48545000000,48545236833,236833
3941,39420238083,48555000000,48555238083,238083
3942,39430360958,48565000000,48565360958,360958
3943,39440237375,48575000000,48575237375,237375
3944,39450240666,48585000000,48585240666,240666
3945,39460237541,48595000000,48595237541,237541
3946,39470237041,48605000000,48605237041,237041
3947,39480236833,48615000000,48615236833,236833
3948,39490237208,48625000000,48625237208,237208
3949,39500240791,48635000000,48635240791,240791
3950,39510237666,48645000000,48645237666,237666
3951,39520236291,48655000000,48655236291,236291
3952,39531074333,48665000000,48666074333,1074333
3953,39540240250,48675000000,48675240250,240250
3954,39550236541,48685000000,48685236541,236541
3955,39560241000,48695000000,48695241000,241000
3956,39570235833,48705000000,48705235833,235833
3957,39580238833,48715000000,48715238833,238833
3958,39590244166,48725000000,48725244166,244166
3959,39600241041,48735000000,48735241041,241041
3960,39610240250,48745000000,48745240250,240250
3961,39620242958,48755000000,48755242958,242958
3962,39630241583,48765000000,48765241583,241583
3963,39640264416,48775000000,48775264416,264416
3964,39650236791,48785000000,48785236791,236791
3965,39660238333,48795000000,48795238333,238333
3966,39670236375,48805000000,48805236375,236375
3967,39680236750,48815000000,48815236750,236750
3968,39690238583,48825000000,48825238583,238583
3969,39700236625,48835000000,48835236625,236625
3970,39710240208,48845000000,48845240208,240208
3971,39720236208,48855000000,48855236208,236208
3972,39730259625,48865000000,48865259625,259625
3973,39740245708,48875000000,48875245708,245708
3974,39750236750,48885000000,48885236750,236750
3975,39760236250,48895000000,48895236250,236250
3976,39770238083,48905000000,48905238083,238083
3977,39780238750,48915000000,48915238750,238750
3978,39790237375,48925000000,48925237375,237375
3979,39800237166,48935000000,48935237166,237166
3980,39810236375,48945000000,48945236375,236375
3981,39820239083,48955000000,48955239083,239083
3982,39830297208,48965000000,48965297208,297208
3983,39840242458,48975000000,48975242458,242458
3984,39850244583,48985000000,48985244583,244583
3985,39860243208,48995000000,48995243208,243208
3986,39870240083,49005000000,49005240083,240083
3987,39880262625,49015000000,49015262625,262625
3988,39890237916,49025000000,49025237916,237916
3989,39900236541,49035000000,49035236541,236541
3990,39910236041,49045000000,49045236041,236041
3991,39920238458,49055000000,49055238458,238458
3992,39930238250,49065000000,49065238250,238250
3993,39940236291,49075000000,49075236291,236291
3994,39950238416,49085000000,49085238416,238416
3995,39960237916,49095000000,49095237916,237916
3996,39970236250,49105000000,49105236250,236250
3997,39980237208,49115000000,49115237208,237208
3998,39990237291,49125000000,49125237291,237291
3999,40000242041,49135000000,49135242041,242041
4000,40010247083,49145000000,49145247083,247083
4001,40020240750,49155000000,49155240750,240750
4002,40030240250,49165000000,49165240250,240250
4003,40040239458,49175000000,49175239458,239458
4004,40050249750,49185000000,49185249750,249750
4005,40060263541,49195000000,49195263541,263541
4006,40070236208,49205000000,49205236208,236208
4007,40080239791,49215000000,49215239791,239791
4008,40090236375,49225000000,49225236375,236375
4009,40100237625,49235000000,49235237625,237625
4010,40110236250,49245000000,49245236250,236250
4011,40120238375,49255000000,49255238375,238375
4012,40130235250,49265000000,49265235250,235250
4013,40140236791,49275000000,49275236791,236791
4014,40150235416,49285000000,49285235416,235416
4015,40160234625,49295000000,49295234625,234625
4016,40170765833,49305000000,49305765833,765833
4017,40180239750,49315000000,49315239750,239750
4018,40190237500,49325000000,49325237500,237500
4019,40200242250,49335000000,49335242250,242250
4020,40210236791,49345000000,49345236791,236791
4021,40220237166,49355000000,49355237166,237166
4022,40230237833,49365000000,49365237833,237833
4023,40240237625,49375000000,49375237625,237625
4024,40250236250,49385000000,49385236250,236250
4025,40260239541,49395000000,49395239541,239541
4026,40270239625,49405000000,49405239625,239625
4027,40280236791,49415000000,49415236791,236791
4028,40290237458,49425000000,49425237458,237458
4029,40300238125,49435000000,49435238125,238125
4030,40310235291,49445000000,49445235291,235291
4031,40320242666,49455000000,49455242666,242666
4032,40330234583,49465000000,49465234583,234583
4033,40340234958,49475000000,49475234958,234958
4034,40350236208,49485000000,49485236208,236208
4035,40360233958,49495000000,49495233958,233958
4036,40370450166,49505000000,49505450166,450166
4037,40380240250,49515000000,49515240250,240250
4038,40390235958,49525000000,49525235958,235958
4039,40400236333,49535000000,49535236333,236333
4040,40410234666,49545000000,49545234666,234666
4041,40420263041,49555000000,49555263041,263041
4042,40430236583,49565000000,49565236583,236583
4043,40440239583,49575000000,49575239583,239583
4044,40450237041,49585000000,49585237041,237041
4045,40460237125,49595000000,49595237125,237125
4046,40470263166,49605000000,49605263166,263166
4047,40480237875,49615000000,49615237875,237875
4048,40490240583,49625000000,49625240583,240583
4049,40500239500,49635000000,49635239500,239500
4050,40510236375,49645000000,49645236375,236375
4051,40520249291,49655000000,49655249291,249291
4052,40530239750,49665000000,49665239750,239750
4053,40540235750,49675000000,49675235750,235750
4054,40550237291,49685000000,49685237291,237291
4055,40560234458,49695000000,49695234458,234458
4056,40570236583,49705000000,49705236583,236583
4057,40580236083,49715000000,49715236083,236083
4058,40590236458,49725000000,49725236458,236458
4059,40600236250,49735000000,49735236250,236250
4060,40610234583,49745000000,49745234583,234583
4061,40620656708,49755000000,49755656708,656708
4062,40630237958,49765000000,49765237958,237958
4063,40640236875,49775000000,49775236875,236875
4064,40650236666,49785000000,49785236666,236666
4065,40660237625,49795000000,49795237625,237625
4066,40670238875,49805000000,49805238875,238875
4067,40680237500,49815000000,49815237500,237500
4068,40690240500,49825000000,49825240500,240500
4069,40700238833,49835000000,49835238833,238833
4070,40710236583,49845000000,49845236583,236583
4071,40720239291,49855000000,49855239291,239291
4072,40730237333,49865000000,49865237333,237333
4073,40740235666,49875000000,49875235666,235666
4074,40750239250,49885000000,49885239250,239250
4075,40760235833,49895000000,49895235833,235833
4076,40770235916,49905000000,49905235916,235916
4077,40780235125,49915000000,49915235125,235125
4078,40790235500,49925000000,49925235500,235500
4079,40800236458,49935000000,49935236458,236458
4080,40810235666,49945000000,49945235666,235666
4081,40820461208,49955000000,49955461208,461208
4082,40830242541,49965000000,49965242541,242541
4083,40840240875,49975000000,49975240875,240875
4084,40850250000,49985000000,49985250000,250000
4085,40860236083,49995000000,49995236083,236083
4086,40870242875,50005000000,50005242875,242875
4087,40880238291,50015000000,50015238291,238291
4088,40890238375,50025000000,50025238375,238375
4089,40900194708,50035000000,50035194708,194708
4090,40910237666,50045000000,50045237666,237666
4091,40920261958,50055000000,50055261958,261958
4092,40930238708,50065000000,50065238708,238708
4093,40940238208,50075000000,50075238208,238208
4094,40950238000,50085000000,50085238000,238000
4095,40960237791,50095000000,50095237791,237791
4096,40970241083,50105000000,50105241083,241083
4097,40980240583,50115000000,50115240583,240583
4098,40990263708,50125000000,50125263708,263708
4099,41000235500,50135000000,50135235500,235500
4100,41010237041,50145000000,50145237041,237041
4101,41020455583,50155000000,50155455583,455583
4102,41030239541,50165000000,50165239541,239541
4103,41040240208,50175000000,50175240208,240208
4104,41050238250,50185000000,50185238250,238250
4105,41060236291,50195000000,50195236291,236291
4106,41070239291,50205000000,50205239291,239291
4107,41080239375,50215000000,50215239375,239375
4108,41090237125,50225000000,50225237125,237125
4109,41100238666,50235000000,50235238666,238666
4110,41110237291,50245000000,50245237291,237291
4111,41120239125,50255000000,50255239125,239125
4112,41130238333,50265000000,50265238333,238333
4113,41140237250,50275000000,50275237250,237250
4114,41150236750,50285000000,50285236750,236750
4115,41160238291,50295000000,50295238291,238291
4116,41170238666,50305000000,50305238666,238666
4117,41180241083,50315000000,50315241083,241083
4118,41190241458,50325000000,50325241458,241458
4119,41200240666,50335000000,50335240666,240666
4120,41210241625,50345000000,50345241625,241625
4121,41220249875,50355000000,50355249875,249875
4122,41230240916,50365000000,50365240916,240916
4123,41240259958,50375000000,50375259958,259958
4124,41250237000,50385000000,50385237000,237000
4125,41260236500,50395000000,50395236500,236500
4126,41270247666,50405000000,50405247666,247666
4127,41280237250,50415000000,50415237250,237250
4128,41290241125,50425000000,50425241125,241125
4129,41300238000,50435000000,50435238000,238000
4130,41310236916,50445000000,50445236916,236916
4131,41320236708,50455000000,50455236708,236708
4132,41330238541,50465000000,50465238541,238541
4133,41340237458,50475000000,50475237458,237458
4134,41350238125,50485000000,50485238125,238125
4135,41360236458,50495000000,50495236458,236458
4136,41370237708,50505000000,50505237708,237708
4137,41380236041,50515000000,50515236041,236041
4138,41390239916,50525000000,50525239916,239916
4139,41400235916,50535000000,50535235916,235916
4140,41410239208,50545000000,50545239208,239208
4141,41420240166,50555000000,50555240166,240166
4142,41430240833,50565000000,50565240833,240833
4143,41440246750,50575000000,50575246750,246750
4144,41450241875,50585000000,50585241875,241875
4145,41460240500,50595000000,50595240500,240500
4146,41470240291,50605000000,50605240291,240291
4147,41480203041,50615000000,50615203041,203041
4148,41490236666,50625000000,50625236666,236666
4149,41500237916,50635000000,50635237916,237916
4150,41510246458,50645000000,50645246458,246458
4151,41520238375,50655000000,50655238375,238375
4152,41530237291,50665000000,50665237291,237291
4153,41540237375,50675000000,50675237375,237375
4154,41550234833,50685000000,50685234833,234833
4155,41560236666,50695000000,50695236666,236666
4156,41570239375,50705000000,50705239375,239375
4157,41580236833,50715000000,50715236833,236833
4158,41590234583,50725000000,50725234583,234583
4159,41600235250,50735000000,50735235250,235250
4160,41610237083,50745000000,50745237083,237083
4161,41620236583,50755000000,50755236583,236583
4162,41630238125,50765000000,50765238125,238125
4163,41640237625,50775000000,50775237625,237625
4164,41650237708,50785000000,50785237708,237708
4165,41660447208,50795000000,50795447208,447208
4166,41670237875,50805000000,50805237875,237875
4167,41680240291,50815000000,50815240291,240291
4168,41690236291,50825000000,50825236291,236291
4169,41700236958,50835000000,50835236958,236958
4170,41710239083,50845000000,50845239083,239083
4171,41720239458,50855000000,50855239458,239458
4172,41730236333,50865000000,50865236333,236333
4173,41740236708,50875000000,50875236708,236708
4174,41750235333,50885000000,50885235333,235333
4175,41760240666,50895000000,50895240666,240666
4176,41770187666,50905000000,50905187666,187666
4177,41780237333,50915000000,50915237333,237333
4178,41790233625,50925000000,50925233625,233625
4179,41800236041,50935000000,50935236041,236041
4180,41810241666,50945000000,50945241666,241666
4181,41820240583,50955000000,50955240583,240583
4182,41830240375,50965000000,50965240375,240375
4183,41840253000,50975000000,50975253000,253000
4184,41850240833,50985000000,50985240833,240833
4185,41860711375,50995000000,50995711375,711375
4186,41870237208,51005000000,51005237208,237208
4187,41880236708,51015000000,51015236708,236708
4188,41890237375,51025000000,51025237375,237375
4189,41900236583,51035000000,51035236583,236583
4190,41910236666,51045000000,51045236666,236666
4191,41920241416,51055000000,51055241416,241416
4192,41930236833,51065000000,51065236833,236833
4193,41940236333,51075000000,51075236333,236333
4194,41950237291,51085000000,51085237291,237291
4195,41960271791,51095000000,51095271791,271791
4196,41970236875,51105000000,51105236875,236875
4197,41980238125,51115000000,51115238125,238125
4198,41990233541,51125000000,51125233541,233541
4199,42000234791,51135000000,51135234791,234791
4200,42010242458,51145000000,51145242458,242458
4201,42020236125,51155000000,51155236125,236125
4202,42030235333,51165000000,51165235333,235333
4203,42040234250,51175000000,51175234250,234250
4204,42050237250,51185000000,51185237250,237250
4205,42060248416,51195000000,51195248416,248416
4206,42070243541,51205000000,51205243541,243541
4207,42080240416,51215000000,51215240416,240416
4208,42090191500,51225000000,51225191500,191500
4209,42100237083,51235000000,51235237083,237083
4210,42110260500,51245000000,51245260500,260500
4211,42120241333,51255000000,51255241333,241333
4212,42130236458,51265000000,51265236458,236458
4213,42140236833,51275000000,51275236833,236833
4214,42150237791,51285000000,51285237791,237791
4215,42160239916,51295000000,51295239916,239916
4216,42170236791,51305000000,51305236791,236791
4217,42180239208,51315000000,51315239208,239208
4218,42190236083,51325000000,51325236083,236083
4219,42200236166,51335000000,51335236166,236166
4220,42210247916,51345000000,51345247916,247916
4221,42220236625,51355000000,51355236625,236625
4222,42230236708,51365000000,51365236708,236708
4223,42240235333,51375000000,51375235333,235333
4224,42250234541,51385000000,51385234541,234541
4225,42260236375,51395000000,51395236375,236375
4226,42270237041,51405000000,51405237041,237041
4227,42280234791,51415000000,51415234791,234791
4228,42290236041,51425000000,51425236041,236041
4229,42300235250,51435000000,51435235250,235250
4230,42310735833,51445000000,51445735833,735833
4231,42320238041,51455000000,51455238041,238041
4232,42330238708,51465000000,51465238708,238708
4233,42340236166,51475000000,51475236166,236166
4234,42350240625,51485000000,51485240625,240625
4235,42360239250,51495000000,51495239250,239250
4236,42370237875,51505000000,51505237875,237875
4237,42380236500,51515000000,51515236500,236500
4238,42390236291,51525000000,51525236291,236291
4239,42400236375,51535000000,51535236375,236375
4240,42410239666,51545000000,51545239666,239666
4241,42420236250,51555000000,51555236250,236250
4242,42430237208,51565000000,51565237208,237208
4243,42440239333,51575000000,51575239333,239333
4244,42450234458,51585000000,51585234458,234458
4245,42460241250,51595000000,51595241250,241250
4246,42470241333,51605000000,51605241333,241333
4247,42480240833,51615000000,51615240833,240833
4248,42490284375,51625000000,51625284375,284375
4249,42500237791,51635000000,51635237791,237791
4250,42510509125,51645000000,51645509125,509125
4251,42520240875,51655000000,51655240875,240875
4252,42530239500,51665000000,51665239500,239500
4253,42540236666,51675000000,51675236666,236666
4254,42550237333,51685000000,51685237333,237333
4255,42560238000,51695000000,51695238000,238000
4256,42570236333,51705000000,51705236333,236333
4257,42580238750,51715000000,51715238750,238750
4258,42590235625,51725000000,51725235625,235625
4259,42600237458,51735000000,51735237458,237458
4260,42610241916,51745000000,51745241916,241916
4261,42620237333,51755000000,51755237333,237333
4262,42630236833,51765000000,51765236833,236833
4263,42640236625,51775000000,51775236625,236625
4264,42650236125,51785000000,51785236125,236125
4265,42660236208,51795000000,51795236208,236208
4266,42670234833,51805000000,51805234833,234833
4267,42680237541,51815000000,51815237541,237541
4268,42690235875,51825000000,51825235875,235875
4269,42700235666,51835000000,51835235666,235666
4270,42710237208,51845000000,51845237208,237208
4271,42720236416,51855000000,51855236416,236416
4272,42730864166,51865000000,51865864166,864166
4273,42740242708,51875000000,51875242708,242708
4274,42750237833,51885000000,51885237833,237833
4275,42760237041,51895000000,51895237041,237041
4276,42770236541,51905000000,51905236541,236541
4277,42780238375,51915000000,51915238375,238375
4278,42790236416,51925000000,51925236416,236416
4279,42800235916,51935000000,51935235916,235916
4280,42810237750,51945000000,51945237750,237750
4281,42820236083,51955000000,51955236083,236083
4282,42830236750,51965000000,51965236750,236750
4283,42840240625,51975000000,51975240625,240625
4284,42850243625,51985000000,51985243625,243625
4285,42860242250,51995000000,51995242250,242250
4286,42870239125,52005000000,52005239125,239125
4287,42880234833,52015000000,52015234833,234833
4288,42890234041,52025000000,52025234041,234041
4289,42900235875,52035000000,52035235875,235875
4290,42910240041,52045000000,52045240041,240041
4291,42920234000,52055000000,52055234000,234000
4292,42930236125,52065000000,52065236125,236125
4293,42940235333,52075000000,52075235333,235333
4294,42950236000,52085000000,52085236000,236000
4295,42960235791,52095000000,52095235791,235791
4296,42970234708,52105000000,52105234708,234708
4297,42980234208,52115000000,52115234208,234208
4298,42990234875,52125000000,52125234875,234875
4299,43000266166,52135000000,52135266166,266166
4300,43010243791,52145000000,52145243791,243791
4301,43020236291,52155000000,52155236291,236291
4302,43030237250,52165000000,52165237250,237250
4303,43040236750,52175000000,52175236750,236750
4304,43050239166,52185000000,52185239166,239166
4305,43060237791,52195000000,52195237791,237791
4306,43070236708,52205000000,52205236708,236708
4307,43080239125,52215000000,52215239125,239125
4308,43090233375,52225000000,52225233375,233375
4309,43100243375,52235000000,52235243375,243375
4310,43110242000,52245000000,52245242000,242000
4311,43120235666,52255000000,52255235666,235666
4312,43130234875,52265000000,52265234875,234875
4313,43140234958,52275000000,52275234958,234958
4314,43150235333,52285000000,52285235333,235333
4315,43160234541,52295000000,52295234541,234541
4316,43170236375,52305000000,52305236375,236375
4317,43180234708,52315000000,52315234708,234708
4318,43190233625,52325000000,52325233625,233625
4319,43200223208,52335000000,52335223208,223208
4320,43210238166,52345000000,52345238166,238166
4321,43220239708,52355000000,52355239708,239708
4322,43230237166,52365000000,52365237166,237166
4323,43240237250,52375000000,52375237250,237250
4324,43250239083,52385000000,52385239083,239083
4325,43260238000,52395000000,52395238000,238000
4326,43270236625,52405000000,52405236625,236625
4327,43280241375,52415000000,52415241375,241375
4328,43290235916,52425000000,52425235916,235916
4329,43300247958,52435000000,52435247958,247958
4330,43310237833,52445000000,52445237833,237833
4331,43320236750,52455000000,52455236750,236750
4332,43330235958,52465000000,52465235958,235958
4333,43340237500,52475000000,52475237500,237500
4334,43350239041,52485000000,52485239041,239041
4335,43360237958,52495000000,52495237958,237958
4336,43370236291,52505000000,52505236291,236291
4337,43380239291,52515000000,52515239291,239291
4338,43390238208,52525000000,52525238208,238208
4339,43400262791,52535000000,52535262791,262791
4340,43410246250,52545000000,52545246250,246250
4341,43420241958,52555000000,52555241958,241958
4342,43430240583,52565000000,52565240583,240583
4343,43440240375,52575000000,52575240375,240375
4344,43450198166,52585000000,52585198166,198166
4345,43460236458,52595000000,52595236458,236458
4346,43470237708,52605000000,52605237708,237708
4347,43480238958,52615000000,52615238958,238958
4348,43490236708,52625000000,52625236708,236708
4349,43500264500,52635000000,52635264500,264500
4350,43510240375,52645000000,52645240375,240375
4351,43520239000,52655000000,52655239000,239000
4352,43530237333,52665000000,52665237333,237333
4353,43540241500,52675000000,52675241500,241500
4354,43550236625,52685000000,52685236625,236625
4355,43560237583,52695000000,52695237583,237583
4356,43570236791,52705000000,52705236791,236791
4357,43580236583,52715000000,52715236583,236583
4358,43590235500,52725000000,52725235500,235500
4359,43600652666,52735000000,52735652666,652666
4360,43610240625,52745000000,52745240625,240625
4361,43620238958,52755000000,52755238958,238958
4362,43630239333,52765000000,52765239333,239333
4363,43640241750,52775000000,52775241750,241750
4364,43650239500,52785000000,52785239500,239500
4365,43660240458,52795000000,52795240458,240458
4366,43670239958,52805000000,52805239958,239958
4367,43680239458,52815000000,52815239458,239458
4368,43690263458,52825000000,52825263458,263458
4369,43700267625,52835000000,52835267625,267625
4370,43710238541,52845000000,52845238541,238541
4371,43720241250,52855000000,52855241250,241250
4372,43730237541,52865000000,52865237541,237541
4373,43740236458,52875000000,52875236458,236458
4374,43750237416,52885000000,52885237416,237416
4375,43760236916,52895000000,52895236916,236916
4376,43770240791,52905000000,52905240791,240791
4377,43780237958,52915000000,52915237958,237958
4378,43790236000,52925000000,52925236000,236000
4379,43800729875,52935000000,52935729875,729875
4380,43810242000,52945000000,52945242000,242000
4381,43820236541,52955000000,52955236541,236541
4382,43830238375,52965000000,52965238375,238375
4383,43840236416,52975000000,52975236416,236416
4384,43850237958,52985000000,52985237958,237958
4385,43860240958,52995000000,52995240958,240958
4386,43870237541,53005000000,53005237541,237541
4387,43880238208,53015000000,53015238208,238208
4388,43890238000,53025000000,53025238000,238000
4389,43900239250,53035000000,53035239250,239250
4390,43910240208,53045000000,53045240208,240208
4391,43920242333,53055000000,53055242333,242333
4392,43930266041,53065000000,53065266041,266041
4393,43940238416,53075000000,53075238416,238416
4394,43950245208,53085000000,53085245208,245208
4395,43960236250,53095000000,53095236250,236250
4396,43970236041,53105000000,53105236041,236041
4397,43980236416,53115000000,53115236416,236416
4398,43990237666,53125000000,53125237666,237666
4399,44000247666,53135000000,53135247666,247666
4400,44010237833,53145000000,53145237833,237833
4401,44020239375,53155000000,53155239375,239375
4402,44030237416,53165000000,53165237416,237416
4403,44040236625,53175000000,53175236625,236625
4404,44050236416,53185000000,53185236416,236416
4405,44060237666,53195000000,53195237666,237666
4406,44070237458,53205000000,53205237458,237458
4407,44080237541,53215000000,53215237541,237541
4408,44090235291,53225000000,53225235291,235291
4409,44100237125,53235000000,53235237125,237125
4410,44110237791,53245000000,53245237791,237791
4411,44120244583,53255000000,53255244583,244583
4412,44130242333,53265000000,53265242333,242333
4413,44140243291,53275000000,53275243291,243291
4414,44150241041,53285000000,53285241041,241041
4415,44160239375,53295000000,53295239375,239375
4416,44170403375,53305000000,53305403375,403375
4417,44180304875,53315000000,53315304875,304875
4418,44190234958,53325000000,53325234958,234958
4419,44200236208,53335000000,53335236208,236208
4420,44210178541,53345000000,53345178541,178541
4421,44220246000,53355000000,53355246000,246000
4422,44230238500,53365000000,53365238500,238500
4423,44240238583,53375000000,53375238583,238583
4424,44250236333,53385000000,53385236333,236333
4425,44260236708,53395000000,53395236708,236708
4426,44270243500,53405000000,53405243500,243500
4427,44280238625,53415000000,53415238625,238625
4428,44290236083,53425000000,53425236083,236083
4429,44300238500,53435000000,53435238500,238500
4430,44310237416,53445000000,53445237416,237416
4431,44320237500,53455000000,53455237500,237500
4432,44330238750,53465000000,53465238750,238750
4433,44340236500,53475000000,53475236500,236500
4434,44350237750,53485000000,53485237750,237750
4435,44360241625,53495000000,53495241625,241625
4436,44370235000,53505000000,53505235000,235000
4437,44380235083,53515000000,53515235083,235083
4438,44390241875,53525000000,53525241875,241875
4439,44400239916,53535000000,53535239916,239916
4440,44410265375,53545000000,53545265375,265375
4441,44420227541,53555000000,53555227541,227541
4442,44430235791,53565000000,53565235791,235791
4443,44440776041,53575000000,53575776041,776041
4444,44450242958,53585000000,53585242958,242958
4445,44460236916,53595000000,53595236916,236916
4446,44470240208,53605000000,53605240208,240208
4447,44480237666,53615000000,53615237666,237666
4448,44490239208,53625000000,53625239208,239208
4449,44500237541,53635000000,53635237541,237541
4450,44510238208,53645000000,53645238208,238208
4451,44520235666,53655000000,53655235666,235666
4452,44530237500,53665000000,53665237500,237500
4453,44540252458,53675000000,53675252458,252458
4454,44550237083,53685000000,53685237083,237083
4455,44560236291,53695000000,53695236291,236291
4456,44570234625,53705000000,53705234625,234625
4457,44580239083,53715000000,53715239083,239083
4458,44590233916,53725000000,53725233916,233916
4459,44600235458,53735000000,53735235458,235458
4460,44610234083,53745000000,53745234083,234083
4461,44620236500,53755000000,53755236500,236500
4462,44630234541,53765000000,53765234541,234541
4463,44640752625,53775000000,53775752625,752625
4464,44650243166,53785000000,53785243166,243166
4465,44660237125,53795000000,53795237125,237125
4466,44670236916,53805000000,53805236916,236916
4467,44680236125,53815000000,53815236125,236125
4468,44690238541,53825000000,53825238541,238541
4469,44700236875,53835000000,53835236875,236875
4470,44710240750,53845000000,53845240750,240750
4471,44720236750,53855000000,53855236750,236750
4472,44730236250,53865000000,53865236250,236250
4473,44740238375,53875000000,53875238375,238375
4474,44750238166,53885000000,53885238166,238166
4475,44760237666,53895000000,53895237666,237666
4476,44770236000,53905000000,53905236000,236000
4477,44780237250,53915000000,53915237250,237250
4478,44790234708,53925000000,53925234708,234708
4479,44800235375,53935000000,53935235375,235375
4480,44810234875,53945000000,53945234875,234875
4481,44820235250,53955000000,53955235250,235250
4482,44830235625,53965000000,53965235625,235625
4483,44840442791,53975000000,53975442791,442791
4484,44850242500,53985000000,53985242500,242500
4485,44860237625,53995000000,53995237625,237625
4486,44870236541,54005000000,54005236541,236541
4487,44880240125,54015000000,54015240125,240125
4488,44890236708,54025000000,54025236708,236708
4489,44900236500,54035000000,54035236500,236500
4490,44910238041,54045000000,54045238041,238041
4491,44920237541,54055000000,54055237541,237541
4492,44930236166,54065000000,54065236166,236166
4493,44940271541,54075000000,54075271541,271541
4494,44950237208,54085000000,54085237208,237208
4495,44960241666,54095000000,54095241666,241666
4496,44970237666,54105000000,54105237666,237666
4497,44980233958,54115000000,54115233958,233958
4498,44990233166,54125000000,54125233166,233166
4499,45000235875,54135000000,54135235875,235875
4500,45010234208,54145000000,54145234208,234208
4501,45020238375,54155000000,54155238375,238375
4502,45030236125,54165000000,54165236125,236125
4503,45040484708,54175000000,54175484708,484708
4504,45050237750,54185000000,54185237750,237750
4505,45060237541,54195000000,54195237541,237541
4506,45070236458,54205000000,54205236458,236458
4507,45080241208,54215000000,54215241208,241208
4508,45090236041,54225000000,54225236041,236041
4509,45100237875,54235000000,54235237875,237875
4510,45110237375,54245000000,54245237375,237375
4511,45120237750,54255000000,54255237750,237750
4512,45130239583,54265000000,54265239583,239583
4513,45140239083,54275000000,54275239083,239083
4514,45150237416,54285000000,54285237416,237416
4515,45160237500,54295000000,54295237500,237500
4516,45170238750,54305000000,54305238750,238750
4517,45180236208,54315000000,54315236208,236208
4518,45190235416,54325000000,54325235416,235416
4519,45200236958,54335000000,54335236958,236958
4520,45210236458,54345000000,54345236458,236458
4521,45220240041,54355000000,54355240041,240041
4522,45230235750,54365000000,54365235750,235750
4523,45240454000,54375000000,54375454000,454000
4524,45250248458,54385000000,54385248458,248458
4525,45260241541,54395000000,54395241541,241541
4526,45270240166,54405000000,54405240166,240166
4527,45280239375,54415000000,54415239375,239375
4528,45290239166,54425000000,54425239166,239166
4529,45300239250,54435000000,54435239250,239250
4530,45310284541,54445000000,54445284541,284541
4531,45320236791,54455000000,54455236791,236791
4532,45330236291,54465000000,54465236291,236291
4533,45340253583,54475000000,54475253583,253583
4534,45350236166,54485000000,54485236166,236166
4535,45360237125,54495000000,54495237125,237125
4536,45370237500,54505000000,54505237500,237500
4537,45380239916,54515000000,54515239916,239916
4538,45390237083,54525000000,54525237083,237083
4539,45400236875,54535000000,54535236875,236875
4540,45410236958,54545000000,54545236958,236958
4541,45420236458,54555000000,54555236458,236458
4542,45430238000,54565000000,54565238000,238000
4543,45440235750,54575000000,54575235750,235750
4544,45450236416,54585000000,54585236416,236416
4545,45460241750,54595000000,54595241750,241750
4546,45470238041,54605000000,54605238041,238041
4547,45480239000,54615000000,54615239000,239000
4548,45490237333,54625000000,54625237333,237333
4549,45500240625,54635000000,54635240625,240625
4550,45510241583,54645000000,54645241583,241583
4551,45520241958,54655000000,54655241958,241958
4552,45530242916,54665000000,54665242916,242916
4553,45540261083,54675000000,54675261083,261083
4554,45550236083,54685000000,54685236083,236083
4555,45560233833,54695000000,54695233833,233833
4556,45570239166,54705000000,54705239166,239166
4557,45580237791,54715000000,54715237791,237791
4558,45590237583,54725000000,54725237583,237583
4559,45600236208,54735000000,54735236208,236208
4560,45610235125,54745000000,54745235125,235125
4561,45620236666,54755000000,54755236666,236666
4562,45630237625,54765000000,54765237625,237625
4563,45640238583,54775000000,54775238583,238583
4564,45650236041,54785000000,54785236041,236041
4565,45660619666,54795000000,54795619666,619666
4566,45670237958,54805000000,54805237958,237958
4567,45680343625,54815000000,54815343625,343625
4568,45690236958,54825000000,54825236958,236958
4569,45700236458,54835000000,54835236458,236458
4570,45710236250,54845000000,54845236250,236250
4571,45720236625,54855000000,54855236625,236625
4572,45730237291,54865000000,54865237291,237291
4573,45740237958,54875000000,54875237958,237958
4574,45750236583,54885000000,54885236583,236583
4575,45760235791,54895000000,54895235791,235791
4576,45770238791,54905000000,54905238791,238791
4577,45780240333,54915000000,54915240333,240333
4578,45790239250,54925000000,54925239250,239250
4579,45800242541,54935000000,54935242541,242541
4580,45810237375,54945000000,54945237375,237375
4581,45820235125,54955000000,54955235125,235125
4582,45830238416,54965000000,54965238416,238416
4583,45840235583,54975000000,54975235583,235583
4584,45850235083,54985000000,54985235083,235083
4585,45860235166,54995000000,54995235166,235166
4586,45870234958,55005000000,55005234958,234958
4587,45881030125,55015000000,55016030125,1030125
4588,45890238916,55025000000,55025238916,238916
4589,45900240458,55035000000,55035240458,240458
4590,45910197666,55045000000,55045197666,197666
4591,45920236541,55055000000,55055236541,236541
4592,45930239250,55065000000,55065239250,239250
4593,45940236416,55075000000,55075236416,236416
4594,45950240291,55085000000,55085240291,240291
4595,45960237166,55095000000,55095237166,237166
4596,45970236958,55105000000,55105236958,236958
4597,45980239375,55115000000,55115239375,239375
4598,45990237708,55125000000,55125237708,237708
4599,46000236625,55135000000,55135236625,236625
4600,46010239041,55145000000,55145239041,239041
4601,46020235916,55155000000,55155235916,235916
4602,46030242708,55165000000,55165242708,242708
4603,46040235791,55175000000,55175235791,235791
4604,46050234125,55185000000,55185234125,234125
4605,46060234208,55195000000,55195234208,234208
4606,46070235750,55205000000,55205235750,235750
4607,46080440875,55215000000,55215440875,440875
4608,46090235625,55225000000,55225235625,235625
4609,46100234541,55235000000,55235234541,234541
4610,46110234625,55245000000,55245234625,234625
4611,46120236458,55255000000,55255236458,236458
4612,46130240625,55265000000,55265240625,240625
4613,46140264333,55275000000,55275264333,264333
4614,46150226208,55285000000,55285226208,226208
4615,46160236208,55295000000,55295236208,236208
4616,46170236291,55305000000,55305236291,236291
4617,46180236375,55315000000,55315236375,236375
4618,46190237916,55325000000,55325237916,237916
4619,46200236541,55335000000,55335236541,236541
4620,46210236333,55345000000,55345236333,236333
4621,46220236416,55355000000,55355236416,236416
4622,46230241166,55365000000,55365241166,241166
4623,46240239791,55375000000,55375239791,239791
4624,46250240166,55385000000,55385240166,240166
4625,46260265333,55395000000,55395265333,265333
4626,46270239750,55405000000,55405239750,239750
4627,46280649625,55415000000,55415649625,649625
4628,46290237000,55425000000,55425237000,237000
4629,46300236208,55435000000,55435236208,236208
4630,46310237166,55445000000,55445237166,237166
4631,46320236666,55455000000,55455236666,236666
4632,46330238500,55465000000,55465238500,238500
4633,46340235666,55475000000,55475235666,235666
4634,46350236625,55485000000,55485236625,236625
4635,46360235833,55495000000,55495235833,235833
4636,46370235916,55505000000,55505235916,235916
4637,46380238041,55515000000,55515238041,238041
4638,46390237250,55525000000,55525237250,237250
4639,46400237625,55535000000,55535237625,237625
4640,46410237708,55545000000,55545237708,237708
4641,46420237500,55555000000,55555237500,237500
4642,46430238458,55565000000,55565238458,238458
4643,46440239416,55575000000,55575239416,239416
4644,46450242125,55585000000,55585242125,242125
4645,46460240166,55595000000,55595240166,240166
4646,46470240833,55605000000,55605240833,240833
4647,46480499916,55615000000,55615499916,499916
4648,46490243041,55625000000,55625243041,243041
4649,46500239333,55635000000,55635239333,239333
4650,46510237375,55645000000,55645237375,237375
4651,46520236291,55655000000,55655236291,236291
4652,46530238708,55665000000,55665238708,238708
4653,46540239375,55675000000,55675239375,239375
4654,46550235958,55685000000,55685235958,235958
4655,46560240416,55695000000,55695240416,240416
4656,46570237000,55705000000,55705237000,237000
4657,46580256041,55715000000,55715256041,256041
4658,46590237166,55725000000,55725237166,237166
4659,46600237250,55735000000,55735237250,237250
4660,46610234708,55745000000,55745234708,234708
4661,46620237416,55755000000,55755237416,237416
4662,46630239541,55765000000,55765239541,239541
4663,46640241083,55775000000,55775241083,241083
4664,46650258666,55785000000,55785258666,258666
4665,46660236875,55795000000,55795236875,236875
4666,46670241333,55805000000,55805241333,241333
4667,46680868500,55815000000,55815868500,868500
4668,46690240333,55825000000,55825240333,240333
4669,46700236625,55835000000,55835236625,236625
4670,46710236708,55845000000,55845236708,236708
4671,46720238833,55855000000,55855238833,238833
4672,46730245625,55865000000,55865245625,245625
4673,46740236958,55875000000,55875236958,236958
4674,46750237916,55885000000,55885237916,237916
4675,46760235666,55895000000,55895235666,235666
4676,46770236916,55905000000,55905236916,236916
4677,46780244875,55915000000,55915244875,244875
4678,46790236208,55925000000,55925236208,236208
4679,46800237166,55935000000,55935237166,237166
4680,46810236375,55945000000,55945236375,236375
4681,46820239958,55955000000,55955239958,239958
4682,46830238291,55965000000,55965238291,238291
4683,46840236333,55975000000,55975236333,236333
4684,46850239625,55985000000,55985239625,239625
4685,46860241458,55995000000,55995241458,241458
4686,46870243875,56005000000,56005243875,243875
4687,46880239875,56015000000,56015239875,239875
4688,46890244041,56025000000,56025244041,244041
4689,46900245291,56035000000,56035245291,245291
4690,46910246541,56045000000,56045246541,246541
4691,46920235541,56055000000,56055235541,235541
4692,46930238833,56065000000,56065238833,238833
4693,46940236583,56075000000,56075236583,236583
4694,46950244250,56085000000,56085244250,244250
4695,46960243458,56095000000,56095243458,243458
4696,46970237416,56105000000,56105237416,237416
4697,46980236625,56115000000,56115236625,236625
4698,46990236125,56125000000,56125236125,236125
4699,47000236500,56135000000,56135236500,236500
4700,47010238333,56145000000,56145238333,238333
4701,47020237833,56155000000,56155237833,237833
4702,47030238208,56165000000,56165238208,238208
4703,47040237708,56175000000,56175237708,237708
4704,47050235458,56185000000,56185235458,235458
4705,47060234958,56195000000,56195234958,234958
4706,47070236208,56205000000,56205236208,236208
4707,47080236291,56215000000,56215236291,236291
4708,47090234625,56225000000,56225234625,234625
4709,47100235583,56235000000,56235235583,235583
4710,47110234208,56245000000,56245234208,234208
4711,47121202625,56255000000,56256202625,1202625
4712,47130242250,56265000000,56265242250,242250
4713,47140243208,56275000000,56275243208,243208
4714,47150288791,56285000000,56285288791,288791
4715,47160237250,56295000000,56295237250,237250
4716,47170239958,56305000000,56305239958,239958
4717,47180238000,56315000000,56315238000,238000
4718,47190235458,56325000000,56325235458,235458
4719,47200240791,56335000000,56335240791,240791
4720,47210237375,56345000000,56345237375,237375
4721,47220240375,56355000000,56355240375,240375
4722,47230237541,56365000000,56365237541,237541
4723,47240237041,56375000000,56375237041,237041
4724,47250239750,56385000000,56385239750,239750
4725,47260235166,56395000000,56395235166,235166
4726,47270234958,56405000000,56405234958,234958
4727,47280234458,56415000000,56415234458,234458
4728,47290235708,56425000000,56425235708,235708
4729,47300234333,56435000000,56435234333,234333
4730,47310236458,56445000000,56445236458,236458
4731,47320529083,56455000000,56455529083,529083
4732,47330260250,56465000000,56465260250,260250
4733,47340236416,56475000000,56475236416,236416
4734,47350237666,56485000000,56485237666,237666
4735,47360236583,56495000000,56495236583,236583
4736,47370240458,56505000000,56505240458,240458
4737,47380238791,56515000000,56515238791,238791
4738,47390236250,56525000000,56525236250,236250
4739,47400236625,56535000000,56535236625,236625
4740,47410236125,56545000000,56545236125,236125
4741,47420266541,56555000000,56555266541,266541
4742,47430237166,56565000000,56565237166,237166
4743,47440238708,56575000000,56575238708,238708
4744,47450236458,56585000000,56585236458,236458
4745,47460235958,56595000000,56595235958,235958
4746,47470237208,56605000000,56605237208,237208
4747,47480236708,56615000000,56615236708,236708
4748,47490235625,56625000000,56625235625,235625
4749,47500240375,56635000000,56635240375,240375
4750,47510239583,56645000000,56645239583,239583
4751,47520474458,56655000000,56655474458,474458
4752,47530248500,56665000000,56665248500,248500
4753,47540240125,56675000000,56675240125,240125
4754,47550242833,56685000000,56685242833,242833
4755,47560239708,56695000000,56695239708,239708
4756,47570241541,56705000000,56705241541,241541
4757,47580196708,56715000000,56715196708,196708
4758,47590237041,56725000000,56725237041,237041
4759,47600236833,56735000000,56735236833,236833
4760,47610238958,56745000000,56745238958,238958
4761,47620239625,56755000000,56755239625,239625
4762,47630239708,56765000000,56765239708,239708
4763,47640236875,56775000000,56775236875,236875
4764,47650236083,56785000000,56785236083,236083
4765,47660236458,56795000000,56795236458,236458
4766,47670237125,56805000000,56805237125,237125
4767,47680236333,56815000000,56815236333,236333
4768,47690238750,56825000000,56825238750,238750
4769,47700237083,56835000000,56835237083,237083
4770,47710236583,56845000000,56845236583,236583
4771,47721083083,56855000000,56856083083,1083083
4772,47730239375,56865000000,56865239375,239375
4773,47740236833,56875000000,56875236833,236833
4774,47750237208,56885000000,56885237208,237208
4775,47760238750,56895000000,56895238750,238750
4776,47770238833,56905000000,56905238833,238833
4777,47780241833,56915000000,56915241833,241833
4778,47790239875,56925000000,56925239875,239875
4779,47800242875,56935000000,56935242875,242875
4780,47810240916,56945000000,56945240916,240916
4781,47820241000,56955000000,56955241000,241000
4782,47830264416,56965000000,56965264416,264416
4783,47840238250,56975000000,56975238250,238250
4784,47850236875,56985000000,56985236875,236875
4785,47860241625,56995000000,56995241625,241625
4786,47870236750,57005000000,57005236750,236750
4787,47880237708,57015000000,57015237708,237708
4788,47890236916,57025000000,57025236916,236916
4789,47900236125,57035000000,57035236125,236125
4790,47910236500,57045000000,57045236500,236500
4791,47920203333,57055000000,57055203333,203333
4792,47930243375,57065000000,57065243375,243375
4793,47940236166,57075000000,57075236166,236166
4794,47950236541,57085000000,57085236541,236541
4795,47960236916,57095000000,57095236916,236916
4796,47970237000,57105000000,57105237000,237000
4797,47980237666,57115000000,57115237666,237666
4798,47990235708,57125000000,57125235708,235708
4799,48000236666,57135000000,57135236666,236666
4800,48010240541,57145000000,57145240541,240541
4801,48020245291,57155000000,57155245291,245291
4802,48030243625,57165000000,57165243625,243625
4803,48040242250,57175000000,57175242250,242250
4804,48050243208,57185000000,57185243208,243208
4805,48060240375,57195000000,57195240375,240375
4806,48070260291,57205000000,57205260291,260291
4807,48080236458,57215000000,57215236458,236458
4808,48090235666,57225000000,57225235666,235666
4809,48100239833,57235000000,57235239833,239833
4810,48110237291,57245000000,57245237291,237291
4811,48120389625,57255000000,57255389625,389625
4812,48130237750,57265000000,57265237750,237750
4813,48140236666,57275000000,57275236666,236666
4814,48150237041,57285000000,57285237041,237041
4815,48160235958,57295000000,57295235958,235958
4816,48170239833,57305000000,57305239833,239833
4817,48180236708,57315000000,57315236708,236708
4818,48190239416,57325000000,57325239416,239416
4819,48200237750,57335000000,57335237750,237750
4820,48210236083,57345000000,57345236083,236083
4821,48220235291,57355000000,57355235291,235291
4822,48230235958,57365000000,57365235958,235958
4823,48240235166,57375000000,57375235166,235166
4824,48250236708,57385000000,57385236708,236708
4825,48260239125,57395000000,57395239125,239125
4826,48270237166,57405000000,57405237166,237166
4827,48280236958,57415000000,57415236958,236958
4828,48290238500,57425000000,57425238500,238500
4829,48300235958,57435000000,57435235958,235958
4830,48310235750,57445000000,57445235750,235750
4831,48320240500,57455000000,57455240500,240500
4832,48330237083,57465000000,57465237083,237083
4833,48340237166,57475000000,57475237166,237166
4834,48350237833,57485000000,57485237833,237833
4835,48360238500,57495000000,57495238500,238500
4836,48370236541,57505000000,57505236541,236541
4837,48380240416,57515000000,57515240416,240416
4838,48390237291,57525000000,57525237291,237291
4839,48400236500,57535000000,57535236500,236500
4840,48410238916,57545000000,57545238916,238916
4841,48420247458,57555000000,57555247458,247458
4842,48430243166,57565000000,57565243166,243166
4843,48440242083,57575000000,57575242083,242083
4844,48450240708,57585000000,57585240708,240708
4845,48460243125,57595000000,57595243125,243125
4846,48470233583,57605000000,57605233583,233583
4847,48480236000,57615000000,57615236000,236000
4848,48490236083,57625000000,57625236083,236083
4849,48500239375,57635000000,57635239375,239375
4850,48510711083,57645000000,57645711083,711083
4851,48520237791,57655000000,57655237791,237791
4852,48530236708,57665000000,57665236708,236708
4853,48540237666,57675000000,57675237666,237666
4854,48550236875,57685000000,57685236875,236875
4855,48560239000,57695000000,57695239000,239000
4856,48570236458,57705000000,57705236458,236458
4857,48580236250,57715000000,57715236250,236250
4858,48590239250,57725000000,57725239250,239250
4859,48600236416,57735000000,57735236416,236416
4860,48610238250,57745000000,57745238250,238250
4861,48620237458,57755000000,57755237458,237458
4862,48630236666,57765000000,57765236666,236666
4863,48640237041,57775000000,57775237041,237041
4864,48650235083,57785000000,57785235083,235083
4865,48660240708,57795000000,57795240708,240708
4866,48670242541,57805000000,57805242541,242541
4867,48680240875,57815000000,57815240875,240875
4868,48690178250,57825000000,57825178250,178250
4869,48700236375,57835000000,57835236375,236375
4870,48710591125,57845000000,57845591125,591125
4871,48720237125,57855000000,57855237125,237125
4872,48730240708,57865000000,57865240708,240708
4873,48740237000,57875000000,57875237000,237000
4874,48750236791,57885000000,57885236791,236791
4875,48760237166,57895000000,57895237166,237166
4876,48770237541,57905000000,57905237541,237541
4877,48780237333,57915000000,57915237333,237333
4878,48790235375,57925000000,57925235375,235375
4879,48800240416,57935000000,57935240416,240416
4880,48810239333,57945000000,57945239333,239333
4881,48820237375,57955000000,57955237375,237375
4882,48830236875,57965000000,57965236875,236875
4883,48840237541,57975000000,57975237541,237541
4884,48850235875,57985000000,57985235875,235875
4885,48860240625,57995000000,57995240625,240625
4886,48870408708,58005000000,58005408708,408708
4887,48880362125,58015000000,58015362125,362125
4888,48890235625,58025000000,58025235625,235625
4889,48900236000,58035000000,58035236000,236000
4890,48910441708,58045000000,58045441708,441708
4891,48920240833,58055000000,58055240833,240833
4892,48930236833,58065000000,58065236833,236833
4893,48940241291,58075000000,58075241291,241291
4894,48950237583,58085000000,58085237583,237583
4895,48960238250,58095000000,58095238250,238250
4896,48970237750,58105000000,58105237750,237750
4897,48980236375,58115000000,58115236375,236375
4898,48990236458,58125000000,58125236458,236458
4899,49000237416,58135000000,58135237416,237416
4900,49010328208,58145000000,58145328208,328208
4901,49020237875,58155000000,58155237875,237875
4902,49030240000,58165000000,58165240000,240000
4903,49040236875,58175000000,58175236875,236875
4904,49050236958,58185000000,58185236958,236958
4905,49060241416,58195000000,58195241416,241416
4906,49070240041,58205000000,58205240041,240041
4907,49080261708,58215000000,58215261708,261708
4908,49090236125,58225000000,58225236125,236125
4909,49100237375,58235000000,58235237375,237375
4910,49110464666,58245000000,58245464666,464666
4911,49120239291,58255000000,58255239291,239291
4912,49130237041,58265000000,58265237041,237041
4913,49140236250,58275000000,58275236250,236250
4914,49150237791,58285000000,58285237791,237791
4915,49160239041,58295000000,58295239041,239041
4916,49170239416,58305000000,58305239416,239416
4917,49180237750,58315000000,58315237750,237750
4918,49190236083,58325000000,58325236083,236083
4919,49200238500,58335000000,58335238500,238500
4920,49210238000,58345000000,58345238000,238000
4921,49220236916,58355000000,58355236916,236916
4922,49230239041,58365000000,58365239041,239041
4923,49240236500,58375000000,58375236500,236500
4924,49250236291,58385000000,58385236291,236291
4925,49260238708,58395000000,58395238708,238708
4926,49270235875,58405000000,58405235875,235875
4927,49280240625,58415000000,58415240625,240625
4928,49290241291,58425000000,58425241291,241291
4929,49300239916,58435000000,58435239916,239916
4930,49310635208,58445000000,58445635208,635208
4931,49320239208,58455000000,58455239208,239208
4932,49330236666,58465000000,58465236666,236666
4933,49340239666,58475000000,58475239666,239666
4934,49350237125,58485000000,58485237125,237125
4935,49360236625,58495000000,58495236625,236625
4936,49370236708,58505000000,58505236708,236708
4937,49380238833,58515000000,58515238833,238833
4938,49390235708,58525000000,58525235708,235708
4939,49400240458,58535000000,58535240458,240458
4940,49410240250,58545000000,58545240250,240250
4941,49420237125,58555000000,58555237125,237125
4942,49430236916,58565000000,58565236916,236916
4943,49440236416,58575000000,58575236416,236416
4944,49450237083,58585000000,58585237083,237083
4945,49460243291,58595000000,58595243291,243291
4946,49470240458,58605000000,58605240458,240458
4947,49480238791,58615000000,58615238791,238791
4948,49490238291,58625000000,58625238291,238291
4949,49500241583,58635000000,58635241583,241583
4950,49510248958,58645000000,58645248958,248958
4951,49520240875,58655000000,58655240875,240875
4952,49530239500,58665000000,58665239500,239500
4953,49540240458,58675000000,58675240458,240458
4954,49550245791,58685000000,58685245791,245791
4955,49560234791,58695000000,58695234791,234791
4956,49570238375,58705000000,58705238375,238375
4957,49580237875,58715000000,58715237875,237875
4958,49590237666,58725000000,58725237666,237666
4959,49600236875,58735000000,58735236875,236875
4960,49610236666,58745000000,58745236666,236666
4961,49620236750,58755000000,58755236750,236750
4962,49630243833,58765000000,58765243833,243833
4963,49640237791,58775000000,58775237791,237791
4964,49650237291,58785000000,58785237291,237291
4965,49660237083,58795000000,58795237083,237083
4966,49670236291,58805000000,58805236291,236291
4967,49680236083,58815000000,58815236083,236083
4968,49690242000,58825000000,58825242000,242000
4969,49700237125,58835000000,58835237125,237125
4970,49710236916,58845000000,58845236916,236916
4971,49720233500,58855000000,58855233500,233500
4972,49730470125,58865000000,58865470125,470125
4973,49740241833,58875000000,58875241833,241833
4974,49750241041,58885000000,58885241041,241041
4975,49760241416,58895000000,58895241416,241416
4976,49770240041,58905000000,58905240041,240041
4977,49780248583,58915000000,58915248583,248583
4978,49790240500,58925000000,58925240500,240500
4979,49800243500,58935000000,58935243500,243500
4980,49810167750,58945000000,58945167750,167750
4981,49820236375,58955000000,58955236375,236375
4982,49830240541,58965000000,58965240541,240541
4983,49840237708,58975000000,58975237708,237708
4984,49850238375,58985000000,58985238375,238375
4985,49860237000,58995000000,58995237000,237000
4986,49870237666,59005000000,59005237666,237666
4987,49880235416,59015000000,59015235416,235416
4988,49890234916,59025000000,59025234916,234916
4989,49900237625,59035000000,59035237625,237625
4990,49910235375,59045000000,59045235375,235375
4991,49920236041,59055000000,59055236041,236041
4992,49930237291,59065000000,59065237291,237291
4993,49940236500,59075000000,59075236500,236500
4994,49950744958,59085000000,59085744958,744958
4995,49960243375,59095000000,59095243375,243375
4996,49970245791,59105000000,59105245791,245791
4997,49980222833,59115000000,59115222833,222833
4998,49990236625,59125000000,59125236625,236625
4999,50000238750,59135000000,59135238750,238750
5000,50010237958,59145000000,59145237958,237958
5001,50020234250,59155000000,59155234250,234250
5002,50030236666,59165000000,59165236666,236666
5003,50040236166,59175000000,59175236166,236166
5004,50050235375,59185000000,59185235375,235375
5005,50060234875,59195000000,59195234875,234875
5006,50070237875,59205000000,59205237875,237875
5007,50080240291,59215000000,59215240291,240291
5008,50090236875,59225000000,59225236875,236875
5009,50100242791,59235000000,59235242791,242791
5010,50110236458,59245000000,59245236458,236458
5011,50120234791,59255000000,59255234791,234791
5012,50130236916,59265000000,59265236916,236916
5013,50140234375,59275000000,59275234375,234375
5014,50150237375,59285000000,59285237375,237375
5015,50160234250,59295000000,59295234250,234250
5016,50170234916,59305000000,59305234916,234916
5017,50180235291,59315000000,59315235291,235291
5018,50190234208,59325000000,59325234208,234208
5019,50200255875,59335000000,59335255875,255875
5020,50210238458,59345000000,59345238458,238458
5021,50220236208,59355000000,59355236208,236208
5022,50230240083,59365000000,59365240083,240083
5023,50240236666,59375000000,59375236666,236666
5024,50250239958,59385000000,59385239958,239958
5025,50260237125,59395000000,59395237125,237125
5026,50270236333,59405000000,59405236333,236333
5027,50280236416,59415000000,59415236416,236416
5028,50290235916,59425000000,59425235916,235916
5029,50300248541,59435000000,59435248541,248541
5030,50310236375,59445000000,59445236375,236375
5031,50320237333,59455000000,59455237333,237333
5032,50330238000,59465000000,59465238000,238000
5033,50340236916,59475000000,59475236916,236916
5034,50350237875,59485000000,59485237875,237875
5035,50360239416,59495000000,59495239416,239416
5036,50370237166,59505000000,59505237166,237166
5037,50380238125,59515000000,59515238125,238125
5038,50390241708,59525000000,59525241708,241708
5039,50400723333,59535000000,59535723333,723333
5040,50410241000,59545000000,59545241000,241000
5041,50420242833,59555000000,59555242833,242833
5042,50430239125,59565000000,59565239125,239125
5043,50440239791,59575000000,59575239791,239791
5044,50450262041,59585000000,59585262041,262041
5045,50460237625,59595000000,59595237625,237625
5046,50470237125,59605000000,59605237125,237125
5047,50480238083,59615000000,59615238083,238083
5048,50490236708,59625000000,59625236708,236708
5049,50500347916,59635000000,59635347916,347916
5050,50510240666,59645000000,59645240666,240666
5051,50520235500,59655000000,59655235500,235500
5052,50530256000,59665000000,59665256000,256000
5053,50540234791,59675000000,59675234791,234791
5054,50550241291,59685000000,59685241291,241291
5055,50560240208,59695000000,59695240208,240208
5056,50570261000,59705000000,59705261000,261000
5057,50580235416,59715000000,59715235416,235416
5058,50590242500,59725000000,59725242500,242500
5059,50601027750,59735000000,59736027750,1027750
5060,50610238000,59745000000,59745238000,238000
5061,50620236916,59755000000,59755236916,236916
5062,50630237583,59765000000,59765237583,237583
5063,50640237375,59775000000,59775237375,237375
5064,50650239791,59785000000,59785239791,239791
5065,50660236375,59795000000,59795236375,236375
5066,50670236458,59805000000,59805236458,236458
5067,50680235666,59815000000,59815235666,235666
5068,50690235166,59825000000,59825235166,235166
5069,50700239041,59835000000,59835239041,239041
5070,50710237083,59845000000,59845237083,237083
5071,50720236875,59855000000,59855236875,236875
5072,50730236958,59865000000,59865236958,236958
5073,50740237916,59875000000,59875237916,237916
5074,50750240625,59885000000,59885240625,240625
5075,50760239833,59895000000,59895239833,239833
5076,50770242250,59905000000,59905242250,242250
5077,50780240291,59915000000,59915240291,240291
5078,50790240083,59925000000,59925240083,240083
5079,50800849458,59935000000,59935849458,849458
5080,50810239375,59945000000,59945239375,239375
5081,50820235958,59955000000,59955235958,235958
5082,50830240125,59965000000,59965240125,240125
5083,50840237875,59975000000,59975237875,237875
5084,50850239416,59985000000,59985239416,239416
5085,50860236875,59995000000,59995236875,236875
5086,50870237250,60005000000,60005237250,237250
5087,50880237916,60015000000,60015237916,237916
5088,50890236833,60025000000,60025236833,236833
5089,50900276000,60035000000,60035276000,276000
5090,50910238166,60045000000,60045238166,238166
5091,50920237083,60055000000,60055237083,237083
5092,50930236291,60065000000,60065236291,236291
5093,50940236666,60075000000,60075236666,236666
5094,50950238208,60085000000,60085238208,238208
5095,50960237125,60095000000,60095237125,237125
5096,50970238375,60105000000,60105238375,238375
5097,50980242541,60115000000,60115242541,242541
5098,50990240583,60125000000,60125240583,240583
5099,51000241541,60135000000,60135241541,241541
5100,51010240166,60145000000,60145240166,240166
5101,51020240833,60155000000,60155240833,240833
5102,51030240041,60165000000,60165240041,240041
5103,51040193458,60175000000,60175193458,193458
5104,51050238750,60185000000,60185238750,238750
5105,51060236791,60195000000,60195236791,236791
5106,51070239791,60205000000,60205239791,239791
5107,51080237541,60215000000,60215237541,237541
5108,51090236750,60225000000,60225236750,236750
5109,51100238291,60235000000,60235238291,238291
5110,51110236625,60245000000,60245236625,236625
5111,51120234375,60255000000,60255234375,234375
5112,51130237958,60265000000,60265237958,237958
5113,51140236000,60275000000,60275236000,236000
5114,51150236958,60285000000,60285236958,236958
5115,51160237625,60295000000,60295237625,237625
5116,51170235083,60305000000,60305235083,235083
5117,51180235458,60315000000,60315235458,235458
5118,51190236708,60325000000,60325236708,236708
5119,51200236791,60335000000,60335236791,236791
5120,51210237166,60345000000,60345237166,237166
5121,51220236666,60355000000,60355236666,236666
5122,51230239375,60365000000,60365239375,239375
5123,51240662958,60375000000,60375662958,662958
5124,51250237500,60385000000,60385237500,237500
5125,51260235833,60395000000,60395235833,235833
5126,51270237666,60405000000,60405237666,237666
5127,51280235416,60415000000,60415235416,235416
5128,51290237541,60425000000,60425237541,237541
5129,51300237333,60435000000,60435237333,237333
5130,51310235666,60445000000,60445235666,235666
5131,51320237208,60455000000,60455237208,237208
5132,51330236708,60465000000,60465236708,236708
5133,51340239125,60475000000,60475239125,239125
5134,51350241833,60485000000,60485241833,241833
5135,51360242208,60495000000,60495242208,242208
5136,51370242875,60505000000,60505242875,242875
5137,51380236250,60515000000,60515236250,236250
5138,51390239833,60525000000,60525239833,239833
5139,51400240208,60535000000,60535240208,240208
5140,51410267416,60545000000,60545267416,267416
5141,51420243875,60555000000,60555243875,243875
5142,51430236375,60565000000,60565236375,236375
5143,51440442375,60575000000,60575442375,442375
5144,51450245291,60585000000,60585245291,245291
5145,51460238083,60595000000,60595238083,238083
5146,51470237000,60605000000,60605237000,237000
5147,51480236791,60615000000,60615236791,236791
5148,51490238333,60625000000,60625238333,238333
5149,51500237833,60635000000,60635237833,237833
5150,51510237333,60645000000,60645237333,237333
5151,51520236541,60655000000,60655236541,236541
5152,51530238375,60665000000,60665238375,238375
5153,51540264708,60675000000,60675264708,264708
5154,51550238541,60685000000,60685238541,238541
5155,51560236583,60695000000,60695236583,236583
5156,51570237250,60705000000,60705237250,237250
5157,51580235291,60715000000,60715235291,235291
5158,51590239458,60725000000,60725239458,239458
5159,51600242166,60735000000,60735242166,242166
5160,51610243125,60745000000,60745243125,243125
5161,51620211125,60755000000,60755211125,211125
5162,51630236583,60765000000,60765236583,236583
5163,51640512000,60775000000,60775512000,512000
5164,51650238208,60785000000,60785238208,238208
5165,51660236833,60795000000,60795236833,236833
5166,51670238958,60805000000,60805238958,238958
5167,51680237291,60815000000,60815237291,237291
5168,51690240291,60825000000,60825240291,240291
5169,51700237750,60835000000,60835237750,237750
5170,51710236958,60845000000,60845236958,236958
5171,51720236166,60855000000,60855236166,236166
5172,51730237708,60865000000,60865237708,237708
5173,51740238666,60875000000,60875238666,238666
5174,51750238166,60885000000,60885238166,238166
5175,51760238250,60895000000,60895238250,238250
5176,51770236583,60905000000,60905236583,236583
5177,51780239291,60915000000,60915239291,239291
5178,51790235875,60925000000,60925235875,235875
5179,51800239750,60935000000,60935239750,239750
5180,51810239833,60945000000,60945239833,239833
5181,51820242833,60955000000,60955242833,242833
5182,51830240000,60965000000,60965240000,240000
5183,51840720458,60975000000,60975720458,720458
5184,51850240166,60985000000,60985240166,240166
5185,51860238208,60995000000,60995238208,238208
5186,51870236541,61005000000,61005236541,236541
5187,51880236333,61015000000,61015236333,236333
5188,51890235833,61025000000,61025235833,235833
5189,51900239125,61035000000,61035239125,239125
5190,51910237166,61045000000,61045237166,237166
5191,51920237541,61055000000,61055237541,237541
5192,51930236750,61065000000,61065236750,236750
5193,51940239166,61075000000,61075239166,239166
5194,51950236625,61085000000,61085236625,236625
5195,51960238458,61095000000,61095238458,238458
5196,51970237083,61105000000,61105237083,237083
5197,51980236291,61115000000,61115236291,236291
5198,51990236666,61125000000,61125236666,236666
5199,52000236750,61135000000,61135236750,236750
5200,52010243250,61145000000,61145243250,243250
5201,52020241000,61155000000,61155241000,241000
5202,52030241083,61165000000,61165241083,241083
5203,52040452041,61175000000,61175452041,452041
5204,52050247375,61185000000,61185247375,247375
5205,52060239583,61195000000,61195239583,239583
5206,52070241416,61205000000,61205241416,241416
5207,52080188708,61215000000,61215188708,188708
5208,52090238666,61225000000,61225238666,238666
5209,52100236708,61235000000,61235236708,236708
5210,52110238250,61245000000,61245238250,238250
5211,52120236000,61255000000,61255236000,236000
5212,52130239875,61265000000,61265239875,239875
5213,52140252208,61275000000,61275252208,252208
5214,52150237416,61285000000,61285237416,237416
5215,52160236625,61295000000,61295236625,236625
5216,52170237000,61305000000,61305237000,237000
5217,52180236208,61315000000,61315236208,236208
5218,52190236875,61325000000,61325236875,236875
5219,52200237833,61335000000,61335237833,237833
5220,52210236458,61345000000,61345236458,236458
5221,52220235958,61355000000,61355235958,235958
5222,52230236041,61365000000,61365236041,236041
5223,52240227083,61375000000,61375227083,227083
5224,52250243208,61385000000,61385243208,243208
5225,52260238625,61395000000,61395238625,238625
5226,52270237250,61405000000,61405237250,237250
5227,52280239375,61415000000,61415239375,239375
5228,52290248791,61425000000,61425248791,248791
5229,52300241000,61435000000,61435241000,241000
5230,52310239916,61445000000,61445239916,239916
5231,52320239708,61455000000,61455239708,239708
5232,52330240083,61465000000,61465240083,240083
5233,52340275458,61475000000,61475275458,275458
5234,52350221583,61485000000,61485221583,221583
5235,52360237416,61495000000,61495237416,237416
5236,52370236625,61505000000,61505236625,236625
5237,52380239625,61515000000,61515239625,239625
5238,52390236208,61525000000,61525236208,236208
5239,52400240958,61535000000,61535240958,240958
5240,52410241041,61545000000,61545241041,241041
5241,52420237333,61555000000,61555237333,237333
5242,52430236250,61565000000,61565236250,236250
5243,52440237791,61575000000,61575237791,237791
5244,52450236125,61585000000,61585236125,236125
5245,52460244666,61595000000,61595244666,244666
5246,52470241250,61605000000,61605241250,241250
5247,52480238708,61615000000,61615238708,238708
5248,52490236458,61625000000,61625236458,236458
5249,52500237416,61635000000,61635237416,237416
5250,52510243916,61645000000,61645243916,243916
5251,52520239916,61655000000,61655239916,239916
5252,52530243791,61665000000,61665243791,243791
5253,52540242125,61675000000,61675242125,242125
5254,52550241625,61685000000,61685241625,241625
5255,52560239666,61695000000,61695239666,239666
5256,52570240625,61705000000,61705240625,240625
5257,52580242166,61715000000,61715242166,242166
5258,52590239333,61725000000,61725239333,239333
5259,52600240583,61735000000,61735240583,240583
5260,52610235125,61745000000,61745235125,235125
5261,52620234916,61755000000,61755234916,234916
5262,52630236166,61765000000,61765236166,236166
5263,52640236833,61775000000,61775236833,236833
5264,52650235750,61785000000,61785235750,235750
5265,52660235541,61795000000,61795235541,235541
5266,52670235041,61805000000,61805235041,235041
5267,52680236000,61815000000,61815236000,236000
5268,52690239291,61825000000,61825239291,239291
5269,52700235583,61835000000,61835235583,235583
5270,52710236833,61845000000,61845236833,236833
5271,52720234875,61855000000,61855234875,234875
5272,52730260916,61865000000,61865260916,260916
5273,52740238541,61875000000,61875238541,238541
5274,52750237750,61885000000,61885237750,237750
5275,52760236375,61895000000,61895236375,236375
5276,52770238500,61905000000,61905238500,238500
5277,52780239458,61915000000,61915239458,239458
5278,52790238083,61925000000,61925238083,238083
5279,52800237291,61935000000,61935237291,237291
5280,52810236500,61945000000,61945236500,236500
5281,52820237166,61955000000,61955237166,237166
5282,52830247750,61965000000,61965247750,247750
5283,52840238500,61975000000,61975238500,238500
5284,52850235083,61985000000,61985235083,235083
5285,52860235750,61995000000,61995235750,235750
5286,52870236416,62005000000,62005236416,236416
5287,52880236500,62015000000,62015236500,236500
5288,52890235125,62025000000,62025235125,235125
5289,52900236083,62035000000,62035236083,236083
5290,52910234708,62045000000,62045234708,234708
5291,52920235083,62055000000,62055235083,235083
5292,52930650791,62065000000,62065650791,650791
5293,52940238750,62075000000,62075238750,238750
5294,52950237375,62085000000,62085237375,237375
5295,52960239791,62095000000,62095239791,239791
5296,52970237250,62105000000,62105237250,237250
5297,52980239083,62115000000,62115239083,239083
5298,52990237416,62125000000,62125237416,237416
5299,53000236625,62135000000,62135236625,236625
5300,53010237583,62145000000,62145237583,237583
5301,53020236791,62155000000,62155236791,236791
5302,53030238916,62165000000,62165238916,238916
5303,53040239291,62175000000,62175239291,239291
5304,53050237041,62185000000,62185237041,237041
5305,53060237708,62195000000,62195237708,237708
5306,53070235458,62205000000,62205235458,235458
5307,53080234958,62215000000,62215234958,234958
5308,53090235916,62225000000,62225235916,235916
5309,53100235708,62235000000,62235235708,235708
5310,53110235208,62245000000,62245235208,235208
5311,53120235583,62255000000,62255235583,235583
5312,53130630000,62265000000,62265630000,630000
5313,53140239541,62275000000,62275239541,239541
5314,53150243708,62285000000,62285243708,243708
5315,53160238541,62295000000,62295238541,238541
5316,53170236583,62305000000,62305236583,236583
5317,53180235208,62315000000,62315235208,235208
5318,53190237916,62325000000,62325237916,237916
5319,53200236541,62335000000,62335236541,236541
5320,53210236916,62345000000,62345236916,236916
5321,53220237000,62355000000,62355237000,237000
5322,53230305916,62365000000,62365305916,305916
5323,53240239791,62375000000,62375239791,239791
5324,53250236375,62385000000,62385236375,236375
5325,53260240833,62395000000,62395240833,240833
5326,53270235666,62405000000,62405235666,235666
5327,53280235166,62415000000,62415235166,235166
5328,53290235250,62425000000,62425235250,235250
5329,53300234750,62435000000,62435234750,234750
5330,53310234541,62445000000,62445234541,234541
5331,53320236666,62455000000,62455236666,236666
5332,53330534541,62465000000,62465534541,534541
5333,53340240041,62475000000,62475240041,240041
5334,53350236333,62485000000,62485236333,236333
5335,53360236708,62495000000,62495236708,236708
5336,53370236500,62505000000,62505236500,236500
5337,53380239500,62515000000,62515239500,239500
5338,53390236666,62525000000,62525236666,236666
5339,53400236750,62535000000,62535236750,236750
5340,53410235958,62545000000,62545235958,235958
5341,53420236916,62555000000,62555236916,236916
5342,53430238458,62565000000,62565238458,238458
5343,53440241166,62575000000,62575241166,241166
5344,53450237458,62585000000,62585237458,237458
5345,53460237541,62595000000,62595237541,237541
5346,53470237916,62605000000,62605237916,237916
5347,53480236541,62615000000,62615236541,236541
5348,53490235750,62625000000,62625235750,235750
5349,53500239916,62635000000,62635239916,239916
5350,53510238833,62645000000,62645238833,238833
5351,53520241541,62655000000,62655241541,241541
5352,53530685250,62665000000,62665685250,685250
5353,53540245791,62675000000,62675245791,245791
5354,53550240916,62685000000,62685240916,240916
5355,53560242166,62695000000,62695242166,242166
5356,53570239916,62705000000,62705239916,239916
5357,53580181083,62715000000,62715181083,181083
5358,53590237458,62725000000,62725237458,237458
5359,53600236375,62735000000,62735236375,236375
5360,53610236750,62745000000,62745236750,236750
5361,53620236250,62755000000,62755236250,236250
5362,53630242750,62765000000,62765242750,242750
5363,53640240500,62775000000,62775240500,240500
5364,53650237375,62785000000,62785237375,237375
5365,53660237458,62795000000,62795237458,237458
5366,53670236083,62805000000,62805236083,236083
5367,53680238208,62815000000,62815238208,238208
5368,53690235958,62825000000,62825235958,235958
5369,53700235458,62835000000,62835235458,235458
5370,53710237291,62845000000,62845237291,237291
5371,53720236208,62855000000,62855236208,236208
5372,53730236291,62865000000,62865236291,236291
5373,53740238125,62875000000,62875238125,238125
5374,53750240250,62885000000,62885240250,240250
5375,53760240333,62895000000,62895240333,240333
5376,53770245375,62905000000,62905245375,245375
5377,53780241375,62915000000,62915241375,241375
5378,53790240000,62925000000,62925240000,240000
5379,53800243291,62935000000,62935243291,243291
5380,53810244250,62945000000,62945244250,244250
5381,53820239666,62955000000,62955239666,239666
5382,53830191333,62965000000,62965191333,191333
5383,53840178291,62975000000,62975178291,178291
5384,53850234666,62985000000,62985234666,234666
5385,53860239416,62995000000,62995239416,239416
5386,53870236291,63005000000,63005236291,236291
5387,53880237250,63015000000,63015237250,237250
5388,53890237916,63025000000,63025237916,237916
5389,53900235083,63035000000,63035235083,235083
5390,53910235750,63045000000,63045235750,235750
5391,53920237875,63055000000,63055237875,237875
5392,53930237375,63065000000,63065237375,237375
5393,53940238041,63075000000,63075238041,238041
5394,53950237541,63085000000,63085237541,237541
5395,53960241708,63095000000,63095241708,241708
5396,53970657416,63105000000,63105657416,657416
5397,53980238375,63115000000,63115238375,238375
5398,53990237000,63125000000,63125237000,237000
5399,54000237375,63135000000,63135237375,237375
5400,54010236000,63145000000,63145236000,236000
5401,54020238708,63155000000,63155238708,238708
5402,54030237916,63165000000,63165237916,237916
5403,54040236250,63175000000,63175236250,236250
5404,54050236625,63185000000,63185236625,236625
5405,54060236416,63195000000,63195236416,236416
5406,54070238541,63205000000,63205238541,238541
5407,54080241833,63215000000,63215241833,241833
5408,54090242208,63225000000,63225242208,242208
5409,54100242583,63235000000,63235242583,242583
5410,54110237708,63245000000,63245237708,237708
5411,54120241000,63255000000,63255241000,241000
5412,54130240500,63265000000,63265240500,240500
5413,54140200041,63275000000,63275200041,200041
5414,54150237750,63285000000,63285237750,237750
5415,54160236958,63295000000,63295236958,236958
5416,54170494583,63305000000,63305494583,494583
5417,54180242958,63315000000,63315242958,242958
5418,54190238666,63325000000,63325238666,238666
5419,54200236708,63335000000,63335236708,236708
5420,54210236500,63345000000,63345236500,236500
5421,54220238041,63355000000,63355238041,238041
5422,54230237250,63365000000,63365237250,237250
5423,54240237625,63375000000,63375237625,237625
5424,54250236541,63385000000,63385236541,236541
5425,54260240125,63395000000,63395240125,240125
5426,54270265000,63405000000,63405265000,265000
5427,54280237666,63415000000,63415237666,237666
5428,54290236583,63425000000,63425236583,236583
5429,54300236666,63435000000,63435236666,236666
5430,54310234708,63445000000,63445234708,234708
5431,54320242083,63455000000,63455242083,242083
5432,54330236916,63465000000,63465236916,236916
5433,54340234958,63475000000,63475234958,234958
5434,54350235916,63485000000,63485235916,235916
5435,54360235708,63495000000,63495235708,235708
5436,54370241625,63505000000,63505241625,241625
5437,54380240250,63515000000,63515240250,240250
5438,54390197458,63525000000,63525197458,197458
5439,54400242166,63535000000,63535242166,242166
5440,54410237583,63545000000,63545237583,237583
5441,54420259541,63555000000,63555259541,259541
5442,54430238041,63565000000,63565238041,238041
5443,54440240166,63575000000,63575240166,240166
5444,54450237041,63585000000,63585237041,237041
5445,54460238583,63595000000,63595238583,238583
5446,54470237500,63605000000,63605237500,237500
5447,54480237583,63615000000,63615237583,237583
5448,54490236791,63625000000,63625236791,236791
5449,54500236583,63635000000,63635236583,236583
5450,54510240750,63645000000,63645240750,240750
5451,54520247833,63655000000,63655247833,247833
5452,54530238291,63665000000,63665238291,238291
5453,54540236916,63675000000,63675236916,236916
5454,54550238458,63685000000,63685238458,238458
5455,54560237083,63695000000,63695237083,237083
5456,54570238916,63705000000,63705238916,238916
5457,54580236375,63715000000,63715236375,236375
5458,54590238208,63725000000,63725238208,238208
5459,54600241500,63735000000,63735241500,241500
5460,54610240416,63745000000,63745240416,240416
5461,54620256250,63755000000,63755256250,256250
5462,54630246708,63765000000,63765246708,246708
5463,54640240375,63775000000,63775240375,240375
5464,54650246000,63785000000,63785246000,246000
5465,54660218666,63795000000,63795218666,218666
5466,54670239458,63805000000,63805239458,239458
5467,54680236333,63815000000,63815236333,236333
5468,54690241083,63825000000,63825241083,241083
5469,54700238250,63835000000,63835238250,238250
5470,54710236875,63845000000,63845236875,236875
5471,54720264083,63855000000,63855264083,264083
5472,54730238208,63865000000,63865238208,238208
5473,54740240041,63875000000,63875240041,240041
5474,54750240125,63885000000,63885240125,240125
5475,54760237875,63895000000,63895237875,237875
5476,54770235916,63905000000,63905235916,235916
5477,54780240375,63915000000,63915240375,240375
5478,54790235500,63925000000,63925235500,235500
5479,54800240250,63935000000,63935240250,240250
5480,54810237416,63945000000,63945237416,237416
5481,54820208916,63955000000,63955208916,208916
5482,54830241083,63965000000,63965241083,241083
5483,54840238833,63975000000,63975238833,238833
5484,54850239791,63985000000,63985239791,239791
5485,54860243958,63995000000,63995243958,243958
5486,54870240833,64005000000,64005240833,240833
5487,54880242083,64015000000,64015242083,242083
5488,54890239833,64025000000,64025239833,239833
5489,54900239916,64035000000,64035239916,239916
5490,54910261875,64045000000,64045261875,261875
5491,54920243291,64055000000,64055243291,243291
5492,54930235791,64065000000,64065235791,235791
5493,54940237041,64075000000,64075237041,237041
5494,54950238000,64085000000,64085238000,238000
5495,54960236333,64095000000,64095236333,236333
5496,54970237000,64105000000,64105237000,237000
5497,54980238250,64115000000,64115238250,238250
5498,54990236000,64125000000,64125236000,236000
5499,55000237833,64135000000,64135237833,237833
5500,55010236458,64145000000,64145236458,236458
5501,55020243833,64155000000,64155243833,243833
5502,55030236916,64165000000,64165236916,236916
5503,55040236416,64175000000,64175236416,236416
5504,55050237666,64185000000,64185237666,237666
5505,55060238625,64195000000,64195238625,238625
5506,55070248916,64205000000,64205248916,248916
5507,55080237333,64215000000,64215237333,237333
5508,55090238291,64225000000,64225238291,238291
5509,55100240125,64235000000,64235240125,240125
5510,55110241958,64245000000,64245241958,241958
5511,55120240291,64255000000,64255240291,240291
5512,55130241833,64265000000,64265241833,241833
5513,55140242208,64275000000,64275242208,242208
5514,55150243166,64285000000,64285243166,243166
5515,55160166250,64295000000,64295166250,166250
5516,55170239250,64305000000,64305239250,239250
5517,55180236416,64315000000,64315236416,236416
5518,55190236791,64325000000,64325236791,236791
5519,55200242708,64335000000,64335242708,242708
5520,55210238708,64345000000,64345238708,238708
5521,55220237041,64355000000,64355237041,237041
5522,55230235958,64365000000,64365235958,235958
5523,55240243333,64375000000,64375243333,243333
5524,55250237291,64385000000,64385237291,237291
5525,55260239708,64395000000,64395239708,239708
5526,55270236583,64405000000,64405236583,236583
5527,55280235791,64415000000,64415235791,235791
5528,55290245208,64425000000,64425245208,245208
5529,55300240041,64435000000,64435240041,240041
5530,55310242458,64445000000,64445242458,242458
5531,55320240500,64455000000,64455240500,240500
5532,55330240583,64465000000,64465240583,240583
5533,55340239500,64475000000,64475239500,239500
5534,55350243375,64485000000,64485243375,243375
5535,55360266791,64495000000,64495266791,266791
5536,55370236250,64505000000,64505236250,236250
5537,55380239250,64515000000,64515239250,239250
5538,55390234958,64525000000,64525234958,234958
5539,55400235916,64535000000,64535235916,235916
5540,55410235416,64545000000,64545235416,235416
5541,55420235208,64555000000,64555235208,235208
5542,55430235000,64565000000,64565235000,235000
5543,55440234791,64575000000,64575234791,234791
5544,55450237791,64585000000,64585237791,237791
5545,55460433000,64595000000,64595433000,433000
5546,55470247583,64605000000,64605247583,247583
5547,55480202166,64615000000,64615202166,202166
5548,55490236666,64625000000,64625236666,236666
5549,55500240833,64635000000,64635240833,240833
5550,55510239750,64645000000,64645239750,239750
5551,55520238083,64655000000,64655238083,238083
5552,55530236416,64665000000,64665236416,236416
5553,55540236500,64675000000,64675236500,236500
5554,55550241250,64685000000,64685241250,241250
5555,55560284208,64695000000,64695284208,284208
5556,55570237333,64705000000,64705237333,237333
5557,55580235958,64715000000,64715235958,235958
5558,55590234875,64725000000,64725234875,234875
5559,55600235250,64735000000,64735235250,235250
5560,55610241750,64745000000,64745241750,241750
5561,55620234250,64755000000,64755234250,234250
5562,55630235500,64765000000,64765235500,235500
5563,55640234708,64775000000,64775234708,234708
5564,55650237416,64785000000,64785237416,237416
5565,55660240708,64795000000,64795240708,240708
5566,55670241375,64805000000,64805241375,241375
5567,55680206458,64815000000,64815206458,206458
5568,55690239208,64825000000,64825239208,239208
5569,55700236375,64835000000,64835236375,236375
5570,55710437708,64845000000,64845437708,437708
5571,55720238000,64855000000,64855238000,238000
5572,55730236333,64865000000,64865236333,236333
5573,55740236416,64875000000,64875236416,236416
5574,55750237958,64885000000,64885237958,237958
5575,55760239500,64895000000,64895239500,239500
5576,55770237250,64905000000,64905237250,237250
5577,55780237333,64915000000,64915237333,237333
5578,55790236250,64925000000,64925236250,236250
5579,55800236333,64935000000,64935236333,236333
5580,55810237875,64945000000,64945237875,237875
5581,55820239708,64955000000,64955239708,239708
5582,55830237458,64965000000,64965237458,237458
5583,55840236375,64975000000,64975236375,236375
5584,55850242875,64985000000,64985242875,242875
5585,55860236250,64995000000,64995236250,236250
5586,55870240125,65005000000,65005240125,240125
5587,55880242541,65015000000,65015242541,242541
5588,55890240000,65025000000,65025240000,240000
5589,55900239500,65035000000,65035239500,239500
5590,55910778875,65045000000,65045778875,778875
5591,55920237916,65055000000,65055237916,237916
5592,55930236833,65065000000,65065236833,236833
5593,55940238666,65075000000,65075238666,238666
5594,55950241666,65085000000,65085241666,241666
5595,55960239416,65095000000,65095239416,239416
5596,55970238916,65105000000,65105238916,238916
5597,55980236375,65115000000,65115236375,236375
5598,55990238791,65125000000,65125238791,238791
5599,56000237708,65135000000,65135237708,237708
5600,56010239250,65145000000,65145239250,239250
5601,56020237291,65155000000,65155237291,237291
5602,56030237666,65165000000,65165237666,237666
5603,56040238333,65175000000,65175238333,238333
5604,56050241916,65185000000,65185241916,241916
5605,56060236750,65195000000,65195236750,236750
5606,56070240625,65205000000,65205240625,240625
5607,56080239250,65215000000,65215239250,239250
5608,56090241083,65225000000,65225241083,241083
5609,56100244375,65235000000,65235244375,244375
5610,56110526500,65245000000,65245526500,526500
5611,56120240166,65255000000,65255240166,240166
5612,56130237916,65265000000,65265237916,237916
5613,56140237125,65275000000,65275237125,237125
5614,56150239250,65285000000,65285239250,239250
5615,56160800791,65295000000,65295800791,800791
5616,56170247875,65305000000,65305247875,247875
5617,56180257583,65315000000,65315257583,257583
5618,56190235791,65325000000,65325235791,235791
5619,56200237916,65335000000,65335237916,237916
5620,56210236541,65345000000,65345236541,236541
5621,56220237791,65355000000,65355237791,237791
5622,56230235541,65365000000,65365235541,235541
5623,56240236208,65375000000,65375236208,236208
5624,56250239208,65385000000,65385239208,239208
5625,56260237833,65395000000,65395237833,237833
5626,56270242000,65405000000,65405242000,242000
5627,56280234208,65415000000,65415234208,234208
5628,56290236625,65425000000,65425236625,236625
5629,56300234958,65435000000,65435234958,234958
5630,56310242916,65445000000,65445242916,242916
5631,56320235708,65455000000,65455235708,235708
5632,56330234625,65465000000,65465234625,234625
5633,56340234708,65475000000,65475234708,234708
5634,56350238000,65485000000,65485238000,238000
5635,56360241291,65495000000,65495241291,241291
5636,56370159125,65505000000,65505159125,159125
5637,56380236500,65515000000,65515236500,236500
5638,56390236000,65525000000,65525236000,236000
5639,56400236375,65535000000,65535236375,236375
5640,56410240250,65545000000,65545240250,240250
5641,56420237416,65555000000,65555237416,237416
5642,56430240416,65565000000,65565240416,240416
5643,56440237875,65575000000,65575237875,237875
5644,56450241166,65585000000,65585241166,241166
5645,56460238333,65595000000,65595238333,238333
5646,56470236666,65605000000,65605236666,236666
5647,56480237041,65615000000,65615237041,237041
5648,56490237125,65625000000,65625237125,237125
5649,56500236625,65635000000,65635236625,236625
5650,56510236125,65645000000,65645236125,236125
5651,56520235041,65655000000,65655235041,235041
5652,56530234541,65665000000,65665234541,234541
5653,56540236958,65675000000,65675236958,236958
5654,56550239666,65685000000,65685239666,239666
5655,56560235083,65695000000,65695235083,235083
5656,56570235166,65705000000,65705235166,235166
5657,56580235833,65715000000,65715235833,235833
5658,56590242916,65725000000,65725242916,242916
5659,56600236583,65735000000,65735236583,236583
5660,56610239583,65745000000,65745239583,239583
5661,56620237625,65755000000,65755237625,237625
5662,56630275333,65765000000,65765275333,275333
5663,56640237500,65775000000,65775237500,237500
5664,56650259166,65785000000,65785259166,259166
5665,56660237083,65795000000,65795237083,237083
5666,56670238916,65805000000,65805238916,238916
5667,56680245125,65815000000,65815245125,245125
5668,56690236458,65825000000,65825236458,236458
5669,56700235375,65835000000,65835235375,235375
5670,56710236041,65845000000,65845236041,236041
5671,56720234666,65855000000,65855234666,234666
5672,56730244958,65865000000,65865244958,244958
5673,56740235125,65875000000,65875235125,235125
5674,56750240750,65885000000,65885240750,240750
5675,56760243750,65895000000,65895243750,243750
5676,56770235666,65905000000,65905235666,235666
5677,56780234875,65915000000,65915234875,234875
5678,56790234375,65925000000,65925234375,234375
5679,56800235333,65935000000,65935235333,235333
5680,56810236000,65945000000,65945236000,236000
5681,56820237541,65955000000,65955237541,237541
5682,56830237625,65965000000,65965237625,237625
5683,56840235666,65975000000,65975235666,235666
5684,56850945666,65985000000,65985945666,945666
5685,56860246333,65995000000,65995246333,246333
5686,56870238250,66005000000,66005238250,238250
5687,56880236291,66015000000,66015236291,236291
5688,56890238416,66025000000,66025238416,238416
5689,56900238791,66035000000,66035238791,238791
5690,56910236250,66045000000,66045236250,236250
5691,56920237208,66055000000,66055237208,237208
5692,56930236416,66065000000,66065236416,236416
5693,56940236208,66075000000,66075236208,236208
5694,56950254958,66085000000,66085254958,254958
5695,56960240166,66095000000,66095240166,240166
5696,56970241125,66105000000,66105241125,241125
5697,56980236250,66115000000,66115236250,236250
5698,56990234291,66125000000,66125234291,234291
5699,57000243125,66135000000,66135243125,243125
5700,57010240291,66145000000,66145240291,240291
5701,57020163375,66155000000,66155163375,163375
5702,57030236666,66165000000,66165236666,236666
5703,57040236458,66175000000,66175236458,236458
5704,57050236833,66185000000,66185236833,236833
5705,57060237791,66195000000,66195237791,237791
5706,57070236416,66205000000,66205236416,236416
5707,57080236500,66215000000,66215236500,236500
5708,57090236875,66225000000,66225236875,236875
5709,57100288291,66235000000,66235288291,288291
5710,57110243166,66245000000,66245243166,243166
5711,57120239458,66255000000,66255239458,239458
5712,57130238083,66265000000,66265238083,238083
5713,57140237291,66275000000,66275237291,237291
5714,57150239708,66285000000,66285239708,239708
5715,57160238625,66295000000,66295238625,238625
5716,57170237833,66305000000,66305237833,237833
5717,57180237333,66315000000,66315237333,237333
5718,57190235958,66325000000,66325235958,235958
5719,57200250625,66335000000,66335250625,250625
5720,57210243125,66345000000,66345243125,243125
5721,57220240291,66355000000,66355240291,240291
5722,57230242416,66365000000,66365242416,242416
5723,57240241041,66375000000,66375241041,241041
5724,57250531041,66385000000,66385531041,531041
5725,57260280000,66395000000,66395280000,280000
5726,57270257625,66405000000,66405257625,257625
5727,57280235833,66415000000,66415235833,235833
5728,57290240291,66425000000,66425240291,240291
5729,57300238625,66435000000,66435238625,238625
5730,57310237250,66445000000,66445237250,237250
5731,57320237625,66455000000,66455237625,237625
5732,57330236833,66465000000,66465236833,236833
5733,57340236625,66475000000,66475236625,236625
5734,57350240208,66485000000,66485240208,240208
5735,57360236791,66495000000,66495236791,236791
5736,57370237750,66505000000,66505237750,237750
5737,57380236666,66515000000,66515236666,236666
5738,57390235583,66525000000,66525235583,235583
5739,57400235958,66535000000,66535235958,235958
5740,57410237208,66545000000,66545237208,237208
5741,57420236125,66555000000,66555236125,236125
5742,57430236791,66565000000,66565236791,236791
5743,57440237166,66575000000,66575237166,237166
5744,57450322125,66585000000,66585322125,322125
5745,57460248416,66595000000,66595248416,248416
5746,57470240625,66605000000,66605240625,240625
5747,57480240708,66615000000,66615240708,240708
5748,57490239916,66625000000,66625239916,239916
5749,57500242041,66635000000,66635242041,242041
5750,57510239208,66645000000,66645239208,239208
5751,57520190583,66655000000,66655190583,190583
5752,57530237333,66665000000,66665237333,237333
5753,57540236250,66675000000,66675236250,236250
5754,57550274833,66685000000,66685274833,274833
5755,57560239916,66695000000,66695239916,239916
5756,57570235625,66705000000,66705235625,235625
5757,57580240375,66715000000,66715240375,240375
5758,57590236958,66725000000,66725236958,236958
5759,57600238208,66735000000,66735238208,238208
5760,57610237708,66745000000,66745237708,237708
5761,57620236625,66755000000,66755236625,236625
5762,57630236708,66765000000,66765236708,236708
5763,57640237083,66775000000,66775237083,237083
5764,57651099333,66785000000,66786099333,1099333
5765,57660239000,66795000000,66795239000,239000
5766,57670236166,66805000000,66805236166,236166
5767,57680236541,66815000000,66815236541,236541
5768,57690238666,66825000000,66825238666,238666
5769,57700238458,66835000000,66835238458,238458
5770,57710241750,66845000000,66845241750,241750
5771,57720241250,66855000000,66855241250,241250
5772,57730240166,66865000000,66865240166,240166
5773,57740239666,66875000000,66875239666,239666
5774,57750245583,66885000000,66885245583,245583
5775,57760263750,66895000000,66895263750,263750
5776,57770237000,66905000000,66905237000,237000
5777,57780239708,66915000000,66915239708,239708
5778,57790238916,66925000000,66925238916,238916
5779,57800238416,66935000000,66935238416,238416
5780,57810236458,66945000000,66945236458,236458
5781,57820239750,66955000000,66955239750,239750
5782,57830236333,66965000000,66965236333,236333
5783,57840241083,66975000000,66975241083,241083
5784,57850397208,66985000000,66985397208,397208
5785,57860238625,66995000000,66995238625,238625
5786,57870236375,67005000000,67005236375,236375
5787,57880235875,67015000000,67015235875,235875
5788,57890236541,67025000000,67025236541,236541
5789,57900236041,67035000000,67035236041,236041
5790,57910236708,67045000000,67045236708,236708
5791,57920239416,67055000000,67055239416,239416
5792,57930237458,67065000000,67065237458,237458
5793,57940240166,67075000000,67075240166,240166
5794,57950246666,67085000000,67085246666,246666
5795,57960235666,67095000000,67095235666,235666
5796,57970234583,67105000000,67105234583,234583
5797,57980242250,67115000000,67115242250,242250
5798,57990238833,67125000000,67125238833,238833
5799,58000237166,67135000000,67135237166,237166
5800,58010237833,67145000000,67145237833,237833
5801,58020238791,67155000000,67155238791,238791
5802,58030235666,67165000000,67165235666,235666
5803,58040241583,67175000000,67175241583,241583
5804,58050238458,67185000000,67185238458,238458
5805,58060236791,67195000000,67195236791,236791
5806,58070238625,67205000000,67205238625,238625
5807,58080237541,67215000000,67215237541,237541
5808,58090237625,67225000000,67225237625,237625
5809,58100238000,67235000000,67235238000,238000
5810,58110237791,67245000000,67245237791,237791
5811,58120237583,67255000000,67255237583,237583
5812,58130236791,67265000000,67265236791,236791
5813,58140238041,67275000000,67275238041,238041
5814,58150242500,67285000000,67285242500,242500
5815,58160246666,67295000000,67295246666,246666
5816,58170240625,67305000000,67305240625,240625
5817,58180240125,67315000000,67315240125,240125
5818,58190239916,67325000000,67325239916,239916
5819,58200245541,67335000000,67335245541,245541
5820,58210235125,67345000000,67345235125,235125
5821,58220239291,67355000000,67355239291,239291
5822,58230237625,67365000000,67365237625,237625
5823,58240464625,67375000000,67375464625,464625
5824,58250243916,67385000000,67385243916,243916
5825,58260238458,67395000000,67395238458,238458
5826,58270236208,67405000000,67405236208,236208
5827,58280238916,67415000000,67415238916,238916
5828,58290239583,67425000000,67425239583,239583
5829,58300238791,67435000000,67435238791,238791
5830,58310236833,67445000000,67445236833,236833
5831,58320237208,67455000000,67455237208,237208
5832,58330236416,67465000000,67465236416,236416
5833,58340238833,67475000000,67475238833,238833
5834,58350238041,67485000000,67485238041,238041
5835,58360235791,67495000000,67495235791,235791
5836,58370234708,67505000000,67505234708,234708
5837,58380234500,67515000000,67515234500,234500
5838,58390240125,67525000000,67525240125,240125
5839,58400240500,67535000000,67535240500,240500
5840,58410242916,67545000000,67545242916,242916
5841,58420236000,67555000000,67555236000,236000
5842,58430236958,67565000000,67565236958,236958
5843,58440706625,67575000000,67575706625,706625
5844,58450238875,67585000000,67585238875,238875
5845,58460238958,67595000000,67595238958,238958
5846,58470237000,67605000000,67605237000,237000
5847,58480239708,67615000000,67615239708,239708
5848,58490236875,67625000000,67625236875,236875
5849,58500238416,67635000000,67635238416,238416
5850,58510236458,67645000000,67645236458,236458
5851,58520235375,67655000000,67655235375,235375
5852,58530233708,67665000000,67665233708,233708
5853,58540273750,67675000000,67675273750,273750
5854,58550235625,67685000000,67685235625,235625
5855,58560237458,67695000000,67695237458,237458
5856,58570234916,67705000000,67705234916,234916
5857,58580234416,67715000000,67715234416,234416
5858,58590240625,67725000000,67725240625,240625
5859,58600241000,67735000000,67735241000,241000
5860,58610185375,67745000000,67745185375,185375
5861,58620236791,67755000000,67755236791,236791
5862,58630239791,67765000000,67765239791,239791
5863,58640966708,67775000000,67775966708,966708
5864,58650238500,67785000000,67785238500,238500
5865,58660241791,67795000000,67795241791,241791
5866,58670238375,67805000000,67805238375,238375
5867,58680237291,67815000000,67815237291,237291
5868,58690239125,67825000000,67825239125,239125
5869,58700236875,67835000000,67835236875,236875
5870,58710240166,67845000000,67845240166,240166
5871,58720237625,67855000000,67855237625,237625
5872,58730236833,67865000000,67865236833,236833
5873,58740239541,67875000000,67875239541,239541
5874,58750240208,67885000000,67885240208,240208
5875,58760237666,67895000000,67895237666,237666
5876,58770238625,67905000000,67905238625,238625
5877,58780235791,67915000000,67915235791,235791
5878,58790240541,67925000000,67925240541,240541
5879,58800239458,67935000000,67935239458,239458
5880,58810247416,67945000000,67945247416,247416
5881,58820235250,67955000000,67955235250,235250
5882,58830240000,67965000000,67965240000,240000
5883,58840875333,67975000000,67975875333,875333
5884,58850240750,67985000000,67985240750,240750
5885,58860237041,67995000000,67995237041,237041
5886,58870235958,68005000000,68005235958,235958
5887,58880239541,68015000000,68015239541,239541
5888,58890239625,68025000000,68025239625,239625
5889,58900236791,68035000000,68035236791,236791
5890,58910236583,68045000000,68045236583,236583
5891,58920237833,68055000000,68055237833,237833
5892,58930236458,68065000000,68065236458,236458
5893,58940276791,68075000000,68075276791,276791
5894,58950238666,68085000000,68085238666,238666
5895,58960237875,68095000000,68095237875,237875
5896,58970236500,68105000000,68105236500,236500
5897,58980236000,68115000000,68115236000,236000
5898,58990239000,68125000000,68125239000,239000
5899,59000239666,68135000000,68135239666,239666
5900,59010243250,68145000000,68145243250,243250
5901,59020241583,68155000000,68155241583,241583
5902,59030240791,68165000000,68165240791,240791
5903,59040527000,68175000000,68175527000,527000
5904,59050240083,68185000000,68185240083,240083
5905,59060238416,68195000000,68195238416,238416
5906,59070239958,68205000000,68205239958,239958
5907,59080242083,68215000000,68215242083,242083
5908,59090240416,68225000000,68225240416,240416
5909,59100240208,68235000000,68235240208,240208
5910,59110238541,68245000000,68245238541,238541
5911,59120238333,68255000000,68255238333,238333
5912,59130236958,68265000000,68265236958,236958
5913,59140684750,68275000000,68275684750,684750
5914,59150161000,68285000000,68285161000,161000
5915,59160238375,68295000000,68295238375,238375
5916,59170239625,68305000000,68305239625,239625
5917,59180242625,68315000000,68315242625,242625
5918,59190245041,68325000000,68325245041,245041
5919,59200237541,68335000000,68335237541,237541
5920,59210238500,68345000000,68345238500,238500
5921,59220235083,68355000000,68355235083,235083
5922,59230234291,68365000000,68365234291,234291
5923,59240293583,68375000000,68375293583,293583
5924,59250238541,68385000000,68385238541,238541
5925,59260236583,68395000000,68395236583,236583
5926,59270239291,68405000000,68405239291,239291
5927,59280234708,68415000000,68415234708,234708
5928,59290234791,68425000000,68425234791,234791
5929,59300237208,68435000000,68435237208,237208
5930,59310240791,68445000000,68445240791,240791
5931,59320235333,68455000000,68455235333,235333
5932,59330235416,68465000000,68465235416,235416
5933,59340234916,68475000000,68475234916,234916
5934,59350235291,68485000000,68485235291,235291
5935,59360238000,68495000000,68495238000,238000
5936,59370239250,68505000000,68505239250,239250
5937,59380237291,68515000000,68515237291,237291
5938,59390236500,68525000000,68525236500,236500
5939,59400238041,68535000000,68535238041,238041
5940,59410245416,68545000000,68545245416,245416
5941,59420236750,68555000000,68555236750,236750
5942,59430236250,68565000000,68565236250,236250
5943,59440234583,68575000000,68575234583,234583
5944,59450234958,68585000000,68585234958,234958
5945,59460236208,68595000000,68595236208,236208
5946,59470236875,68605000000,68605236875,236875
5947,59480239583,68615000000,68615239583,239583
5948,59490241708,68625000000,68625241708,241708
5949,59500240625,68635000000,68635240625,240625
5950,59510240125,68645000000,68645240125,240125
5951,59520242541,68655000000,68655242541,242541
5952,59530242041,68665000000,68665242041,242041
5953,59540261958,68675000000,68675261958,261958
5954,59550236083,68685000000,68685236083,236083
5955,59560235291,68695000000,68695235291,235291
5956,59570236541,68705000000,68705236541,236541
5957,59580236333,68715000000,68715236333,236333
5958,59590240500,68725000000,68725240500,240500
5959,59600237375,68735000000,68735237375,237375
5960,59610236291,68745000000,68745236291,236291
5961,59620236958,68755000000,68755236958,236958
5962,59630236166,68765000000,68765236166,236166
5963,59640239750,68775000000,68775239750,239750
5964,59650236625,68785000000,68785236625,236625
5965,59660237875,68795000000,68795237875,237875
5966,59670238250,68805000000,68805238250,238250
5967,59680273916,68815000000,68815273916,273916
5968,59690240750,68825000000,68825240750,240750
5969,59700236166,68835000000,68835236166,236166
5970,59710238000,68845000000,68845238000,238000
5971,59720235750,68855000000,68855235750,235750
5972,59730238458,68865000000,68865238458,238458
5973,59740240875,68875000000,68875240875,240875
5974,59750241833,68885000000,68885241833,241833
5975,59760241625,68895000000,68895241625,241625
5976,59770237916,68905000000,68905237916,237916
5977,59780249958,68915000000,68915249958,249958
5978,59790265208,68925000000,68925265208,265208
5979,59800235833,68935000000,68935235833,235833
5980,59810234458,68945000000,68945234458,234458
5981,59820236291,68955000000,68955236291,236291
5982,59830241041,68965000000,68965241041,241041
5983,59840196208,68975000000,68975196208,196208
5984,59850239750,68985000000,68985239750,239750
5985,59860237500,68995000000,68995237500,237500
5986,59870237875,69005000000,69005237875,237875
5987,59880450291,69015000000,69015450291,450291
5988,59890241541,69025000000,69025241541,241541
5989,59900236666,69035000000,69035236666,236666
5990,59910237916,69045000000,69045237916,237916
5991,59920236541,69055000000,69055236541,236541
5992,59930238375,69065000000,69065238375,238375
5993,59940237583,69075000000,69075237583,237583
5994,59950236791,69085000000,69085236791,236791
5995,59960242125,69095000000,69095242125,242125
5996,59970159958,69105000000,69105159958,159958
5997,59980330083,69115000000,69115330083,330083
5998,59990237708,69125000000,69125237708,237708
5999,60000238375,69135000000,69135238375,238375
