sequence,timestamp_ns,deadline_ns,actual_ns,jitter_ns
0,10247708,7790000083,7790247791,247708
1,20247208,7800000083,7800247291,247208
2,30246708,7810000083,7810246791,246708
3,40245041,7820000083,7820245125,245042
4,50248625,7830000083,7830248708,248625
5,60246083,7840000083,7840246166,246083
6,70245583,7850000083,7850245666,245583
7,80246833,7860000083,7860246916,246833
8,90246333,7870000083,7870246416,246333
9,100246125,7880000083,7880246208,246125
10,110248541,7890000083,7890248625,248542
11,120246291,7900000083,7900246375,246292
12,130246083,7910000083,7910246166,246083
13,140247041,7920000083,7920247125,247042
14,150246250,7930000083,7930246333,246250
15,160246916,7940000083,7940247000,246917
16,170244958,7950000083,7950245041,244958
17,180246791,7960000083,7960246875,246792
18,190249791,7970000083,7970249875,249792
19,200248416,7980000083,7980248500,248417
20,210249375,7990000083,7990249458,249375
21,220250041,8000000083,8000250125,250042
22,230249541,8010000083,8010249625,249542
23,240249041,8020000083,8020249125,249042
24,250249708,8030000083,8030249791,249708
25,260607958,8040000083,8040608041,607958
26,270322791,8050000083,8050322875,322792
27,280246166,8060000083,8060246250,246167
28,290246833,8070000083,8070246916,246833
29,300246041,8080000083,8080246125,246042
30,310244375,8090000083,8090244458,244375
31,320245916,8100000083,8100246000,245917
32,330247166,8110000083,8110247250,247167
33,340246375,8120000083,8120246458,246375
34,350246166,8130000083,8130246250,246167
35,360246833,8140000083,8140246916,246833
36,370245166,8150000083,8150245250,245167
37,380245833,8160000083,8160245916,245833
38,390246500,8170000083,8170246583,246500
39,400247458,8180000083,8180247541,247458
40,410245208,8190000083,8190245291,245208
41,420245000,8200000083,8200245083,245000
42,430245666,8210000083,8210245750,245667
43,440247500,8220000083,8220247583,247500
44,450248166,8230000083,8230248250,248167
45,460250875,8240000083,8240250958,250875
46,470250375,8250000083,8250250458,250375
47,480250750,8260000083,8260250833,250750
48,490249083,8270000083,8270249166,249083
49,500249750,8280000083,8280249833,249750
50,510581166,8290000083,8290581250,581167
51,520244958,8300000083,8300245041,244958
52,530241250,8310000083,8310241333,241250
53,540246291,8320000083,8320246375,246292
54,550246958,8330000083,8330247041,246958
55,560245000,8340000083,8340245083,245000
56,570249166,8350000083,8350249250,249167
57,580245750,8360000083,8360245833,245750
58,590246125,8370000083,8370246208,246125
59,600246208,8380000083,8380246291,246208
60,610247458,8390000083,8390247541,247458
61,620245791,8400000083,8400245875,245792
62,630246166,8410000083,8410246250,246167
63,640246541,8420000083,8420246625,246542
64,650246333,8430000083,8430246416,246333
65,660246416,8440000083,8440246500,246417
66,670245916,8450000083,8450246000,245917
67,680245708,8460000083,8460245791,245708
68,690248125,8470000083,8470248208,248125
69,700246750,8480000083,8480246833,246750
70,710248291,8490000083,8490248375,248292
71,720249541,8500000083,8500249625,249542
72,730261000,8510000083,8510261083,261000
73,740250875,8520000083,8520250958,250875
74,750254166,8530000083,8530254250,254167
75,760394250,8540000083,8540394333,394250
76,770245875,8550000083,8550245958,245875
77,780245666,8560000083,8560245750,245667
78,790246916,8570000083,8570247000,246917
79,800247291,8580000083,8580247375,247292
80,810246500,8590000083,8590246583,246500
81,820246000,8600000083,8600246083,246000
82,830245500,8610000083,8610245583,245500
83,840246166,8620000083,8620246250,246167
84,850248875,8630000083,8630248958,248875
85,860245166,8640000083,8640245250,245167
86,870247291,8650000083,8650247375,247292
87,880245916,8660000083,8660246000,245917
88,890246291,8670000083,8670246375,246292
89,900245791,8680000083,8680245875,245792
90,910245875,8690000083,8690245958,245875
91,920245375,8700000083,8700245458,245375
92,930242541,8710000083,8710242625,242542
93,940252250,8720000083,8720252333,252250
94,950246500,8730000083,8730246583,246500
95,960248041,8740000083,8740248125,248042
96,970247250,8750000083,8750247333,247250
97,980250250,8760000083,8760250333,250250
98,990251208,8770000083,8770251291,251208
99,1000250416,8780000083,8780250500,250417
100,1010251958,8790000083,8790252041,251958
101,1020483916,8800000083,8800484000,483917
102,1030303750,8810000083,8810303833,303750
103,1040246083,8820000083,8820246166,246083
104,1050248500,8830000083,8830248583,248500
105,1060245666,8840000083,8840245750,245667
106,1070247208,8850000083,8850247291,247208
107,1080246125,8860000083,8860246208,246125
108,1090245916,8870000083,8870246000,245917
109,1100246291,8880000083,8880246375,246292
110,1110245500,8890000083,8890245583,245500
111,1120248791,8900000083,8900248875,248792
112,1130241875,8910000083,8910241958,241875
113,1140245458,8920000083,8920245541,245458
114,1150249041,8930000083,8930249125,249042
115,1160247083,8940000083,8940247166,247083
116,1170245708,8950000083,8950245791,245708
117,1180248125,8960000083,8960248208,248125
118,1190245583,8970000083,8970245666,245583
119,1200245666,8980000083,8980245750,245667
120,1210245750,8990000083,8990245833,245750
121,1220247875,9000000083,9000247958,247875
122,1230246500,9010000083,9010246583,246500
123,1240253291,9020000083,9020253375,253292
124,1250250166,9030000083,9030250250,250167
125,1260249375,9040000083,9040249458,249375
126,1270250333,9050000083,9050250416,250333
127,1280362125,9060000083,9060362208,362125
128,1290244375,9070000083,9070244458,244375
129,1300249416,9080000083,9080249500,249417
130,1310246000,9090000083,9090246083,246000
131,1320246083,9100000083,9100246166,246083
132,1330242666,9110000083,9110242750,242667
133,1340246541,9120000083,9120246625,246542
134,1350247500,9130000083,9130247583,247500
135,1360247291,9140000083,9140247375,247292
136,1370245916,9150000083,9150246000,245917
137,1380245708,9160000083,9160245791,245708
138,1390246375,9170000083,9170246458,246375
139,1400245291,9180000083,9180245375,245292
140,1410248291,9190000083,9190248375,248292
141,1420246041,9200000083,9200246125,246042
142,1430246125,9210000083,9210246208,246125
143,1440246500,9220000083,9220246583,246500
144,1450248041,9230000083,9230248125,248042
145,1460245500,9240000083,9240245583,245500
146,1470249375,9250000083,9250249458,249375
147,1480247708,9260000083,9260247791,247708
148,1490252458,9270000083,9270252541,252458
149,1500745166,9280000083,9280745250,745167
150,1510250000,9290000083,9290250083,250000
151,1520456583,9300000083,9300456666,456583
152,1530326000,9310000083,9310326083,326000
153,1540245291,9320000083,9320245375,245292
154,1550282125,9330000083,9330282208,282125
155,1560245458,9340000083,9340245541,245458
156,1570245833,9350000083,9350245916,245833
157,1580246791,9360000083,9360246875,246792
158,1590254458,9370000083,9370254541,254458
159,1600246375,9380000083,9380246458,246375
160,1610245291,9390000083,9390245375,245292
161,1620249166,9400000083,9400249250,249167
162,1630245750,9410000083,9410245833,245750
163,1640245833,9420000083,9420245916,245833
164,1650507250,9430000083,9430507333,507250
165,1660245708,9440000083,9440245791,245708
166,1670246375,9450000083,9450246458,246375
167,1680242958,9460000083,9460243041,242958
168,1690244208,9470000083,9470244291,244208
169,1700248375,9480000083,9480248458,248375
170,1710245541,9490000083,9490245625,245542
171,1720244166,9500000083,9500244250,244167
172,1730243958,9510000083,9510244041,243958
173,1740243750,9520000083,9520243833,243750
174,1750244708,9530000083,9530244791,244708
175,1760247708,9540000083,9540247791,247708
176,1770244000,9550000083,9550244083,244000
177,1780243791,9560000083,9560243875,243792
178,1790243583,9570000083,9570243666,243583
179,1800243083,9580000083,9580243166,243083
180,1810257750,9590000083,9590257833,257750
181,1820242958,9600000083,9600243041,242958
182,1830243333,9610000083,9610243416,243333
183,1840244000,9620000083,9620244083,244000
184,1850254875,9630000083,9630254958,254875
185,1860246500,9640000083,9640246583,246500
186,1870248041,9650000083,9650248125,248042
187,1880243458,9660000083,9660243541,243458
188,1890243541,9670000083,9670243625,243542
189,1900243333,9680000083,9680243416,243333
190,1910253041,9690000083,9690253125,253042
191,1920249041,9700000083,9700249125,249042
192,1930244458,9710000083,9710244541,244458
193,1940246291,9720000083,9720246375,246292
194,1950243750,9730000083,9730243833,243750
195,1960243833,9740000083,9740243916,243833
196,1970243916,9750000083,9750244000,243917
197,1980243708,9760000083,9760243791,243708
198,1990245541,9770000083,9770245625,245542
199,2000243875,9780000083,9780243958,243875
200,2010243958,9790000083,9790244041,243958
201,2020244625,9800000083,9800244708,244625
202,2030251708,9810000083,9810251791,251708
203,2040248000,9820000083,9820248083,248000
204,2050249250,9830000083,9830249333,249250
205,2060251083,9840000083,9840251166,251083
206,2070250291,9850000083,9850250375,250292
207,2080249208,9860000083,9860249291,249208
208,2090415541,9870000083,9870415625,415542
209,2100320250,9880000083,9880320333,320250
210,2110249166,9890000083,9890249250,249167
211,2120241666,9900000083,9900241750,241667
212,2130246125,9910000083,9910246208,246125
213,2140245625,9920000083,9920245708,245625
214,2150243958,9930000083,9930244041,243958
215,2160244041,9940000083,9940244125,244042
216,2170247041,9950000083,9950247125,247042
217,2180243916,9960000083,9960244000,243917
218,2190244875,9970000083,9970244958,244875
219,2200243208,9980000083,9980243291,243208
220,2210243875,9990000083,9990243958,243875
221,2220245416,10000000083,10000245500,245417
222,2230246083,10010000083,10010246166,246083
223,2240246750,10020000083,10020246833,246750
224,2250248291,10030000083,10030248375,248292
225,2260248958,10040000083,10040249041,248958
226,2270248458,10050000083,10050248541,248458
227,2280250583,10060000083,10060250666,250583
228,2290249791,10070000083,10070249875,249792
229,2300251333,10080000083,10080251416,251333
230,2310238875,10090000083,10090238958,238875
231,2320712041,10100000083,10100712125,712042
232,2330245166,10110000083,10110245250,245167
233,2340245833,10120000083,10120245916,245833
234,2350247083,10130000083,10130247166,247083
235,2360243666,10140000083,10140243750,243667
236,2370248708,10150000083,10150248791,248708
237,2380246166,10160000083,10160246250,246167
238,2390245958,10170000083,10170246041,245958
239,2400247791,10180000083,10180247875,247792
240,2410248166,10190000083,10190248250,248167
241,2420247666,10200000083,10200247750,247667
242,2430251833,10210000083,10210251916,251833
243,2440249583,10220000083,10220249666,249583
244,2450249958,10230000083,10230250041,249958
245,2460250041,10240000083,10240250125,250042
246,2470655833,10250000083,10250655916,655833
247,2480317291,10260000083,10260317375,317292
248,2490248833,10270000083,10270248916,248833
249,2500246291,10280000083,10280246375,246292
250,2510246083,10290000083,10290246166,246083
251,2520249083,10300000083,10300249166,249083
252,2530246250,10310000083,10310246333,246250
253,2540248958,10320000083,10320249041,248958
254,2550245541,10330000083,10330245625,245542
255,2560246500,10340000083,10340246583,246500
256,2570241916,10350000083,10350242000,241917
257,2580247833,10360000083,10360247916,247833
258,2590245875,10370000083,10370245958,245875
259,2600248000,10380000083,10380248083,248000
260,2610246041,10390000083,10390246125,246042
261,2620245541,10400000083,10400245625,245542
262,2630245916,10410000083,10410246000,245917
263,2640246583,10420000083,10420246666,246583
264,2650245500,10430000083,10430245583,245500
265,2660247041,10440000083,10440247125,247042
266,2670249166,10450000083,10450249250,249167
267,2680249250,10460000083,10460249333,249250
268,2690251375,10470000083,10470251458,251375
269,2700250291,10480000083,10480250375,250292
270,2710252125,10490000083,10490252208,252125
271,2720428375,10500000083,10500428458,428375
272,2730477750,10510000083,10510477833,477750
273,2740245375,10520000083,10520245458,245375
274,2750246333,10530000083,10530246416,246333
275,2760246125,10540000083,10540246208,246125
276,2770241833,10550000083,10550241916,241833
277,2780248333,10560000083,10560248416,248333
278,2790246375,10570000083,10570246458,246375
279,2800245875,10580000083,10580245958,245875
280,2810246541,10590000083,10590246625,246542
281,2820246333,10600000083,10600246416,246333
282,2830249333,10610000083,10610249416,249333
283,2840245625,10620000083,10620245708,245625
284,2850245708,10630000083,10630245791,245708
285,2860246375,10640000083,10640246458,246375
286,2870252875,10650000083,10650252958,252875
287,2880250041,10660000083,10660250125,250042
288,2890248958,10670000083,10670249041,248958
289,2900278208,10680000083,10680278291,278208
290,2910337791,10690000083,10690337875,337792
291,2920246583,10700000083,10700246666,246583
292,2930246375,10710000083,10710246458,246375
293,2940245583,10720000083,10720245666,245583
294,2950248000,10730000083,10730248083,248000
295,2960247791,10740000083,10740247875,247792
296,2970249916,10750000083,10750250000,249917
297,2980245333,10760000083,10760245416,245333
298,2990244250,10770000083,10770244333,244250
299,3000244625,10780000083,10780244708,244625
300,3010242958,10790000083,10790243041,242958
301,3020242458,10800000083,10800242541,242458
302,3030245458,10810000083,10810245541,245458
303,3040244375,10820000083,10820244458,244375
304,3050244750,10830000083,10830244833,244750
305,3060244250,10840000083,10840244333,244250
306,3070245500,10850000083,10850245583,245500
307,3080249375,10860000083,10860249458,249375
308,3090245083,10870000083,10870245166,245083
309,3100244000,10880000083,10880244083,244000
310,3110244666,10890000083,10890244750,244667
311,3120622750,10900000083,10900622833,622750
312,3130243666,10910000083,10910243750,243667
313,3140245208,10920000083,10920245291,245208
314,3150250250,10930000083,10930250333,250250
315,3160249458,10940000083,10940249541,249458
316,3170250708,10950000083,10950250791,250708
317,3180468958,10960000083,10960469041,468958
318,3190317666,10970000083,10970317750,317667
319,3200247458,10980000083,10980247541,247458
320,3210246666,10990000083,10990246750,246667
321,3220243250,11000000083,11000243333,243250
322,3230244791,11010000083,11010244875,244792
323,3240252458,11020000083,11020252541,252458
324,3250247583,11030000083,11030247666,247583
325,3260249708,11040000083,11040249791,249708
326,3270243958,11050000083,11050244041,243958
327,3280243458,11060000083,11060243541,243458
328,3290243250,11070000083,11070243333,243250
329,3300244208,11080000083,11080244291,244208
330,3310248375,11090000083,11090248458,248375
331,3320248750,11100000083,11100248833,248750
332,3330244166,11110000083,11110244250,244167
333,3340243958,11120000083,11120244041,243958
334,3350245500,11130000083,11130245583,245500
335,3360246750,11140000083,11140246833,246750
336,3370243625,11150000083,11150243708,243625
337,3380243125,11160000083,11160243208,243125
338,3390244083,11170000083,11170244166,244083
339,3400243583,11180000083,11180243666,243583
340,3410245708,11190000083,11190245791,245708
341,3420246666,11200000083,11200246750,246667
342,3430244125,11210000083,11210244208,244125
343,3440243916,11220000083,11220244000,243917
344,3450243708,11230000083,11230243791,243708
345,3460244666,11240000083,11240244750,244667
346,3470245041,11250000083,11250245125,245042
347,3480243666,11260000083,11260243750,243667
348,3490243750,11270000083,11270243833,243750
349,3500244416,11280000083,11280244500,244417
350,3510242750,11290000083,11290242833,242750
351,3520248375,11300000083,11300248458,248375
352,3530253125,11310000083,11310253208,253125
353,3540244458,11320000083,11320244541,244458
354,3550244250,11330000083,11330244333,244250
355,3560245791,11340000083,11340245875,245792
356,3570243833,11350000083,11350243916,243833
357,3580243625,11360000083,11360243708,243625
358,3590244000,11370000083,11370244083,244000
359,3600244083,11380000083,11380244166,244083
360,3610247083,11390000083,11390247166,247083
361,3620245708,11400000083,11400245791,245708
362,3630245791,11410000083,11410245875,245792
363,3640249375,11420000083,11420249458,249375
364,3650248000,11430000083,11430248083,248000
365,3660248666,11440000083,11440248750,248667
366,3670250208,11450000083,11450250291,250208
367,3680250291,11460000083,11460250375,250292
368,3690249500,11470000083,11470249583,249500
369,3700249291,11480000083,11480249375,249292
370,3710769416,11490000083,11490769500,769417
371,3720245083,11500000083,11500245166,245083
372,3730248958,11510000083,11510249041,248958
373,3740247000,11520000083,11520247083,247000
374,3750244750,11530000083,11530244833,244750
375,3760246000,11540000083,11540246083,246000
376,3770245500,11550000083,11550245583,245500
377,3780243250,11560000083,11560243333,243250
378,3790246250,11570000083,11570246333,246250
379,3800244875,11580000083,11580244958,244875
380,3810243791,11590000083,11590243875,243792
381,3820245625,11600000083,11600245708,245625
382,3830246583,11610000083,11610246666,246583
383,3840246375,11620000083,11620246458,246375
384,3850250833,11630000083,11630250916,250833
385,3860249166,11640000083,11640249250,249167
386,3870250708,11650000083,11650250791,250708
387,3880249916,11660000083,11660250000,249917
388,3890250291,11670000083,11670250375,250292
389,3900249791,11680000083,11680249875,249792
390,3910597541,11690000083,11690597625,597542
391,3920244125,11700000083,11700244208,244125
392,3930245375,11710000083,11710245458,245375
393,3940247208,11720000083,11720247291,247208
394,3950245250,11730000083,11730245333,245250
395,3960241833,11740000083,11740241916,241833
396,3970249208,11750000083,11750249291,249208
397,3980246375,11760000083,11760246458,246375
398,3990244125,11770000083,11770244208,244125
399,4000244208,11780000083,11780244291,244208
400,4010245458,11790000083,11790245541,245458
401,4020244958,11800000083,11800245041,244958
402,4030243583,11810000083,11810243666,243583
403,4040243666,11820000083,11820243750,243667
404,4050243166,11830000083,11830243250,243167
405,4060248208,11840000083,11840248291,248208
406,4070245958,11850000083,11850246041,245958
407,4080247500,11860000083,11860247583,247500
408,4090249041,11870000083,11870249125,249042
409,4100247958,11880000083,11880248041,247958
410,4110250958,11890000083,11890251041,250958
411,4120249291,11900000083,11900249375,249292
412,4130248791,11910000083,11910248875,248792
413,4140251208,11920000083,11920251291,251208
414,4150492208,11930000083,11930492291,492208
415,4160284333,11940000083,11940284416,284333
416,4170245625,11950000083,11950245708,245625
417,4180246583,11960000083,11960246666,246583
418,4190246375,11970000083,11970246458,246375
419,4200244125,11980000083,11980244208,244125
420,4210245375,11990000083,11990245458,245375
421,4220245750,12000000083,12000245833,245750
422,4230246125,12010000083,12010246208,246125
423,4240247375,12020000083,12020247458,247375
424,4250247458,12030000083,12030247541,247458
425,4260248125,12040000083,12040248208,248125
426,4270251708,12050000083,12050251791,251708
427,4280249458,12060000083,12060249541,249458
428,4290249833,12070000083,12070249916,249833
429,4300467208,12080000083,12080467291,467208
430,4310300458,12090000083,12090300541,300458
431,4320246875,12100000083,12100246958,246875
432,4330246375,12110000083,12110246458,246375
433,4340245875,12120000083,12120245958,245875
434,4350245958,12130000083,12130246041,245958
435,4360246041,12140000083,12140246125,246042
436,4370246125,12150000083,12150246208,246125
437,4380247375,12160000083,12160247458,247375
438,4390244833,12170000083,12170244916,244833
439,4400245500,12180000083,12180245583,245500
440,4410253458,12190000083,12190253541,253458
441,4420246250,12200000083,12200246333,246250
442,4430246916,12210000083,12210247000,246917
443,4440245541,12220000083,12220245625,245542
444,4450245333,12230000083,12230245416,245333
445,4460632458,12240000083,12240632541,632458
446,4470253666,12250000083,12250253750,253667
447,4480245291,12260000083,12260245375,245292
448,4490245666,12270000083,12270245750,245667
449,4500245166,12280000083,12280245250,245167
450,4510246125,12290000083,12290246208,246125
451,4520245041,12300000083,12300245125,245042
452,4530246875,12310000083,12310246958,246875
453,4540247833,12320000083,12320247916,247833
454,4550246458,12330000083,12330246541,246458
455,4560511958,12340000083,12340512041,511958
456,4570248666,12350000083,12350248750,248667
457,4580256916,12360000083,12360257000,256917
458,4590251750,12370000083,12370251833,251750
459,4600252708,12380000083,12380252791,252708
460,4610244916,12390000083,12390245000,244917
461,4620243541,12400000083,12400243625,243542
462,4630244208,12410000083,12410244291,244208
463,4640249250,12420000083,12420249333,249250
464,4650248166,12430000083,12430248250,248167
465,4660246791,12440000083,12440246875,246792
466,4670245416,12450000083,12450245500,245417
467,4680243750,12460000083,12460243833,243750
468,4690244125,12470000083,12470244208,244125
469,4700246833,12480000083,12480246916,246833
470,4710244583,12490000083,12490244666,244583
471,4720244375,12500000083,12500244458,244375
472,4730244166,12510000083,12510244250,244167
473,4740243083,12520000083,12520243166,243083
474,4750245791,12530000083,12530245875,245792
475,4760247625,12540000083,12540247708,247625
476,4770249166,12550000083,12550249250,249167
477,4780249541,12560000083,12560249625,249542
478,4790250208,12570000083,12570250291,250208
479,4800250583,12580000083,12580250666,250583
480,4810248916,12590000083,12590249000,248917
481,4820431875,12600000083,12600431958,431875
482,4830482125,12610000083,12610482208,482125
483,4840247416,12620000083,12620247500,247417
484,4850241958,12630000083,12630242041,241958
485,4860245541,12640000083,12640245625,245542
486,4870247666,12650000083,12650247750,247667
487,4880243083,12660000083,12660243166,243083
488,4890244333,12670000083,12670244416,244333
489,4900245583,12680000083,12680245666,245583
490,4910243916,12690000083,12690244000,243917
491,4920243708,12700000083,12700243791,243708
492,4930243791,12710000083,12710243875,243792
493,4940243875,12720000083,12720243958,243875
494,4950246000,12730000083,12730246083,246000
495,4960248708,12740000083,12740248791,248708
496,4970245583,12750000083,12750245666,245583
497,4980248291,12760000083,12760248375,248292
498,4990248083,12770000083,12770248166,248083
499,5000248166,12780000083,12780248250,248167
500,5010250291,12790000083,12790250375,250292
501,5020248916,12800000083,12800249000,248917
502,5030249875,12810000083,12810249958,249875
503,5040249083,12820000083,12820249166,249083
504,5050656625,12830000083,12830656708,656625
505,5060245750,12840000083,12840245833,245750
506,5070245833,12850000083,12850245916,245833
507,5080246208,12860000083,12860246291,246208
508,5090243083,12870000083,12870243166,243083
509,5100245500,12880000083,12880245583,245500
510,5110242958,12890000083,12890243041,242958
511,5120243041,12900000083,12900243125,243042
512,5130245458,12910000083,12910245541,245458
513,5140243500,12920000083,12920243583,243500
514,5150246500,12930000083,12930246583,246500
515,5160246875,12940000083,12940246958,246875
516,5170246083,12950000083,12950246166,246083
517,5180248500,12960000083,12960248583,248500
518,5190248000,12970000083,12970248083,248000
519,5200247791,12980000083,12980247875,247792
520,5210250500,12990000083,12990250583,250500
521,5220249416,13000000083,13000249500,249417
522,5230249208,13010000083,13010249291,249208
523,5240249291,13020000083,13020249375,249292
524,5250711375,13030000083,13030711458,711375
525,5260244500,13040000083,13040244583,244500
526,5270249541,13050000083,13050249625,249542
527,5280245833,13060000083,13060245916,245833
528,5290243291,13070000083,13070243375,243292
529,5300243958,13080000083,13080244041,243958
530,5310242875,13090000083,13090242958,242875
531,5320242958,13100000083,13100243041,242958
532,5330244791,13110000083,13110244875,244792
533,5340243708,13120000083,13120243791,243708
534,5350249625,13130000083,13130249708,249625
535,5360250291,13140000083,13140250375,250292
536,5370251250,13150000083,13150251333,251250
537,5380248708,13160000083,13160248791,248708
538,5390455000,13170000083,13170455083,455000
539,5400316833,13180000083,13180316916,316833
540,5410246041,13190000083,13190246125,246042
541,5420246125,13200000083,13200246208,246125
542,5430245625,13210000083,13210245708,245625
543,5440247458,13220000083,13220247541,247458
544,5450242875,13230000083,13230242958,242875
545,5460245875,13240000083,13240245958,245875
546,5470245958,13250000083,13250246041,245958
547,5480246916,13260000083,13260247000,246917
548,5490243208,13270000083,13270243291,243208
549,5500246500,13280000083,13280246583,246500
550,5510246875,13290000083,13290246958,246875
551,5520244041,13300000083,13300244125,244042
552,5530247041,13310000083,13310247125,247042
553,5540249166,13320000083,13320249250,249167
554,5550248083,13330000083,13330248166,248083
555,5560252250,13340000083,13340252333,252250
556,5570252041,13350000083,13350252125,252042
557,5580250083,13360000083,13360250166,250083
558,5590249291,13370000083,13370249375,249292
559,5600431083,13380000083,13380431166,431083
560,5610479000,13390000083,13390479083,479000
561,5620244583,13400000083,13400244666,244583
562,5630249041,13410000083,13410249125,249042
563,5640245916,13420000083,13420246000,245917
564,5650241916,13430000083,13430242000,241917
565,5660246083,13440000083,13440246166,246083
566,5670245875,13450000083,13450245958,245875
567,5680247125,13460000083,13460247208,247125
568,5690246041,13470000083,13470246125,246042
569,5700247875,13480000083,13480247958,247875
570,5710245916,13490000083,13490246000,245917
571,5720245125,13500000083,13500245208,245125
572,5730245791,13510000083,13510245875,245792
573,5740246166,13520000083,13520246250,246167
574,5750246250,13530000083,13530246333,246250
575,5760246333,13540000083,13540246416,246333
576,5770246708,13550000083,13550246791,246708
577,5780245916,13560000083,13560246000,245917
578,5790246000,13570000083,13570246083,246000
579,5800247541,13580000083,13580247625,247542
580,5810248500,13590000083,13590248583,248500
581,5820249750,13600000083,13600249833,249750
582,5830251291,13610000083,13610251375,251292
583,5840253416,13620000083,13620253500,253417
584,5850427916,13630000083,13630428000,427917
585,5860478458,13640000083,13640478541,478458
586,5870245500,13650000083,13650245583,245500
587,5880245875,13660000083,13660245958,245875
588,5890245083,13670000083,13670245166,245083
589,5900248083,13680000083,13680248166,248083
590,5910245541,13690000083,13690245625,245542
591,5920245916,13700000083,13700246000,245917
592,5930247166,13710000083,13710247250,247167
593,5940246958,13720000083,13720247041,246958
594,5950245875,13730000083,13730245958,245875
595,5960247708,13740000083,13740247791,247708
596,5970246916,13750000083,13750247000,246917
597,5980245541,13760000083,13760245625,245542
598,5990245916,13770000083,13770246000,245917
599,6000245708,13780000083,13780245791,245708
600,6010245791,13790000083,13790245875,245792
601,6020244416,13800000083,13800244500,244417
602,6030246250,13810000083,13810246333,246250
603,6040246333,13820000083,13820246416,246333
604,6050249916,13830000083,13830250000,249917
605,6060249416,13840000083,13840249500,249417
606,6070250958,13850000083,13850251041,250958
607,6080252500,13860000083,13860252583,252500
608,6090249375,13870000083,13870249458,249375
609,6100276000,13880000083,13880276083,276000
610,6110340833,13890000083,13890340916,340833
611,6120246125,13900000083,13900246208,246125
612,6130244750,13910000083,13910244833,244750
613,6140244541,13920000083,13920244625,244542
614,6150249875,13930000083,13930249958,249875
615,6160246166,13940000083,13940246250,246167
616,6170246250,13950000083,13950246333,246250
617,6180245458,13960000083,13960245541,245458
618,6190246708,13970000083,13970246791,246708
619,6200248833,13980000083,13980248916,248833
620,6210247166,13990000083,13990247250,247167
621,6220245791,14000000083,14000245875,245792
622,6230245583,14010000083,14010245666,245583
623,6240242458,14020000083,14020242541,242458
624,6250245166,14030000083,14030245250,245167
625,6260247291,14040000083,14040247375,247292
626,6270246208,14050000083,14050246291,246208
627,6280246000,14060000083,14060246083,246000
628,6290245791,14070000083,14070245875,245792
629,6300248208,14080000083,14080248291,248208
630,6310248291,14090000083,14090248375,248292
631,6320248375,14100000083,14100248458,248375
632,6330252541,14110000083,14110252625,252542
633,6340250875,14120000083,14120250958,250875
634,6350250083,14130000083,14130250166,250083
635,6360249583,14140000083,14140249666,249583
636,6370402208,14150000083,14150402291,402208
637,6380246833,14160000083,14160246916,246833
638,6390245750,14170000083,14170245833,245750
639,6400249625,14180000083,14180249708,249625
640,6410246208,14190000083,14190246291,246208
641,6420246000,14200000083,14200246083,246000
642,6430245208,14210000083,14210245291,245208
643,6440241500,14220000083,14220241583,241500
644,6450246541,14230000083,14230246625,246542
645,6460245458,14240000083,14240245541,245458
646,6470248166,14250000083,14250248250,248167
647,6480244458,14260000083,14260244541,244458
648,6490246583,14270000083,14270246666,246583
649,6500248416,14280000083,14280248500,248417
650,6510247625,14290000083,14290247708,247625
651,6520252666,14300000083,14300252750,252667
652,6530250125,14310000083,14310250208,250125
653,6540250208,14320000083,14320250291,250208
654,6550249125,14330000083,14330249208,249125
655,6560239583,14340000083,14340239666,239583
656,6570599000,14350000083,14350599083,599000
657,6580245583,14360000083,14360245666,245583
658,6590247125,14370000083,14370247208,247125
659,6600245750,14380000083,14380245833,245750
660,6610245541,14390000083,14390245625,245542
661,6620245916,14400000083,14400246000,245917
662,6630245416,14410000083,14410245500,245417
663,6640243458,14420000083,14420243541,243458
664,6650246750,14430000083,14430246833,246750
665,6660245958,14440000083,14440246041,245958
666,6670246041,14450000083,14450246125,246042
667,6680244083,14460000083,14460244166,244083
668,6690245333,14470000083,14470245416,245333
669,6700246875,14480000083,14480246958,246875
670,6710245791,14490000083,14490245875,245792
671,6720247625,14500000083,14500247708,247625
672,6730249166,14510000083,14510249250,249167
673,6740248666,14520000083,14520248750,248667
674,6750250208,14530000083,14530250291,250208
675,6760250875,14540000083,14540250958,250875
676,6770249791,14550000083,14550249875,249792
677,6780274666,14560000083,14560274750,274667
678,6790346208,14570000083,14570346291,346208
679,6800245375,14580000083,14580245458,245375
680,6810247791,14590000083,14590247875,247792
681,6820245833,14600000083,14600245916,245833
682,6830246208,14610000083,14610246291,246208
683,6840241625,14620000083,14620241708,241625
684,6850247833,14630000083,14630247916,247833
685,6860246166,14640000083,14640246250,246167
686,6870249458,14650000083,14650249541,249458
687,6880245458,14660000083,14660245541,245458
688,6890246125,14670000083,14670246208,246125
689,6900245916,14680000083,14680246000,245917
690,6910247166,14690000083,14690247250,247167
691,6920245791,14700000083,14700245875,245792
692,6930246750,14710000083,14710246833,246750
693,6940248875,14720000083,14720248958,248875
694,6950250416,14730000083,14730250500,250417
695,6960248458,14740000083,14740248541,248458
696,6970248541,14750000083,14750248625,248542
697,6980246875,14760000083,14760246958,246875
698,6990586458,14770000083,14770586541,586458
699,7000812583,14780000083,14780812666,812583
700,7010245666,14790000083,14790245750,245667
701,7020244583,14800000083,14800244666,244583
702,7030244958,14810000083,14810245041,244958
703,7040248250,14820000083,14820248333,248250
704,7050246875,14830000083,14830246958,246875
705,7060244333,14840000083,14840244416,244333
706,7070245291,14850000083,14850245375,245292
707,7080422708,14860000083,14860422791,422708
708,7090247791,14870000083,14870247875,247792
709,7100247583,14880000083,14880247666,247583
710,7110243291,14890000083,14890243375,243292
711,7120243083,14900000083,14900243166,243083
712,7130246083,14910000083,14910246166,246083
713,7140250833,14920000083,14920250916,250833
714,7150245958,14930000083,14930246041,245958
715,7160244000,14940000083,14940244083,244000
716,7170244958,14950000083,14950245041,244958
717,7180243875,14960000083,14960243958,243875
718,7190245416,14970000083,14970245500,245417
719,7200251333,14980000083,14980251416,251333
720,7210250541,14990000083,14990250625,250542
721,7220247416,15000000083,15000247500,247417
722,7230250708,15010000083,15010250791,250708
723,7240250500,15020000083,15020250583,250500
724,7250248833,15030000083,15030248916,248833
725,7260470583,15040000083,15040470666,470583
726,7270475333,15050000083,15050475416,475333
727,7280245583,15060000083,15060245666,245583
728,7290245666,15070000083,15070245750,245667
729,7300246041,15080000083,15080246125,246042
730,7310245541,15090000083,15090245625,245542
731,7320246500,15100000083,15100246583,246500
732,7330247458,15110000083,15110247541,247458
733,7340245500,15120000083,15120245583,245500
734,7350246458,15130000083,15130246541,246458
735,7360255000,15140000083,15140255083,255000
736,7370247208,15150000083,15150247291,247208
737,7380244958,15160000083,15160245041,244958
738,7390247083,15170000083,15170247166,247083
739,7400245125,15180000083,15180245208,245125
740,7410245791,15190000083,15190245875,245792
741,7420253458,15200000083,15200253541,253458
742,7430247125,15210000083,15210247208,247125
743,7440245750,15220000083,15220245833,245750
744,7450244375,15230000083,15230244458,244375
745,7460243583,15240000083,15240243666,243583
746,7470245416,15250000083,15250245500,245417
747,7480247541,15260000083,15260247625,247542
748,7490247916,15270000083,15270248000,247917
749,7500250333,15280000083,15280250416,250333
750,7510251291,15290000083,15290251375,251292
751,7520249041,15300000083,15300249125,249042
752,7530250583,15310000083,15310250666,250583
753,7540447250,15320000083,15320447333,447250
754,7550315791,15330000083,15330315875,315792
755,7560245875,15340000083,15340245958,245875
756,7570252375,15350000083,15350252458,252375
757,7580246916,15360000083,15360247000,246917
758,7590245541,15370000083,15370245625,245542
759,7600246791,15380000083,15380246875,246792
760,7610245416,15390000083,15390245500,245417
761,7620248416,15400000083,15400248500,248417
762,7630242666,15410000083,15410242750,242667
763,7640245666,15420000083,15420245750,245667
764,7650245458,15430000083,15430245541,245458
765,7660246708,15440000083,15440246791,246708
766,7670247666,15450000083,15450247750,247667
767,7680246000,15460000083,15460246083,246000
768,7690250166,15470000083,15470250250,250167
769,7700245875,15480000083,15480245958,245875
770,7710248291,15490000083,15490248375,248292
771,7720248375,15500000083,15500248458,248375
772,7730251083,15510000083,15510251166,251083
773,7740251750,15520000083,15520251833,251750
774,7750249500,15530000083,15530249583,249500
775,7760251333,15540000083,15540251416,251333
776,7770442458,15550000083,15550442541,442458
777,7780321791,15560000083,15560321875,321792
778,7790245458,15570000083,15570245541,245458
779,7800244958,15580000083,15580245041,244958
780,7810246500,15590000083,15590246583,246500
781,7820245708,15600000083,15600245791,245708
782,7830242000,15610000083,15610242083,242000
783,7840246458,15620000083,15620246541,246458
784,7850245958,15630000083,15630246041,245958
785,7860245750,15640000083,15640245833,245750
786,7870245250,15650000083,15650245333,245250
787,7880245916,15660000083,15660246000,245917
788,7890246875,15670000083,15670246958,246875
789,7900245791,15680000083,15680245875,245792
790,7910245583,15690000083,15690245666,245583
791,7920250041,15700000083,15700250125,250042
792,7930248375,15710000083,15710248458,248375
793,7940249916,15720000083,15720250000,249917
794,7950251166,15730000083,15730251250,251167
795,7960249791,15740000083,15740249875,249792
796,7970249291,15750000083,15750249375,249292
797,7980562333,15760000083,15760562416,562333
798,7990460916,15770000083,15770461000,460917
799,8000249250,15780000083,15780249333,249250
800,8010246708,15790000083,15790246791,246708
801,8020245333,15800000083,15800245416,245333
802,8030241916,15810000083,15810242000,241917
803,8040248708,15820000083,15820248791,248708
804,8050245291,15830000083,15830245375,245292
805,8060245666,15840000083,15840245750,245667
806,8070246041,15850000083,15850246125,246042
807,8080246708,15860000083,15860246791,246708
808,8090245625,15870000083,15870245708,245625
809,8100246291,15880000083,15880246375,246292
810,8110245791,15890000083,15890245875,245792
811,8120248500,15900000083,15900248583,248500
812,8130248875,15910000083,15910248958,248875
813,8140250125,15920000083,15920250208,250125
814,8150250208,15930000083,15930250291,250208
815,8160250000,15940000083,15940250083,250000
816,8170520166,15950000083,15950520250,520167
817,8180485250,15960000083,15960485333,485250
818,8190313541,15970000083,15970313625,313542
819,8200245666,15980000083,15980245750,245667
820,8210246916,15990000083,15990247000,246917
821,8220245541,16000000083,16000245625,245542
822,8230241541,16010000083,16010241625,241542
823,8240249208,16020000083,16020249291,249208
824,8250245791,16030000083,16030245875,245792
825,8260246166,16040000083,16040246250,246167
826,8270246541,16050000083,16050246625,246542
827,8280246333,16060000083,16060246416,246333
828,8290250208,16070000083,16070250291,250208
829,8300245625,16080000083,16080245708,245625
830,8310245708,16090000083,16090245791,245708
831,8320246083,16100000083,16100246166,246083
832,8330252875,16110000083,16110252958,252875
833,8340250333,16120000083,16120250416,250333
834,8350250416,16130000083,16130250500,250417
835,8360248458,16140000083,16140248541,248458
836,8370519500,16150000083,16150519583,519500
837,8380248916,16160000083,16160249000,248917
838,8390246666,16170000083,16170246750,246667
839,8400244125,16180000083,16180244208,244125
840,8410245958,16190000083,16190246041,245958
841,8420245458,16200000083,16200245541,245458
842,8430234166,16210000083,16210234250,234167
843,8440247083,16220000083,16220247166,247083
844,8450246583,16230000083,16230246666,246583
845,8460392208,16240000083,16240392291,392208
846,8470249083,16250000083,16250249166,249083
847,8480564750,16260000083,16260564833,564750
848,8490318958,16270000083,16270319041,318958
849,8500247291,16280000083,16280247375,247292
850,8510244166,16290000083,16290244250,244167
851,8520243958,16300000083,16300244041,243958
852,8530243750,16310000083,16310243833,243750
853,8540244708,16320000083,16320244791,244708
854,8550243041,16330000083,16330243125,243042
855,8560244583,16340000083,16340244666,244583
856,8570243791,16350000083,16350243875,243792
857,8580318833,16360000083,16360318916,318833
858,8590245125,16370000083,16370245208,245125
859,8600244625,16380000083,16380244708,244625
860,8610244125,16390000083,16390244208,244125
861,8620243625,16400000083,16400243708,243625
862,8630244583,16410000083,16410244666,244583
863,8640244083,16420000083,16420244166,244083
864,8650248250,16430000083,16430248333,248250
865,8660248625,16440000083,16440248708,248625
866,8670251333,16450000083,16450251416,251333
867,8680245000,16460000083,16460245083,245000
868,8690253833,16470000083,16470253916,253833
869,8700249250,16480000083,16480249333,249250
870,8710244083,16490000083,16490244166,244083
871,8720243583,16500000083,16500243666,243583
872,8730243958,16510000083,16510244041,243958
873,8740245791,16520000083,16520245875,245792
874,8750244708,16530000083,16530244791,244708
875,8760243333,16540000083,16540243416,243333
876,8770242833,16550000083,16550242916,242833
877,8780245541,16560000083,16560245625,245542
878,8790243583,16570000083,16570243666,243583
879,8807212458,16580000083,16587212541,7212458
880,8810597250,16590000083,16590597333,597250
881,8820244416,16600000083,16600244500,244417
882,8830245958,16610000083,16610246041,245958
883,8840245166,16620000083,16620245250,245167
884,8850245833,16630000083,16630245916,245833
885,8860246208,16640000083,16640246291,246208
886,8870245416,16650000083,16650245500,245417
887,8880245791,16660000083,16660245875,245792
888,8890245583,16670000083,16670245666,245583
889,8900243333,16680000083,16680243416,243333
890,8910246916,16690000083,16690247000,246917
891,8920247291,16700000083,16700247375,247292
892,8930243875,16710000083,16710243958,243875
893,8940244833,16720000083,16720244916,244833
894,8950245208,16730000083,16730245291,245208
895,8960243833,16740000083,16740243916,243833
896,8970243916,16750000083,16750244000,243917
897,8980244875,16760000083,16760244958,244875
898,8990244083,16770000083,16770244166,244083
899,9000245625,16780000083,16780245708,245625
900,9010246000,16790000083,16790246083,246000
901,9020247250,16800000083,16800247333,247250
902,9030247041,16810000083,16810247125,247042
903,9040250625,16820000083,16820250708,250625
904,9050248958,16830000083,16830249041,248958
905,9060251083,16840000083,16840251166,251083
906,9070250875,16850000083,16850250958,250875
907,9080250083,16860000083,16860250166,250083
908,9090249000,16870000083,16870249083,249000
909,9100705250,16880000083,16880705333,705250
910,9110245083,16890000083,16890245166,245083
911,9120247500,16900000083,16900247583,247500
912,9130246125,16910000083,16910246208,246125
913,9140245333,16920000083,16920245416,245333
914,9150241916,16930000083,16930242000,241917
915,9160246375,16940000083,16940246458,246375
916,9170245291,16950000083,16950245375,245292
917,9180247708,16960000083,16960247791,247708
918,9190243708,16970000083,16970243791,243708
919,9200245541,16980000083,16980245625,245542
920,9210245625,16990000083,16990245708,245625
921,9220246000,17000000083,17000246083,246000
922,9230247833,17010000083,17010247916,247833
923,9240245291,17020000083,17020245375,245292
924,9250249166,17030000083,17030249250,249167
925,9260249833,17040000083,17040249916,249833
926,9270250791,17050000083,17050250875,250792
927,9280250291,17060000083,17060250375,250292
928,9290251250,17070000083,17070251333,251250
929,9300453458,17080000083,17080453541,453458
930,9310317333,17090000083,17090317416,317333
931,9320246833,17100000083,17100246916,246833
932,9330247208,17110000083,17110247291,247208
933,9340244958,17120000083,17120245041,244958
934,9350240666,17130000083,17130240750,240667
935,9360249791,17140000083,17140249875,249792
936,9370245791,17150000083,17150245875,245792
937,9380246750,17160000083,17160246833,246750
938,9390245083,17170000083,17170245166,245083
939,9400246041,17180000083,17180246125,246042
940,9410249333,17190000083,17190249416,249333
941,9420245625,17200000083,17200245708,245625
942,9430246583,17210000083,17210246666,246583
943,9440247541,17220000083,17220247625,247542
944,9450247916,17230000083,17230248000,247917
945,9460250916,17240000083,17240251000,250917
946,9470251875,17250000083,17250251958,251875
947,9480250208,17260000083,17260250291,250208
948,9490249416,17270000083,17270249500,249417
949,9500654625,17280000083,17280654708,654625
950,9510245500,17290000083,17290245583,245500
951,9520245291,17300000083,17300245375,245292
952,9530248583,17310000083,17310248666,248583
953,9540245458,17320000083,17320245541,245458
954,9550242625,17330000083,17330242708,242625
955,9560246208,17340000083,17340246291,246208
956,9570246291,17350000083,17350246375,246292
957,9580246666,17360000083,17360246750,246667
958,9590245000,17370000083,17370245083,245000
959,9600245666,17380000083,17380245750,245667
960,9610245750,17390000083,17390245833,245750
961,9620251666,17400000083,17400251750,251667
962,9630244458,17410000083,17410244541,244458
963,9640250375,17420000083,17420250458,250375
964,9650248708,17430000083,17430248791,248708
965,9660249375,17440000083,17440249458,249375
966,9670250916,17450000083,17450251000,250917
967,9680250416,17460000083,17460250500,250417
968,9690250208,17470000083,17470250291,250208
969,9700429375,17480000083,17480429458,429375
970,9710476708,17490000083,17490476791,476708
971,9720245791,17500000083,17500245875,245792
972,9730245291,17510000083,17510245375,245292
973,9740246250,17520000083,17520246333,246250
974,9750241958,17530000083,17530242041,241958
975,9760247291,17540000083,17540247375,247292
976,9770246208,17550000083,17550246291,246208
977,9780250083,17560000083,17560250166,250083
978,9790246083,17570000083,17570246166,246083
979,9800245583,17580000083,17580245666,245583
980,9810321208,17590000083,17590321291,321208
981,9827346083,17600000083,17607346166,7346083
982,9837814875,17610000083,17617814958,7814875
983,9840664166,17620000083,17620664250,664167
984,9850247750,17630000083,17630247833,247750
985,9860246375,17640000083,17640246458,246375
986,9870245000,17650000083,17650245083,245000
987,9880245666,17660000083,17660245750,245667
988,9890245166,17670000083,17670245250,245167
989,9900245250,17680000083,17680245333,245250
990,9910248250,17690000083,17690248333,248250
991,9920245708,17700000083,17700245791,245708
992,9930244916,17710000083,17710245000,244917
993,9940246750,17720000083,17720246833,246750
994,9950242166,17730000083,17730242250,242167
995,9960245750,17740000083,17740245833,245750
996,9970250500,17750000083,17750250583,250500
997,9980243875,17760000083,17760243958,243875
998,9990244250,17770000083,17770244333,244250
999,10000244625,17780000083,17780244708,244625
1000,10010244416,17790000083,17790244500,244417
1001,10020244500,17800000083,17800244583,244500
1002,10030243708,17810000083,17810243791,243708
1003,10040245250,17820000083,17820245333,245250
1004,10050245625,17830000083,17830245708,245625
1005,10060246000,17840000083,17840246083,246000
1006,10070246375,17850000083,17850246458,246375
1007,10080251708,17860000083,17860251791,251708
1008,10090248291,17870000083,17870248375,248292
1009,10100248958,17880000083,17880249041,248958
1010,10110250791,17890000083,17890250875,250792
1011,10120250875,17900000083,17900250958,250875
1012,10130250375,17910000083,17910250458,250375
1013,10140441500,17920000083,17920441583,441500
1014,10150314416,17930000083,17930314500,314417
1015,10160246250,17940000083,17940246333,246250
1016,10170245458,17950000083,17950245541,245458
1017,10180246708,17960000083,17960246791,246708
1018,10190244166,17970000083,17970244250,244167
1019,10200246000,17980000083,17980246083,246000
1020,10210244333,17990000083,17990244416,244333
1021,10220243833,18000000083,18000243916,243833
1022,10230245375,18010000083,18010245458,245375
1023,10240244000,18020000083,18020244083,244000
1024,10250246416,18030000083,18030246500,246417
1025,10260252041,18040000083,18040252125,252042
1026,10270250083,18050000083,18050250166,250083
1027,10280248708,18060000083,18060248791,248708
1028,10290589166,18070000083,18070589250,589167
1029,10300244208,18080000083,18080244291,244208
1030,10310246041,18090000083,18090246125,246042
1031,10320247583,18100000083,18100247666,247583
1032,10330246500,18110000083,18110246583,246500
1033,10340245416,18120000083,18120245500,245417
1034,10350243166,18130000083,18130243250,243167
1035,10360247041,18140000083,18140247125,247042
1036,10370245958,18150000083,18150246041,245958
1037,10380249541,18160000083,18160249625,249542
1038,10390243791,18170000083,18170243875,243792
1039,10400243875,18180000083,18180243958,243875
1040,10410244250,18190000083,18190244333,244250
1041,10420244041,18200000083,18200244125,244042
1042,10430243541,18210000083,18210243625,243542
1043,10440244791,18220000083,18220244875,244792
1044,10450249833,18230000083,18230249916,249833
1045,10460246125,18240000083,18240246208,246125
1046,10470245333,18250000083,18250245416,245333
1047,10480248333,18260000083,18260248416,248333
1048,10490247833,18270000083,18270247916,247833
1049,10500249375,18280000083,18280249458,249375
1050,10510250333,18290000083,18290250416,250333
1051,10520252166,18300000083,18300252250,252167
1052,10530249916,18310000083,18310250000,249917
1053,10540273916,18320000083,18320274000,273917
1054,10550344291,18330000083,18330344375,344292
1055,10560246083,18340000083,18340246166,246083
1056,10570245291,18350000083,18350245375,245292
1057,10580250333,18360000083,18360250416,250333
1058,10590244000,18370000083,18370244083,244000
1059,10600246416,18380000083,18380246500,246417
1060,10610245333,18390000083,18390245416,245333
1061,10620243666,18400000083,18400243750,243667
1062,10630246083,18410000083,18410246166,246083
1063,10640245000,18420000083,18420245083,245000
1064,10650244791,18430000083,18430244875,244792
1065,10660245458,18440000083,18440245541,245458
1066,10670246416,18450000083,18450246500,246417
1067,10680247666,18460000083,18460247750,247667
1068,10690249500,18470000083,18470249583,249500
1069,10700249583,18480000083,18480249666,249583
1070,10710250250,18490000083,18490250333,250250
1071,10720250333,18500000083,18500250416,250333
1072,10730250125,18510000083,18510250208,250125
1073,10740293666,18520000083,18520293750,293667
1074,10750344791,18530000083,18530344875,344792
1075,10760246583,18540000083,18540246666,246583
1076,10770246375,18550000083,18550246458,246375
1077,10780245583,18560000083,18560245666,245583
1078,10790246250,18570000083,18570246333,246250
1079,10800241958,18580000083,18580242041,241958
1080,10810250500,18590000083,18590250583,250500
1081,10820246791,18600000083,18600246875,246792
1082,10830246000,18610000083,18610246083,246000
1083,10840246958,18620000083,18620247041,246958
1084,10858793750,18630000083,18638793833,8793750
1085,10867816166,18640000083,18647816250,7816167
1086,10871245291,18650000083,18651245375,1245292
1087,10880246125,18660000083,18660246208,246125
1088,10890246500,18670000083,18670246583,246500
1089,10900246000,18680000083,18680246083,246000
1090,10910246083,18690000083,18690246166,246083
1091,10920246166,18700000083,18700246250,246167
1092,10930245083,18710000083,18710245166,245083
1093,10940245750,18720000083,18720245833,245750
1094,10950246125,18730000083,18730246208,246125
1095,10960247375,18740000083,18740247458,247375
1096,10970246000,18750000083,18750246083,246000
1097,10980245208,18760000083,18760245291,245208
1098,10990246458,18770000083,18770246541,246458
1099,11000243333,18780000083,18780243416,243333
1100,11010248666,18790000083,18790248750,248667
1101,11020252250,18800000083,18800252333,252250
1102,11030244750,18810000083,18810244833,244750
1103,11040244250,18820000083,18820244333,244250
1104,11050247833,18830000083,18830247916,247833
1105,11060245583,18840000083,18840245666,245583
1106,11070245958,18850000083,18850246041,245958
1107,11080244875,18860000083,18860244958,244875
1108,11090249916,18870000083,18870250000,249917
1109,11100245333,18880000083,18880245416,245333
1110,11110249208,18890000083,18890249291,249208
1111,11120249583,18900000083,18900249666,249583
1112,11130250833,18910000083,18910250916,250833
1113,11140250333,18920000083,18920250416,250333
1114,11150249833,18930000083,18930249916,249833
1115,11160249041,18940000083,18940249125,249042
1116,11170446875,18950000083,18950446958,446875
1117,11180316583,18960000083,18960316666,316583
1118,11190248416,18970000083,18970248500,248417
1119,11200241208,18980000083,18980241291,241208
1120,11210246541,18990000083,18990246625,246542
1121,11220248666,19000000083,19000248750,248667
1122,11230245541,19010000083,19010245625,245542
1123,11240249125,19020000083,19020249208,249125
1124,11250245708,19030000083,19030245791,245708
1125,11260246083,19040000083,19040246166,246083
1126,11270245583,19050000083,19050245666,245583
1127,11280246541,19060000083,19060246625,246542
1128,11290246333,19070000083,19070246416,246333
1129,11300245250,19080000083,19080245333,245250
1130,11310247666,19090000083,19090247750,247667
1131,11320246291,19100000083,19100246375,246292
1132,11330245791,19110000083,19110245875,245792
1133,11340246166,19120000083,19120246250,246167
1134,11350245666,19130000083,19130245750,245667
1135,11360249833,19140000083,19140249916,249833
1136,11370249041,19150000083,19150249125,249042
1137,11380245041,19160000083,19160245125,245042
1138,11390248333,19170000083,19170248416,248333
1139,11400242291,19180000083,19180242375,242292
1140,11410252291,19190000083,19190252375,252292
1141,11420254125,19200000083,19200254208,254125
1142,11430249250,19210000083,19210249333,249250
1143,11440582708,19220000083,19220582791,582708
1144,11450245333,19230000083,19230245416,245333
1145,11460247166,19240000083,19240247250,247167
1146,11470246083,19250000083,19250246166,246083
1147,11480247625,19260000083,19260247708,247625
1148,11490245666,19270000083,19270245750,245667
1149,11500245458,19280000083,19280245541,245458
1150,11510246125,19290000083,19290246208,246125
1151,11520245916,19300000083,19300246000,245917
1152,11530249208,19310000083,19310249291,249208
1153,11540246083,19320000083,19320246166,246083
1154,11550245583,19330000083,19330245666,245583
1155,11560246250,19340000083,19340246333,246250
1156,11570246041,19350000083,19350246125,246042
1157,11580244958,19360000083,19360245041,244958
1158,11590247958,19370000083,19370248041,247958
1159,11600241916,19380000083,19380242000,241917
1160,11610246666,19390000083,19390246750,246667
1161,11620245291,19400000083,19400245375,245292
1162,11630246541,19410000083,19410246625,246542
1163,11640248666,19420000083,19420248750,248667
1164,11650249333,19430000083,19430249416,249333
1165,11660248833,19440000083,19440248916,248833
1166,11670251250,19450000083,19450251333,251250
1167,11680250166,19460000083,19460250250,250167
1168,11690250250,19470000083,19470250333,250250
1169,11700237791,19480000083,19480237875,237792
1170,11710601291,19490000083,19490601375,601292
1171,11720245833,19500000083,19500245916,245833
1172,11730246208,19510000083,19510246291,246208
1173,11740245416,19520000083,19520245500,245417
1174,11750246083,19530000083,19530246166,246083
1175,11760246458,19540000083,19540246541,246458
1176,11770245666,19550000083,19550245750,245667
1177,11780249250,19560000083,19560249333,249250
1178,11790246125,19570000083,19570246208,246125
1179,11800243000,19580000083,19580243083,243000
1180,11810246875,19590000083,19590246958,246875
1181,11820245500,19600000083,19600245583,245500
1182,11830247333,19610000083,19610247416,247333
1183,11840245666,19620000083,19620245750,245667
1184,11850246625,19630000083,19630246708,246625
1185,11860246125,19640000083,19640246208,246125
1186,11870245916,19650000083,19650246000,245917
1187,11887817958,19660000083,19667818041,7817958
1188,11898651333,19670000083,19678651416,8651333
1189,11902782791,19680000083,19682782875,2782792
1190,11910249458,19690000083,19690249541,249458
1191,11920245750,19700000083,19700245833,245750
1192,11930246416,19710000083,19710246500,246417
1193,11940245333,19720000083,19720245416,245333
1194,11950245708,19730000083,19730245791,245708
1195,11960245500,19740000083,19740245583,245500
1196,11970246750,19750000083,19750246833,246750
1197,11980246250,19760000083,19760246333,246250
1198,11990245750,19770000083,19770245833,245750
1199,12000245833,19780000083,19780245916,245833
1200,12010245916,19790000083,19790246000,245917
1201,12020249791,19800000083,19800249875,249792
1202,12030249583,19810000083,19810249666,249583
1203,12040251125,19820000083,19820251208,251125
1204,12050250916,19830000083,19830251000,250917
1205,12060249541,19840000083,19840249625,249542
1206,12070249625,19850000083,19850249708,249625
1207,12080478375,19860000083,19860478458,478375
1208,12090320958,19870000083,19870321041,320958
1209,12100244916,19880000083,19880245000,244917
1210,12110247041,19890000083,19890247125,247042
1211,12120246833,19900000083,19900246916,246833
1212,12130246333,19910000083,19910246416,246333
1213,12140248750,19920000083,19920248833,248750
1214,12150245916,19930000083,19930246000,245917
1215,12160245708,19940000083,19940245791,245708
1216,12170245500,19950000083,19950245583,245500
1217,12180245291,19960000083,19960245375,245292
1218,12190245958,19970000083,19970246041,245958
1219,12200242833,19980000083,19980242916,242833
1220,12210245541,19990000083,19990245625,245542
1221,12220246208,20000000083,20000246291,246208
1222,12230246000,20010000083,20010246083,246000
1223,12240244916,20020000083,20020245000,244917
1224,12250245000,20030000083,20030245083,245000
1225,12260246833,20040000083,20040246916,246833
1226,12270245458,20050000083,20050245541,245458
1227,12280248458,20060000083,20060248541,248458
1228,12290249416,20070000083,20070249500,249417
1229,12300250375,20080000083,20080250458,250375
1230,12310250458,20090000083,20090250541,250458
1231,12320251125,20100000083,20100251208,251125
1232,12330249166,20110000083,20110249250,249167
1233,12340481708,20120000083,20120481791,481708
1234,12350302416,20130000083,20130302500,302417
1235,12360248833,20140000083,20140248916,248833
1236,12370245416,20150000083,20150245500,245417
1237,12380248708,20160000083,20160248791,248708
1238,12390245291,20170000083,20170245375,245292
1239,12400242166,20180000083,20180242250,242167
1240,12410246333,20190000083,20190246416,246333
1241,12420245833,20200000083,20200245916,245833
1242,12430246500,20210000083,20210246583,246500
1243,12440245708,20220000083,20220245791,245708
1244,12450249291,20230000083,20230249375,249292
1245,12460245875,20240000083,20240245958,245875
1246,12470246250,20250000083,20250246333,246250
1247,12480245458,20260000083,20260245541,245458
1248,12490246125,20270000083,20270246208,246125
1249,12500247375,20280000083,20280247458,247375
1250,12510247166,20290000083,20290247250,247167
1251,12520246666,20300000083,20300246750,246667
1252,12530246166,20310000083,20310246250,246167
1253,12540248000,20320000083,20320248083,248000
1254,12550249250,20330000083,20330249333,249250
1255,12560248458,20340000083,20340248541,248458
1256,12570250583,20350000083,20350250666,250583
1257,12580253291,20360000083,20360253375,253292
1258,12590248708,20370000083,20370248791,248708
1259,12600466375,20380000083,20380466458,466375
1260,12610318291,20390000083,20390318375,318292
1261,12620246916,20400000083,20400247000,246917
1262,12630248458,20410000083,20410248541,248458
1263,12640246208,20420000083,20420246291,246208
1264,12650246291,20430000083,20430246375,246292
1265,12660245791,20440000083,20440245875,245792
1266,12670245583,20450000083,20450245666,245583
1267,12680245958,20460000083,20460246041,245958
1268,12690247208,20470000083,20470247291,247208
1269,12700245250,20480000083,20480245333,245250
1270,12710246500,20490000083,20490246583,246500
1271,12720246291,20500000083,20500246375,246292
1272,12730246666,20510000083,20510246750,246667
1273,12740245583,20520000083,20520245666,245583
1274,12750248875,20530000083,20530248958,248875
1275,12760245750,20540000083,20540245833,245750
1276,12770244375,20550000083,20550244458,244375
1277,12780245333,20560000083,20560245416,245333
1278,12790246291,20570000083,20570246375,246292
1279,12800242583,20580000083,20580242666,242583
1280,12810252583,20590000083,20590252666,252583
1281,12820249750,20600000083,20600249833,249750
1282,12830249833,20610000083,20610249916,249833
1283,12840249916,20620000083,20620250000,249917
1284,12850584541,20630000083,20630584625,584542
1285,12860245416,20640000083,20640245500,245417
1286,12870247250,20650000083,20650247333,247250
1287,12880245583,20660000083,20660245666,245583
1288,12890246250,20670000083,20670246333,246250
1289,12900246333,20680000083,20680246416,246333
1290,12912788583,20690000083,20692788666,2788583
1291,12927694500,20700000083,20707694583,7694500
1292,12932350375,20710000083,20712350458,2350375
1293,12940244916,20720000083,20720245000,244917
1294,12950247333,20730000083,20730247416,247333
1295,12960246250,20740000083,20740246333,246250
1296,12970245750,20750000083,20750245833,245750
1297,12980246125,20760000083,20760246208,246125
1298,12990246500,20770000083,20770246583,246500
1299,13000243083,20780000083,20780243166,243083
1300,13010247833,20790000083,20790247916,247833
1301,13020245875,20800000083,20800245958,245875
1302,13030245958,20810000083,20810246041,245958
1303,13040245458,20820000083,20820245541,245458
1304,13050247000,20830000083,20830247083,247000
1305,13060245625,20840000083,20840245708,245625
1306,13070246000,20850000083,20850246083,246000
1307,13080248125,20860000083,20860248208,248125
1308,13090248500,20870000083,20870248583,248500
1309,13100250916,20880000083,20880251000,250917
1310,13110251000,20890000083,20890251083,251000
1311,13120251083,20900000083,20900251166,251083
1312,13130383583,20910000083,20910383666,383583
1313,13140390666,20920000083,20920390750,390667
1314,13150246083,20930000083,20930246166,246083
1315,13160247041,20940000083,20940247125,247042
1316,13170245375,20950000083,20950245458,245375
1317,13180248375,20960000083,20960248458,248375
1318,13190245833,20970000083,20970245916,245833
1319,13200242416,20980000083,20980242500,242417
1320,13210247166,20990000083,20990247250,247167
1321,13220247250,21000000083,21000247333,247250
1322,13230246458,21010000083,21010246541,246458
1323,13240248000,21020000083,21020248083,248000
1324,13250245750,21030000083,21030245833,245750
1325,13260245250,21040000083,21040245333,245250
1326,13270245333,21050000083,21050245416,245333
1327,13280246875,21060000083,21060246958,246875
1328,13290246375,21070000083,21070246458,246375
1329,13300653916,21080000083,21080654000,653917
1330,13310246541,21090000083,21090246625,246542
1331,13320247500,21100000083,21100247583,247500
1332,13330248458,21110000083,21110248541,248458
1333,13340248541,21120000083,21120248625,248542
1334,13350250375,21130000083,21130250458,250375
1335,13360250458,21140000083,21140250541,250458
1336,13370250250,21150000083,21150250333,250250
1337,13380249458,21160000083,21160249541,249458
1338,13390562208,21170000083,21170562291,562208
1339,13400244375,21180000083,21180244458,244375
1340,13410245916,21190000083,21190246000,245917
1341,13420247458,21200000083,21200247541,247458
1342,13430245500,21210000083,21210245583,245500
1343,13440246458,21220000083,21220246541,246458
1344,13450245666,21230000083,21230245750,245667
1345,13460245750,21240000083,21240245833,245750
1346,13470249916,21250000083,21250250000,249917
1347,13480246208,21260000083,21260246291,246208
1348,13490246000,21270000083,21270246083,246000
1349,13500245791,21280000083,21280245875,245792
1350,13510247625,21290000083,21290247708,247625
1351,13520245666,21300000083,21300245750,245667
1352,13530246333,21310000083,21310246416,246333
1353,13540245833,21320000083,21320245916,245833
1354,13550249416,21330000083,21330249500,249417
1355,13560250083,21340000083,21340250166,250083
1356,13570373541,21350000083,21350373625,373542
1357,13580249958,21360000083,21360250041,249958
1358,13590250333,21370000083,21370250416,250333
1359,13600605666,21380000083,21380605750,605667
1360,13610245541,21390000083,21390245625,245542
1361,13620245041,21400000083,21400245125,245042
1362,13630243958,21410000083,21410244041,243958
1363,13640247250,21420000083,21420247333,247250
1364,13650246166,21430000083,21430246250,246167
1365,13660247416,21440000083,21440247500,247417
1366,13670246625,21450000083,21450246708,246625
1367,13680245541,21460000083,21460245625,245542
1368,13690248833,21470000083,21470248916,248833
1369,13700250958,21480000083,21480251041,250958
1370,13710330958,21490000083,21490331041,330958
1371,13720253750,21500000083,21500253833,253750
1372,13730467625,21510000083,21510467708,467625
1373,13740316916,21520000083,21520317000,316917
1374,13750245250,21530000083,21530245333,245250
1375,13760247375,21540000083,21540247458,247375
1376,13770245708,21550000083,21550245791,245708
1377,13780249000,21560000083,21560249083,249000
1378,13790244708,21570000083,21570244791,244708
1379,13800247125,21580000083,21580247208,247125
1380,13810246625,21590000083,21590246708,246625
1381,13820244375,21600000083,21600244458,244375
1382,13830243583,21610000083,21610243666,243583
1383,13840243666,21620000083,21620243750,243667
1384,13850248708,21630000083,21630248791,248708
1385,13860246750,21640000083,21640246833,246750
1386,13870244791,21650000083,21650244875,244792
1387,13880244000,21660000083,21660244083,244000
1388,13890243208,21670000083,21670243291,243208
1389,13900245625,21680000083,21680245708,245625
1390,13910248041,21690000083,21690248125,248042
1391,13920246375,21700000083,21700246458,246375
1392,13930247333,21710000083,21710247416,247333
1393,13949121958,21720000083,21729122041,9121958
1394,13950945750,21730000083,21730945833,945750
1395,13960273250,21740000083,21740273333,273250
1396,13970350041,21750000083,21750350125,350042
1397,13980246583,21760000083,21760246666,246583
1398,13990245208,21770000083,21770245291,245208
1399,14000245583,21780000083,21780245666,245583
1400,14010245666,21790000083,21790245750,245667
1401,14020246333,21800000083,21800246416,246333
1402,14030244958,21810000083,21810245041,244958
1403,14040247375,21820000083,21820247458,247375
1404,14050253291,21830000083,21830253375,253292
1405,14060246958,21840000083,21840247041,246958
1406,14070245291,21850000083,21850245375,245292
1407,14080245958,21860000083,21860246041,245958
1408,14090246333,21870000083,21870246416,246333
1409,14100241750,21880000083,21880241833,241750
1410,14110254375,21890000083,21890254458,254375
1411,14120246291,21900000083,21900246375,246292
1412,14130244916,21910000083,21910245000,244917
1413,14140243250,21920000083,21920243333,243250
1414,14150244500,21930000083,21930244583,244500
1415,14160243708,21940000083,21940243791,243708
1416,14170247583,21950000083,21950247666,247583
1417,14180248250,21960000083,21960248333,248250
1418,14190250083,21970000083,21970250166,250083
1419,14200244625,21980000083,21980244708,244625
1420,14210250833,21990000083,21990250916,250833
1421,14220248875,22000000083,22000248958,248875
1422,14230541208,22010000083,22010541291,541208
1423,14240244083,22020000083,22020244166,244083
1424,14250246791,22030000083,22030246875,246792
1425,14260246583,22040000083,22040246666,246583
1426,14270247833,22050000083,22050247916,247833
1427,14280246458,22060000083,22060246541,246458
1428,14290245375,22070000083,22070245458,245375
1429,14300247500,22080000083,22080247583,247500
1430,14310245833,22090000083,22090245916,245833
1431,14320243000,22100000083,22100243083,243000
1432,14330246291,22110000083,22110246375,246292
1433,14340245791,22120000083,22120245875,245792
1434,14350245291,22130000083,22130245375,245292
1435,14360244791,22140000083,22140244875,244792
1436,14370244000,22150000083,22150244083,244000
1437,14380243500,22160000083,22160243583,243500
1438,14390246500,22170000083,22170246583,246500
1439,14400243666,22180000083,22180243750,243667
1440,14410244041,22190000083,22190244125,244042
1441,14420246458,22200000083,22200246541,246458
1442,14430245083,22210000083,22210245166,245083
1443,14440246041,22220000083,22220246125,246042
1444,14450248458,22230000083,22230248541,248458
1445,14460251750,22240000083,22240251833,251750
1446,14470250083,22250000083,22250250166,250083
1447,14480250166,22260000083,22260250250,250167
1448,14490249666,22270000083,22270249750,249667
1449,14500249166,22280000083,22280249250,249167
1450,14510279875,22290000083,22290279958,279875
1451,14520347916,22300000083,22300348000,347917
1452,14530250875,22310000083,22310250958,250875
1453,14540246875,22320000083,22320246958,246875
1454,14550246375,22330000083,22330246458,246375
1455,14560245000,22340000083,22340245083,245000
1456,14570246541,22350000083,22350246625,246542
1457,14580243125,22360000083,22360243208,243125
1458,14590244958,22370000083,22370245041,244958
1459,14600243875,22380000083,22380243958,243875
1460,14610244250,22390000083,22390244333,244250
1461,14620245791,22400000083,22400245875,245792
1462,14630244416,22410000083,22410244500,244417
1463,14640245958,22420000083,22420246041,245958
1464,14650250125,22430000083,22430250208,250125
1465,14660249041,22440000083,22440249125,249042
1466,14670249125,22450000083,22450249208,249125
1467,14680250958,22460000083,22460251041,250958
1468,14690249291,22470000083,22470249375,249292
1469,14700250250,22480000083,22480250333,250250
1470,14710443708,22490000083,22490443791,443708
1471,14720315166,22500000083,22500315250,315167
1472,14730244958,22510000083,22510245041,244958
1473,14740247666,22520000083,22520247750,247667
1474,14750243083,22530000083,22530243166,243083
1475,14760248416,22540000083,22540248500,248417
1476,14770246166,22550000083,22550246250,246167
1477,14780245666,22560000083,22560245750,245667
1478,14790244000,22570000083,22570244083,244000
1479,14800243500,22580000083,22580243583,243500
1480,14810243875,22590000083,22590243958,243875
1481,14820621958,22600000083,22600622041,621958
1482,14830242875,22610000083,22610242958,242875
1483,14840243833,22620000083,22620243916,243833
1484,14850243916,22630000083,22630244000,243917
1485,14860244291,22640000083,22640244375,244292
1486,14870247583,22650000083,22650247666,247583
1487,14880250875,22660000083,22660250958,250875
1488,14890250083,22670000083,22670250166,250083
1489,14900248708,22680000083,22680248791,248708
1490,14910250541,22690000083,22690250625,250542
1491,14920680250,22700000083,22700680333,680250
1492,14930244000,22710000083,22710244083,244000
1493,14940248750,22720000083,22720248833,248750
1494,14950245625,22730000083,22730245708,245625
1495,14960245708,22740000083,22740245791,245708
1496,14970242875,22750000083,22750242958,242875
1497,14980245291,22760000083,22760245375,245292
1498,14990250333,22770000083,22770250416,250333
1499,15000244000,22780000083,22780244083,244000
1500,15010244083,22790000083,22790244166,244083
1501,15020243875,22800000083,22800243958,243875
1502,15030242791,22810000083,22810242875,242792
1503,15040244041,22820000083,22820244125,244042
1504,15050242958,22830000083,22830243041,242958
1505,15060245958,22840000083,22840246041,245958
1506,15070246625,22850000083,22850246708,246625
1507,15080246125,22860000083,22860246208,246125
1508,15090245625,22870000083,22870245708,245625
1509,15100246291,22880000083,22880246375,246292
1510,15110247833,22890000083,22890247916,247833
1511,15120244708,22900000083,22900244791,244708
1512,15130247416,22910000083,22910247500,247417
1513,15140248958,22920000083,22920249041,248958
1514,15150249916,22930000083,22930250000,249917
1515,15160249708,22940000083,22940249791,249708
1516,15170247750,22950000083,22950247833,247750
1517,15180429541,22960000083,22960429625,429542
1518,15190473375,22970000083,22970473458,473375
1519,15200249750,22980000083,22980249833,249750
1520,15210244000,22990000083,22990244083,244000
1521,15220243208,23000000083,23000243291,243208
1522,15230243583,23010000083,23010243666,243583
1523,15240244833,23020000083,23020244916,244833
1524,15250243166,23030000083,23030243250,243167
1525,15260246458,23040000083,23040246541,246458
1526,15270624833,23050000083,23050624916,624833
1527,15280248958,23060000083,23060249041,248958
1528,15290248166,23070000083,23070248250,248167
1529,15300250583,23080000083,23080250666,250583
1530,15310251541,23090000083,23090251625,251542
1531,15320249875,23100000083,23100249958,249875
1532,15330250250,23110000083,23110250333,250250
1533,15340763375,23120000083,23120763458,763375
1534,15350244875,23130000083,23130244958,244875
1535,15360245833,23140000083,23140245916,245833
1536,15370246208,23150000083,23150246291,246208
1537,15380247458,23160000083,23160247541,247458
1538,15390243458,23170000083,23170243541,243458
1539,15400247041,23180000083,23180247125,247042
1540,15410245375,23190000083,23190245458,245375
1541,15420244291,23200000083,23200244375,244292
1542,15430242625,23210000083,23210242708,242625
1543,15440244166,23220000083,23220244250,244167
1544,15450243958,23230000083,23230244041,243958
1545,15460248416,23240000083,23240248500,248417
1546,15470242958,23250000083,23250243041,242958
1547,15480244208,23260000083,23260244291,244208
1548,15490243708,23270000083,23270243791,243708
1549,15500243500,23280000083,23280243583,243500
1550,15510249416,23290000083,23290249500,249417
1551,15520244833,23300000083,23300244916,244833
1552,15530243166,23310000083,23310243250,243167
1553,15540244416,23320000083,23320244500,244417
1554,15550243625,23330000083,23330243708,243625
1555,15560248083,23340000083,23340248166,248083
1556,15570251666,23350000083,23350251750,251667
1557,15580244458,23360000083,23360244541,244458
1558,15590243958,23370000083,23370244041,243958
1559,15600243458,23380000083,23380243541,243458
1560,15610246458,23390000083,23390246541,246458
1561,15620245666,23400000083,23400245750,245667
1562,15630248083,23410000083,23410248166,248083
1563,15640249041,23420000083,23420249125,249042
1564,15650248833,23430000083,23430248916,248833
1565,15660250958,23440000083,23440251041,250958
1566,15670249291,23450000083,23450249375,249292
1567,15680248500,23460000083,23460248583,248500
1568,15690280666,23470000083,23470280750,280667
1569,15700340541,23480000083,23480340625,340542
1570,15710245833,23490000083,23490245916,245833
1571,15720246500,23500000083,23500246583,246500
1572,15730246000,23510000083,23510246083,246000
1573,15740244333,23520000083,23520244416,244333
1574,15750245583,23530000083,23530245666,245583
1575,15760244208,23540000083,23540244291,244208
1576,15770243416,23550000083,23550243500,243417
1577,15780243500,23560000083,23560243583,243500
1578,15790243291,23570000083,23570243375,243292
1579,15800243666,23580000083,23580243750,243667
1580,15810246375,23590000083,23590246458,246375
1581,15820251125,23600000083,23600251208,251125
1582,15830247125,23610000083,23610247208,247125
1583,15840248375,23620000083,23620248458,248375
1584,15850250500,23630000083,23630250583,250500
1585,15860250000,23640000083,23640250083,250000
1586,15870249500,23650000083,23650249583,249500
1587,15880249875,23660000083,23660249958,249875
1588,15890604333,23670000083,23670604416,604333
1589,15900244500,23680000083,23680244583,244500
1590,15910243125,23690000083,23690243208,243125
1591,15920246125,23700000083,23700246208,246125
1592,15930246791,23710000083,23710246875,246792
1593,15940246875,23720000083,23720246958,246875
1594,15950244625,23730000083,23730244708,244625
1595,15960244416,23740000083,23740244500,244417
1596,15970243041,23750000083,23750243125,243042
1597,15980243708,23760000083,23760243791,243708
1598,15990243500,23770000083,23770243583,243500
1599,16000246500,23780000083,23780246583,246500
1600,16010248333,23790000083,23790248416,248333
1601,16020249583,23800000083,23800249666,249583
1602,16030247333,23810000083,23810247416,247333
1603,16040490375,23820000083,23820490458,490375
1604,16050289791,23830000083,23830289875,289792
1605,16060246125,23840000083,23840246208,246125
1606,16070250875,23850000083,23850250958,250875
1607,16080245416,23860000083,23860245500,245417
1608,16090245208,23870000083,23870245291,245208
1609,16100245875,23880000083,23880245958,245875
1610,16110256458,23890000083,23890256541,256458
1611,16120247208,23900000083,23900247291,247208
1612,16130246125,23910000083,23910246208,246125
1613,16140246791,23920000083,23920246875,246792
1614,16150243958,23930000083,23930244041,243958
1615,16160244916,23940000083,23940245000,244917
1616,16170243833,23950000083,23950243916,243833
1617,16180244791,23960000083,23960244875,244792
1618,16190243708,23970000083,23970243791,243708
1619,16200243791,23980000083,23980243875,243792
1620,16210245625,23990000083,23990245708,245625
1621,16220246000,24000000083,24000246083,246000
1622,16230244625,24010000083,24010244708,244625
1623,16240249375,24020000083,24020249458,249375
1624,16250248291,24030000083,24030248375,248292
1625,16260249250,24040000083,24040249333,249250
1626,16270249916,24050000083,24050250000,249917
1627,16280250583,24060000083,24060250666,250583
1628,16290250083,24070000083,24070250166,250083
1629,16300444125,24080000083,24080444208,444125
1630,16310313250,24090000083,24090313333,313250
1631,16320246250,24100000083,24100246333,246250
1632,16330246625,24110000083,24110246708,246625
1633,16340246416,24120000083,24120246500,246417
1634,16350249416,24130000083,24130249500,249417
1635,16360246875,24140000083,24140246958,246875
1636,16370245791,24150000083,24150245875,245792
1637,16380245875,24160000083,24160245958,245875
1638,16390246250,24170000083,24170246333,246250
1639,16400246625,24180000083,24180246708,246625
1640,16410246708,24190000083,24190246791,246708
1641,16420250000,24200000083,24200250083,250000
1642,16430245125,24210000083,24210245208,245125
1643,16440245500,24220000083,24220245583,245500
1644,16450245875,24230000083,24230245958,245875
1645,16460247125,24240000083,24240247208,247125
1646,16470246916,24250000083,24250247000,246917
1647,16480245541,24260000083,24260245625,245542
1648,16490246208,24270000083,24270246291,246208
1649,16500247750,24280000083,24280247833,247750
1650,16510246083,24290000083,24290246166,246083
1651,16520249666,24300000083,24300249750,249667
1652,16530247125,24310000083,24310247208,247125
1653,16540248375,24320000083,24320248458,248375
1654,16550481500,24330000083,24330481583,481500
1655,16560322916,24340000083,24340323000,322917
1656,16570246875,24350000083,24350246958,246875
1657,16580246375,24360000083,24360246458,246375
1658,16590245583,24370000083,24370245666,245583
1659,16600246250,24380000083,24380246333,246250
1660,16610255083,24390000083,24390255166,255083
1661,16620246125,24400000083,24400246208,246125
1662,16630249708,24410000083,24410249791,249708
1663,16640246291,24420000083,24420246375,246292
1664,16650246083,24430000083,24430246166,246083
1665,16660246458,24440000083,24440246541,246458
1666,16670254708,24450000083,24450254791,254708
1667,16680245750,24460000083,24460245833,245750
1668,16690248458,24470000083,24470248541,248458
1669,16700246500,24480000083,24480246583,246500
1670,16710246291,24490000083,24490246375,246292
1671,16720245500,24500000083,24500245583,245500
1672,16730246750,24510000083,24510246833,246750
1673,16740251791,24520000083,24520251875,251792
1674,16750251583,24530000083,24530251666,251583
1675,16760249916,24540000083,24540250000,249917
1676,16770248541,24550000083,24550248625,248542
1677,16780527458,24560000083,24560527541,527458
1678,16790365958,24570000083,24570366041,365958
1679,16800245583,24580000083,24580245666,245583
1680,16810248291,24590000083,24590248375,248292
1681,16820245458,24600000083,24600245541,245458
1682,16830273541,24610000083,24610273625,273542
1683,16840253791,24620000083,24620253875,253792
1684,16850245125,24630000083,24630245208,245125
1685,16860249875,24640000083,24640249958,249875
1686,16870245291,24650000083,24650245375,245292
1687,16880248583,24660000083,24660248666,248583
1688,16890245458,24670000083,24670245541,245458
1689,16900246708,24680000083,24680246791,246708
1690,16910246500,24690000083,24690246583,246500
1691,16920246583,24700000083,24700246666,246583
1692,16930274958,24710000083,24710275041,274958
1693,16940247041,24720000083,24720247125,247042
1694,16950244500,24730000083,24730244583,244500
1695,16960247500,24740000083,24740247583,247500
1696,16970246125,24750000083,24750246208,246125
1697,16980250000,24760000083,24760250083,250000
1698,16990250375,24770000083,24770250458,250375
1699,17000250750,24780000083,24780250833,250750
1700,17010250541,24790000083,24790250625,250542
1701,17020250625,24800000083,24800250708,250625
1702,17030356000,24810000083,24810356083,356000
1703,17040571625,24820000083,24820571708,571625
1704,17050245625,24830000083,24830245708,245625
1705,17060250958,24840000083,24840251041,250958
1706,17070245791,24850000083,24850245875,245792
1707,17080245000,24860000083,24860245083,245000
1708,17090246250,24870000083,24870246333,246250
1709,17100247791,24880000083,24880247875,247792
1710,17110246708,24890000083,24890246791,246708
1711,17120249125,24900000083,24900249208,249125
1712,17130245416,24910000083,24910245500,245417
1713,17140246375,24920000083,24920246458,246375
1714,17150242083,24930000083,24930242166,242083
1715,17160247708,24940000083,24940247791,247708
1716,17170246625,24950000083,24950246708,246625
1717,17180245250,24960000083,24960245333,245250
1718,17190245333,24970000083,24970245416,245333
1719,17200245125,24980000083,24980245208,245125
1720,17210247833,24990000083,24990247916,247833
1721,17220249083,25000000083,25000249166,249083
1722,17230247708,25010000083,25010247791,247708
1723,17240250416,25020000083,25020250500,250417
1724,17250250208,25030000083,25030250291,250208
1725,17260498791,25040000083,25040498875,498792
1726,17270250375,25050000083,25050250458,250375
1727,17280476208,25060000083,25060476291,476208
1728,17290319958,25070000083,25070320041,319958
1729,17300245666,25080000083,25080245750,245667
1730,17310246333,25090000083,25090246416,246333
1731,17320250208,25100000083,25100250291,250208
1732,17330245041,25110000083,25110245125,245042
1733,17340246583,25120000083,25120246666,246583
1734,17350241125,25130000083,25130241208,241125
1735,17360246750,25140000083,25140246833,246750
1736,17370247416,25150000083,25150247500,247417
1737,17380246333,25160000083,25160246416,246333
1738,17390245541,25170000083,25170245625,245542
1739,17400245041,25180000083,25180245125,245042
1740,17410248333,25190000083,25190248416,248333
1741,17420245500,25200000083,25200245583,245500
1742,17430247625,25210000083,25210247708,247625
1743,17440246541,25220000083,25220246625,246542
1744,17450642125,25230000083,25230642208,642125
1745,17460245833,25240000083,25240245916,245833
1746,17470248833,25250000083,25250248916,248833
1747,17480247458,25260000083,25260247541,247458
1748,17490249583,25270000083,25270249666,249583
1749,17500251416,25280000083,25280251500,251417
1750,17510250041,25290000083,25290250125,250042
1751,17520248958,25300000083,25300249041,248958
1752,17530249333,25310000083,25310249416,249333
1753,17540560333,25320000083,25320560416,560333
1754,17550247458,25330000083,25330247541,247458
1755,17560244625,25340000083,25340244708,244625
1756,17570247041,25350000083,25350247125,247042
1757,17580246541,25360000083,25360246625,246542
1758,17590245750,25370000083,25370245833,245750
1759,17600245833,25380000083,25380245916,245833
1760,17610248541,25390000083,25390248625,248542
1761,17620246291,25400000083,25400246375,246292
1762,17630245208,25410000083,25410245291,245208
1763,17640246458,25420000083,25420246541,246458
1764,17650245666,25430000083,25430245750,245667
1765,17660245750,25440000083,25440245833,245750
1766,17670249041,25450000083,25450249125,249042
1767,17680247375,25460000083,25460247458,247375
1768,17690245708,25470000083,25470245791,245708
1769,17700246375,25480000083,25480246458,246375
1770,17710245583,25490000083,25490245666,245583
1771,17720247708,25500000083,25500247791,247708
1772,17730247500,25510000083,25510247583,247500
1773,17740247583,25520000083,25520247666,247583
1774,17750251750,25530000083,25530251833,251750
1775,17760249500,25540000083,25540249583,249500
1776,17770250458,25550000083,25550250541,250458
1777,17780489125,25560000083,25560489208,489125
1778,17790291750,25570000083,25570291833,291750
1779,17800245166,25580000083,25580245250,245167
1780,17810245541,25590000083,25590245625,245542
1781,17820247375,25600000083,25600247458,247375
1782,17830245416,25610000083,25610245500,245417
1783,17840246958,25620000083,25620247041,246958
1784,17850245000,25630000083,25630245083,245000
1785,17860248583,25640000083,25640248666,248583
1786,17870246333,25650000083,25650246416,246333
1787,17880246125,25660000083,25660246208,246125
1788,17890245041,25670000083,25670245125,245042
1789,17900246583,25680000083,25680246666,246583
1790,17910246958,25690000083,25690247041,246958
1791,17920245583,25700000083,25700245666,245583
1792,17930247125,25710000083,25710247208,247125
1793,17940246333,25720000083,25720246416,246333
1794,17950243208,25730000083,25730243291,243208
1795,17960246208,25740000083,25740246291,246208
1796,17970247166,25750000083,25750247250,247167
1797,17980249875,25760000083,25760249958,249875
1798,17990250833,25770000083,25770250916,250833
1799,18000250625,25780000083,25780250708,250625
1800,18010250125,25790000083,25790250208,250125
1801,18020249916,25800000083,25800250000,249917
1802,18030249708,25810000083,25810249791,249708
1803,18040558666,25820000083,25820558750,558667
1804,18050700791,25830000083,25830700875,700792
1805,18060249958,25840000083,25840250041,249958
1806,18070246541,25850000083,25850246625,246542
1807,18080247208,25860000083,25860247291,247208
1808,18090245250,25870000083,25870245333,245250
1809,18100245916,25880000083,25880246000,245917
1810,18110246583,25890000083,25890246666,246583
1811,18120246666,25900000083,25900246750,246667
1812,18130249083,25910000083,25910249166,249083
1813,18140246541,25920000083,25920246625,246542
1814,18150245458,25930000083,25930245541,245458
1815,18160246708,25940000083,25940246791,246708
1816,18170255541,25950000083,25950255625,255542
1817,18180246000,25960000083,25960246083,246000
1818,18190249583,25970000083,25970249666,249583
1819,18200246750,25980000083,25980246833,246750
1820,18210245958,25990000083,25990246041,245958
1821,18220249250,26000000083,26000249333,249250
1822,18230247875,26010000083,26010247958,247875
1823,18240247958,26020000083,26020248041,247958
1824,18250251833,26030000083,26030251916,251833
1825,18260249583,26040000083,26040249666,249583
1826,18270249083,26050000083,26050249166,249083
1827,18280250041,26060000083,26060250125,250042
1828,18290664000,26070000083,26070664083,664000
1829,18300244666,26080000083,26080244750,244667
1830,18310248833,26090000083,26090248916,248833
1831,18320246583,26100000083,26100246666,246583
1832,18330245208,26110000083,26110245291,245208
1833,18340246750,26120000083,26120246833,246750
1834,18350246541,26130000083,26130246625,246542
1835,18360248666,26140000083,26140248750,248667
1836,18370246708,26150000083,26150246791,246708
1837,18380246208,26160000083,26160246291,246208
1838,18390243375,26170000083,26170243458,243375
1839,18400246958,26180000083,26180247041,246958
1840,18410245875,26190000083,26190245958,245875
1841,18420245375,26200000083,26200245458,245375
1842,18430245458,26210000083,26210245541,245458
1843,18440245541,26220000083,26220245625,245542
1844,18450245625,26230000083,26230245708,245625
1845,18460246583,26240000083,26240246666,246583
1846,18470245791,26250000083,26250245875,245792
1847,18480248500,26260000083,26260248583,248500
1848,18490251500,26270000083,26270251583,251500
1849,18500248375,26280000083,26280248458,248375
1850,18510250208,26290000083,26290250291,250208
1851,18520251750,26300000083,26300251833,251750
1852,18530250666,26310000083,26310250750,250667
1853,18540249291,26320000083,26320249375,249292
1854,18550555625,26330000083,26330555708,555625
1855,18560246250,26340000083,26340246333,246250
1856,18570246333,26350000083,26350246416,246333
1857,18580246416,26360000083,26360246500,246417
1858,18590241541,26370000083,26370241625,241542
1859,18600245416,26380000083,26380245500,245417
1860,18610247250,26390000083,26390247333,247250
1861,18620246166,26400000083,26400246250,246167
1862,18630246541,26410000083,26410246625,246542
1863,18640245458,26420000083,26420245541,245458
1864,18650245541,26430000083,26430245625,245542
1865,18660248541,26440000083,26440248625,248542
1866,18670244833,26450000083,26450244916,244833
1867,18680248416,26460000083,26460248500,248417
1868,18690245291,26470000083,26470245375,245292
1869,18700246250,26480000083,26480246333,246250
1870,18710245458,26490000083,26490245541,245458
1871,18720246416,26500000083,26500246500,246417
1872,18730244750,26510000083,26510244833,244750
1873,18740246875,26520000083,26520246958,246875
1874,18750249875,26530000083,26530249958,249875
1875,18760247916,26540000083,26540248000,247917
1876,18770249750,26550000083,26550249833,249750
1877,18780250416,26560000083,26560250500,250417
1878,18790250208,26570000083,26570250291,250208
1879,18800541083,26580000083,26580541166,541083
1880,18810244833,26590000083,26590244916,244833
1881,18820246375,26600000083,26600246458,246375
1882,18830247625,26610000083,26610247708,247625
1883,18840245958,26620000083,26620246041,245958
1884,18850245166,26630000083,26630245250,245167
1885,18860247875,26640000083,26640247958,247875
1886,18870245333,26650000083,26650245416,245333
1887,18880246291,26660000083,26660246375,246292
1888,18890247833,26670000083,26670247916,247833
1889,18900246458,26680000083,26680246541,246458
1890,18910245666,26690000083,26690245750,245667
1891,18920246333,26700000083,26700246416,246333
1892,18930245250,26710000083,26710245333,245250
1893,18940246500,26720000083,26720246583,246500
1894,18950245416,26730000083,26730245500,245417
1895,18960244625,26740000083,26740244708,244625
1896,18970249666,26750000083,26750249750,249667
1897,18980246250,26760000083,26760246333,246250
1898,18990243416,26770000083,26770243500,243417
1899,19000249041,26780000083,26780249125,249042
1900,19010250583,26790000083,26790250666,250583
1901,19020250666,26800000083,26800250750,250667
1902,19030252208,26810000083,26810252291,252208
1903,19040250250,26820000083,26820250333,250250
1904,19050249750,26830000083,26830249833,249750
1905,19060542083,26840000083,26840542166,542083
1906,19070245833,26850000083,26850245916,245833
1907,19080245333,26860000083,26860245416,245333
1908,19090249208,26870000083,26870249291,249208
1909,19100245791,26880000083,26880245875,245792
1910,19110246166,26890000083,26890246250,246167
1911,19120246541,26900000083,26900246625,246542
1912,19130244875,26910000083,26910244958,244875
1913,19140247000,26920000083,26920247083,247000
1914,19150245916,26930000083,26930246000,245917
1915,19160249791,26940000083,26940249875,249792
1916,19170246083,26950000083,26950246166,246083
1917,19180245875,26960000083,26960245958,245875
1918,19190241000,26970000083,26970241083,241000
1919,19200246041,26980000083,26980246125,246042
1920,19210247000,26990000083,26990247083,247000
1921,19220245625,27000000083,27000245708,245625
1922,19230246000,27010000083,27010246083,246000
1923,19240245791,27020000083,27020245875,245792
1924,19250245291,27030000083,27030245375,245292
1925,19260248875,27040000083,27040248958,248875
1926,19270250125,27050000083,27050250208,250125
1927,19280250208,27060000083,27060250291,250208
1928,19290423541,27070000083,27070423625,423542
1929,19300319791,27080000083,27080319875,319792
1930,19310245500,27090000083,27090245583,245500
1931,19320245875,27100000083,27100245958,245875
1932,19330246541,27110000083,27110246625,246542
1933,19340256833,27120000083,27120256916,256833
1934,19350244958,27130000083,27130245041,244958
1935,19360250583,27140000083,27140250666,250583
1936,19370246583,27150000083,27150246666,246583
1937,19380246375,27160000083,27160246458,246375
1938,19390255791,27170000083,27170255875,255792
1939,19400254125,27180000083,27180254208,254125
1940,19410248375,27190000083,27190248458,248375
1941,19420245833,27200000083,27200245916,245833
1942,19430246791,27210000083,27210246875,246792
1943,19440246583,27220000083,27220246666,246583
1944,19450246666,27230000083,27230246750,246667
1945,19460245583,27240000083,27240245666,245583
1946,19470245666,27250000083,27250245750,245667
1947,19480248083,27260000083,27260248166,248083
1948,19490249625,27270000083,27270249708,249625
1949,19500248833,27280000083,27280248916,248833
1950,19510255625,27290000083,27290255708,255625
1951,19520342333,27300000083,27300342416,342333
1952,19530250250,27310000083,27310250333,250250
1953,19540249750,27320000083,27320249833,249750
1954,19550478500,27330000083,27330478583,478500
1955,19560315833,27340000083,27340315916,315833
1956,19570254375,27350000083,27350254458,254375
1957,19580246583,27360000083,27360246666,246583
1958,19590246083,27370000083,27370246166,246083
1959,19600246458,27380000083,27380246541,246458
1960,19610246250,27390000083,27390246333,246250
1961,19620248958,27400000083,27400249041,248958
1962,19630245541,27410000083,27410245625,245542
1963,19640247083,27420000083,27420247166,247083
1964,19650247750,27430000083,27430247833,247750
1965,19660245500,27440000083,27440245583,245500
1966,19670248500,27450000083,27450248583,248500
1967,19680245375,27460000083,27460245458,245375
1968,19690245750,27470000083,27470245833,245750
1969,19700246416,27480000083,27480246500,246417
1970,19710246791,27490000083,27490246875,246792
1971,19720282750,27500000083,27500282833,282750
1972,19730247250,27510000083,27510247333,247250
1973,19740249083,27520000083,27520249166,249083
1974,19750249750,27530000083,27530249833,249750
1975,19760248958,27540000083,27540249041,248958
1976,19770251083,27550000083,27550251166,251083
1977,19780250291,27560000083,27560250375,250292
1978,19790561291,27570000083,27570561375,561292
1979,19800244625,27580000083,27580244708,244625
1980,19810245875,27590000083,27590245958,245875
1981,19820248291,27600000083,27600248375,248292
1982,19830241083,27610000083,27610241166,241083
1983,19840247875,27620000083,27620247958,247875
1984,19850245916,27630000083,27630246000,245917
1985,19860249500,27640000083,27640249583,249500
1986,19870247541,27650000083,27650247625,247542
1987,19880246750,27660000083,27660246833,246750
1988,19890245958,27670000083,27670246041,245958
1989,19900244875,27680000083,27680244958,244875
1990,19910245541,27690000083,27690245625,245542
1991,19920247958,27700000083,27700248041,247958
1992,19930246583,27710000083,27710246666,246583
1993,19940246958,27720000083,27720247041,246958
1994,19950245291,27730000083,27730245375,245292
1995,19960245958,27740000083,27740246041,245958
1996,19970248375,27750000083,27750248458,248375
1997,19980245541,27760000083,27760245625,245542
1998,19990248541,27770000083,27770248625,248542
1999,20000249791,27780000083,27780249875,249792
2000,20010248416,27790000083,27790248500,248417
2001,20020250541,27800000083,27800250625,250542
2002,20030244500,27810000083,27810244583,244500
2003,20040250708,27820000083,27820250791,250708
2004,20050771125,27830000083,27830771208,771125
2005,20060244750,27840000083,27840244833,244750
2006,20070245708,27850000083,27850245791,245708
2007,20080245500,27860000083,27860245583,245500
2008,20090245291,27870000083,27870245375,245292
2009,20100244791,27880000083,27880244875,244792
2010,20110251875,27890000083,27890251958,251875
2011,20120247875,27900000083,27900247958,247875
2012,20130250291,27910000083,27910250375,250292
2013,20140251250,27920000083,27920251333,251250
2014,20150249000,27930000083,27930249083,249000
2015,20160248791,27940000083,27940248875,248792
2016,20170397333,27950000083,27950397416,397333
2017,20180246333,27960000083,27960246416,246333
2018,20190245250,27970000083,27970245333,245250
2019,20200245625,27980000083,27980245708,245625
2020,20210246875,27990000083,27990246958,246875
2021,20220248708,28000000083,28000248791,248708
2022,20230242375,28010000083,28010242458,242375
2023,20240246541,28020000083,28020246625,246542
2024,20250245750,28030000083,28030245833,245750
2025,20260246708,28040000083,28040246791,246708
2026,20270246791,28050000083,28050246875,246792
2027,20280246583,28060000083,28060246666,246583
2028,20290246083,28070000083,28070246166,246083
2029,20300245875,28080000083,28080245958,245875
2030,20310246833,28090000083,28090246916,246833
2031,20320248375,28100000083,28100248458,248375
2032,20330244958,28110000083,28110245041,244958
2033,20340252625,28120000083,28120252708,252625
2034,20350248333,28130000083,28130248416,248333
2035,20360249583,28140000083,28140249666,249583
2036,20370253458,28150000083,28150253541,253458
2037,20380249166,28160000083,28160249250,249167
2038,20390249833,28170000083,28170249916,249833
2039,20400471000,28180000083,28180471083,471000
2040,20410316500,28190000083,28190316583,316500
2041,20420246000,28200000083,28200246083,246000
2042,20430242291,28210000083,28210242375,242292
2043,20440246750,28220000083,28220246833,246750
2044,20450247125,28230000083,28230247208,247125
2045,20460247208,28240000083,28240247291,247208
2046,20470247583,28250000083,28250247666,247583
2047,20480246208,28260000083,28260246291,246208
2048,20490245125,28270000083,28270245208,245125
2049,20500247541,28280000083,28280247625,247542
2050,20510245000,28290000083,28290245083,245000
2051,20520247125,28300000083,28300247208,247125
2052,20530245750,28310000083,28310245833,245750
2053,20540246708,28320000083,28320246791,246708
2054,20550246500,28330000083,28330246583,246500
2055,20560246291,28340000083,28340246375,246292
2056,20570246958,28350000083,28350247041,246958
2057,20580246166,28360000083,28360246250,246167
2058,20590250916,28370000083,28370251000,250917
2059,20600248375,28380000083,28380248458,248375
2060,20610247875,28390000083,28390247958,247875
2061,20620250291,28400000083,28400250375,250292
2062,20630243958,28410000083,28410244041,243958
2063,20640306166,28420000083,28420306250,306167
2064,20650352916,28430000083,28430353000,352917
2065,20660248000,28440000083,28440248083,248000
2066,20670247500,28450000083,28450247583,247500
2067,20680244958,28460000083,28460245041,244958
2068,20690246208,28470000083,28470246291,246208
2069,20700247166,28480000083,28480247250,247167
2070,20710244916,28490000083,28490245000,244917
2071,20720247916,28500000083,28500248000,247917
2072,20730625416,28510000083,28510625500,625417
2073,20740246333,28520000083,28520246416,246333
2074,20750244666,28530000083,28530244750,244667
2075,20760245916,28540000083,28540246000,245917
2076,20770385708,28550000083,28550385791,385708
2077,20780245791,28560000083,28560245875,245792
2078,20790248791,28570000083,28570248875,248792
2079,20800246833,28580000083,28580246916,246833
2080,20810245166,28590000083,28590245250,245167
2081,20820244958,28600000083,28600245041,244958
2082,20830245333,28610000083,28610245416,245333
2083,20840246291,28620000083,28620246375,246292
2084,20850249000,28630000083,28630249083,249000
2085,20860254333,28640000083,28640254416,254333
2086,20870401708,28650000083,28650401791,401708
2087,20880244875,28660000083,28660244958,244875
2088,20890243500,28670000083,28670243583,243500
2089,20900243583,28680000083,28680243666,243583
2090,20910248041,28690000083,28690248125,248042
2091,20920251916,28700000083,28700252000,251917
2092,20930249375,28710000083,28710249458,249375
2093,20940250916,28720000083,28720251000,250917
2094,20950249541,28730000083,28730249625,249542
2095,20960249625,28740000083,28740249708,249625
2096,20970558000,28750000083,28750558083,558000
2097,20980320083,28760000083,28760320166,320083
2098,20990246375,28770000083,28770246458,246375
2099,21000245875,28780000083,28780245958,245875
2100,21010247125,28790000083,28790247208,247125
2101,21020246333,28800000083,28800246416,246333
2102,21030245833,28810000083,28810245916,245833
2103,21040247666,28820000083,28820247750,247667
2104,21050246000,28830000083,28830246083,246000
2105,21060245500,28840000083,28840245583,245500
2106,21070242958,28850000083,28850243041,242958
2107,21080245666,28860000083,28860245750,245667
2108,21090249250,28870000083,28870249333,249250
2109,21100247000,28880000083,28880247083,247000
2110,21110244166,28890000083,28890244250,244167
2111,21120246000,28900000083,28900246083,246000
2112,21130245208,28910000083,28910245291,245208
2113,21140246458,28920000083,28920246541,246458
2114,21150250333,28930000083,28930250416,250333
2115,21160248083,28940000083,28940248166,248083
2116,21170246708,28950000083,28950246791,246708
2117,21180250000,28960000083,28960250083,250000
2118,21190594541,28970000083,28970594625,594542
2119,21200244333,28980000083,28980244416,244333
2120,21210245875,28990000083,28990245958,245875
2121,21220250041,29000000083,29000250125,250042
2122,21230244875,29010000083,29010244958,244875
2123,21240246125,29020000083,29020246208,246125
2124,21250245625,29030000083,29030245708,245625
2125,21260246875,29040000083,29040246958,246875
2126,21270255708,29050000083,29050255791,255708
2127,21280245583,29060000083,29060245666,245583
2128,21290248583,29070000083,29070248666,248583
2129,21300245750,29080000083,29080245833,245750
2130,21310243500,29090000083,29090243583,243500
2131,21320243291,29100000083,29100243375,243292
2132,21330243375,29110000083,29110243458,243375
2133,21340244625,29120000083,29120244708,244625
2134,21350244708,29130000083,29130244791,244708
2135,21360244208,29140000083,29140244291,244208
2136,21370246333,29150000083,29150246416,246333
2137,21380246125,29160000083,29160246208,246125
2138,21390246791,29170000083,29170246875,246792
2139,21400245416,29180000083,29180245500,245417
2140,21410249291,29190000083,29190249375,249292
2141,21420247916,29200000083,29200248000,247917
2142,21430247708,29210000083,29210247791,247708
2143,21440252458,29220000083,29220252541,252458
2144,21450249625,29230000083,29230249708,249625
2145,21460249125,29240000083,29240249208,249125
2146,21470292375,29250000083,29250292458,292375
2147,21480347291,29260000083,29260347375,347292
2148,21490246458,29270000083,29270246541,246458
2149,21500245958,29280000083,29280246041,245958
2150,21510248083,29290000083,29290248166,248083
2151,21520244958,29300000083,29300245041,244958
2152,21530247958,29310000083,29310248041,247958
2153,21540247166,29320000083,29320247250,247167
2154,21550245791,29330000083,29330245875,245792
2155,21560247625,29340000083,29340247708,247625
2156,21570246541,29350000083,29350246625,246542
2157,21580245166,29360000083,29360245250,245167
2158,21590249041,29370000083,29370249125,249042
2159,21600246208,29380000083,29380246291,246208
2160,21610245416,29390000083,29390245500,245417
2161,21620246666,29400000083,29400246750,246667
2162,21630246166,29410000083,29410246250,246167
2163,21640246541,29420000083,29420246625,246542
2164,21650246625,29430000083,29430246708,246625
2165,21660246125,29440000083,29440246208,246125
2166,21670243000,29450000083,29450243083,243000
2167,21680244833,29460000083,29460244916,244833
2168,21690248708,29470000083,29470248791,248708
2169,21700254041,29480000083,29480254125,254042
2170,21710250333,29490000083,29490250416,250333
2171,21720249250,29500000083,29500249333,249250
2172,21730255458,29510000083,29510255541,255458
2173,21740615458,29520000083,29520615541,615458
2174,21750244541,29530000083,29530244625,244542
2175,21760250166,29540000083,29540250250,250167
2176,21770246458,29550000083,29550246541,246458
2177,21780246250,29560000083,29560246333,246250
2178,21790245458,29570000083,29570245541,245458
2179,21800245833,29580000083,29580245916,245833
2180,21810245333,29590000083,29590245416,245333
2181,21820250958,29600000083,29600251041,250958
2182,21830246083,29610000083,29610246166,246083
2183,21840246166,29620000083,29620246250,246167
2184,21850245666,29630000083,29630245750,245667
2185,21860245458,29640000083,29640245541,245458
2186,21870257208,29650000083,29650257291,257208
2187,21880245916,29660000083,29660246000,245917
2188,21890248041,29670000083,29670248125,248042
2189,21900245791,29680000083,29680245875,245792
2190,21910245000,29690000083,29690245083,245000
2191,21920246250,29700000083,29700246333,246250
2192,21930248375,29710000083,29710248458,248375
2193,21940245541,29720000083,29720245625,245542
2194,21950247958,29730000083,29730248041,247958
2195,21960248625,29740000083,29740248708,248625
2196,21970249000,29750000083,29750249083,249000
2197,21980250541,29760000083,29760250625,250542
2198,21990250041,29770000083,29770250125,250042
2199,22000249250,29780000083,29780249333,249250
2200,22010265666,29790000083,29790265750,265667
2201,22020671458,29800000083,29800671541,671458
2202,22030246583,29810000083,29810246666,246583
2203,22040245791,29820000083,29820245875,245792
2204,22050245875,29830000083,29830245958,245875
2205,22060246541,29840000083,29840246625,246542
2206,22070248083,29850000083,29850248166,248083
2207,22080245541,29860000083,29860245625,245542
2208,22090251166,29870000083,29870251250,251167
2209,22100246583,29880000083,29880246666,246583
2210,22110246083,29890000083,29890246166,246083
2211,22120247041,29900000083,29900247125,247042
2212,22130253541,29910000083,29910253625,253542
2213,22140245458,29920000083,29920245541,245458
2214,22150248166,29930000083,29930248250,248167
2215,22160245916,29940000083,29940246000,245917
2216,22170626041,29950000083,29950626125,626042
2217,22180246083,29960000083,29960246166,246083
2218,22190245583,29970000083,29970245666,245583
2219,22200246541,29980000083,29980246625,246542
2220,22210251000,29990000083,29990251083,251000
2221,22220248458,30000000083,30000248541,248458
2222,22230248250,30010000083,30010248333,248250
2223,22240256500,30020000083,30020256583,256500
2224,22250251333,30030000083,30030251416,251333
2225,22260249958,30040000083,30040250041,249958
2226,22270488916,30050000083,30050489000,488917
2227,22280285708,30060000083,30060285791,285708
2228,22290255458,30070000083,30070255541,255458
2229,22300252625,30080000083,30080252708,252625
2230,22310246875,30090000083,30090246958,246875
2231,22320246958,30100000083,30100247041,246958
2232,22330245583,30110000083,30110245666,245583
2233,22340245666,30120000083,30120245750,245667
2234,22350244583,30130000083,30130244666,244583
2235,22360247875,30140000083,30140247958,247875
2236,22370247375,30150000083,30150247458,247375
2237,22380250958,30160000083,30160251041,250958
2238,22390250166,30170000083,30170250250,250167
2239,22400251416,30180000083,30180251500,251417
2240,22410249750,30190000083,30190249833,249750
2241,22420453416,30200000083,30200453500,453417
2242,22430317583,30210000083,30210317666,317583
2243,22440246208,30220000083,30220246291,246208
2244,22450245125,30230000083,30230245208,245125
2245,22460248416,30240000083,30240248500,248417
2246,22470245583,30250000083,30250245666,245583
2247,22480245666,30260000083,30260245750,245667
2248,22490246041,30270000083,30270246125,246042
2249,22500245833,30280000083,30280245916,245833
2250,22510242416,30290000083,30290242500,242417
2251,22520248333,30300000083,30300248416,248333
2252,22530246083,30310000083,30310246166,246083
2253,22540246166,30320000083,30320246250,246167
2254,22550243625,30330000083,30330243708,243625
2255,22560248083,30340000083,30340248166,248083
2256,22570247583,30350000083,30350247666,247583
2257,22580250000,30360000083,30360250083,250000
2258,22590250958,30370000083,30370251041,250958
2259,22600249583,30380000083,30380249666,249583
2260,22610249958,30390000083,30390250041,249958
2261,22620465291,30400000083,30400465375,465292
2262,22630319250,30410000083,30410319333,319250
2263,22640245833,30420000083,30420245916,245833
2264,22650248833,30430000083,30430248916,248833
2265,22660246000,30440000083,30440246083,246000
2266,22670245500,30450000083,30450245583,245500
2267,22680246166,30460000083,30460246250,246167
2268,22690246250,30470000083,30470246333,246250
2269,22700246916,30480000083,30480247000,246917
2270,22710242333,30490000083,30490242416,242333
2271,22720246208,30500000083,30500246291,246208
2272,22730246291,30510000083,30510246375,246292
2273,22740245791,30520000083,30520245875,245792
2274,22750244708,30530000083,30530244791,244708
2275,22760249166,30540000083,30540249250,249167
2276,22770246041,30550000083,30550246125,246042
2277,22780250791,30560000083,30560250875,250792
2278,22790246208,30570000083,30570246291,246208
2279,22800248041,30580000083,30580248125,248042
2280,22810248708,30590000083,30590248791,248708
2281,22820249666,30600000083,30600249750,249667
2282,22830249750,30610000083,30610249833,249750
2283,22840253041,30620000083,30620253125,253042
2284,22850248750,30630000083,30630248833,248750
2285,22860557708,30640000083,30640557791,557708
2286,22870477000,30650000083,30650477083,477000
2287,22880246958,30660000083,30660247041,246958
2288,22890245583,30670000083,30670245666,245583
2289,22900247708,30680000083,30680247791,247708
2290,22910241375,30690000083,30690241458,241375
2291,22920246708,30700000083,30700246791,246708
2292,22930245916,30710000083,30710246000,245917
2293,22940247750,30720000083,30720247833,247750
2294,22950245500,30730000083,30730245583,245500
2295,22960246458,30740000083,30740246541,246458
2296,22970245666,30750000083,30750245750,245667
2297,22980246333,30760000083,30760246416,246333
2298,22990247000,30770000083,30770247083,247000
2299,23000246208,30780000083,30780246291,246208
2300,23010247458,30790000083,30790247541,247458
2301,23020246666,30800000083,30800246750,246667
2302,23030245291,30810000083,30810245375,245292
2303,23040246250,30820000083,30820246333,246250
2304,23050246333,30830000083,30830246416,246333
2305,23060247583,30840000083,30840247666,247583
2306,23070247666,30850000083,30850247750,247667
2307,23080248916,30860000083,30860249000,248917
2308,23090251041,30870000083,30870251125,251042
2309,23100249958,30880000083,30880250041,249958
2310,23110249750,30890000083,30890249833,249750
2311,23120652916,30900000083,30900653000,652917
2312,23130245541,30910000083,30910245625,245542
2313,23140247083,30920000083,30920247166,247083
2314,23150246000,30930000083,30930246083,246000
2315,23160245500,30940000083,30940245583,245500
2316,23170247625,30950000083,30950247708,247625
2317,23180245375,30960000083,30960245458,245375
2318,23190248375,30970000083,30970248458,248375
2319,23200244666,30980000083,30980244750,244667
2320,23210246791,30990000083,30990246875,246792
2321,23220245416,31000000083,31000245500,245417
2322,23230246375,31010000083,31010246458,246375
2323,23240245875,31020000083,31020245958,245875
2324,23250247416,31030000083,31030247500,247417
2325,23260246916,31040000083,31040247000,246917
2326,23270245250,31050000083,31050245333,245250
2327,23280246208,31060000083,31060246291,246208
2328,23290246000,31070000083,31070246083,246000
2329,23300245500,31080000083,31080245583,245500
2330,23310243541,31090000083,31090243625,243542
2331,23320248875,31100000083,31100248958,248875
2332,23330254500,31110000083,31110254583,254500
2333,23340249625,31120000083,31120249708,249625
2334,23350250291,31130000083,31130250375,250292
2335,23360248625,31140000083,31140248708,248625
2336,23370483791,31150000083,31150483875,483792
2337,23380323166,31160000083,31160323250,323167
2338,23390248291,31170000083,31170248375,248292
2339,23400246041,31180000083,31180246125,246042
2340,23410245541,31190000083,31190245625,245542
2341,23420247083,31200000083,31200247166,247083
2342,23430246583,31210000083,31210246666,246583
2343,23440246666,31220000083,31220246750,246667
2344,23450246166,31230000083,31230246250,246167
2345,23460246833,31240000083,31240246916,246833
2346,23470246625,31250000083,31250246708,246625
2347,23480247875,31260000083,31260247958,247875
2348,23490246208,31270000083,31270246291,246208
2349,23500247166,31280000083,31280247250,247167
2350,23510241125,31290000083,31290241208,241125
2351,23520244416,31300000083,31300244500,244417
2352,23530246250,31310000083,31310246333,246250
2353,23540248666,31320000083,31320248750,248667
2354,23550249625,31330000083,31330249708,249625
2355,23560250875,31340000083,31340250958,250875
2356,23570250375,31350000083,31350250458,250375
2357,23580250166,31360000083,31360250250,250167
2358,23590577500,31370000083,31370577583,577500
2359,23600317125,31380000083,31380317208,317125
2360,23610246041,31390000083,31390246125,246042
2361,23620247000,31400000083,31400247083,247000
2362,23630245333,31410000083,31410245416,245333
2363,23640246000,31420000083,31420246083,246000
2364,23650247250,31430000083,31430247333,247250
2365,23660247333,31440000083,31440247416,247333
2366,23670245666,31450000083,31450245750,245667
2367,23680246916,31460000083,31460247000,246917
2368,23690245833,31470000083,31470245916,245833
2369,23700246208,31480000083,31480246291,246208
2370,23710247750,31490000083,31490247833,247750
2371,23720247250,31500000083,31500247333,247250
2372,23730245875,31510000083,31510245958,245875
2373,23740247125,31520000083,31520247208,247125
2374,23750246625,31530000083,31530246708,246625
2375,23760245250,31540000083,31540245333,245250
2376,23770247083,31550000083,31550247166,247083
2377,23780249791,31560000083,31560249875,249792
2378,23790248708,31570000083,31570248791,248708
2379,23800249666,31580000083,31580249750,249667
2380,23810251208,31590000083,31590251291,251208
2381,23820249541,31600000083,31600249625,249542
2382,23830249625,31610000083,31610249708,249625
2383,23840257291,31620000083,31620257375,257292
2384,23850342833,31630000083,31630342916,342833
2385,23860245500,31640000083,31640245583,245500
2386,23870244416,31650000083,31650244500,244417
2387,23880248000,31660000083,31660248083,248000
2388,23890244583,31670000083,31670244666,244583
2389,23900246125,31680000083,31680246208,246125
2390,23910248250,31690000083,31690248333,248250
2391,23920250083,31700000083,31700250166,250083
2392,23930252208,31710000083,31710252291,252208
2393,23940249958,31720000083,31720250041,249958
2394,23950249750,31730000083,31730249833,249750
2395,23960246041,31740000083,31740246125,246042
2396,23970244083,31750000083,31750244166,244083
2397,23980245916,31760000083,31760246000,245917
2398,23990243375,31770000083,31770243458,243375
2399,24000256583,31780000083,31780256666,256583
2400,24010246166,31790000083,31790246250,246167
2401,24020245083,31800000083,31800245166,245083
2402,24030243708,31810000083,31810243791,243708
2403,24040243500,31820000083,31820243583,243500
2404,24050505791,31830000083,31830505875,505792
2405,24060243958,31840000083,31840244041,243958
2406,24070243458,31850000083,31850243541,243458
2407,24080245291,31860000083,31860245375,245292
2408,24090244208,31870000083,31870244291,244208
2409,24100247791,31880000083,31880247875,247792
2410,24110248166,31890000083,31890248250,248167
2411,24120250583,31900000083,31900250666,250583
2412,24130250375,31910000083,31910250458,250375
2413,24140249291,31920000083,31920249375,249292
2414,24150252000,31930000083,31930252083,252000
2415,24160475500,31940000083,31940475583,475500
2416,24170317791,31950000083,31950317875,317792
2417,24180247875,31960000083,31960247958,247875
2418,24190245041,31970000083,31970245125,245042
2419,24200246291,31980000083,31980246375,246292
2420,24210249000,31990000083,31990249083,249000
2421,24220245875,32000000083,32000245958,245875
2422,24230246250,32010000083,32010246333,246250
2423,24240247500,32020000083,32020247583,247500
2424,24250242333,32030000083,32030242416,242333
2425,24260246208,32040000083,32040246291,246208
2426,24270246291,32050000083,32050246375,246292
2427,24280473583,32060000083,32060473666,473583
2428,24290244125,32070000083,32070244208,244125
2429,24300249458,32080000083,32080249541,249458
2430,24310245166,32090000083,32090245250,245167
2431,24320249625,32100000083,32100249708,249625
2432,24330248541,32110000083,32110248625,248542
2433,24340248625,32120000083,32120248708,248625
2434,24350250750,32130000083,32130250833,250750
2435,24360249375,32140000083,32140249458,249375
2436,24370486291,32150000083,32150486375,486292
2437,24380318958,32160000083,32160319041,318958
2438,24390246416,32170000083,32170246500,246417
2439,24400246208,32180000083,32180246291,246208
2440,24410246000,32190000083,32190246083,246000
2441,24420246083,32200000083,32200246166,246083
2442,24430245291,32210000083,32210245375,245292
2443,24440248583,32220000083,32220248666,248583
2444,24450255666,32230000083,32230255750,255667
2445,24460246125,32240000083,32240246208,246125
2446,24470246208,32250000083,32250246291,246208
2447,24480246583,32260000083,32260246666,246583
2448,24490247833,32270000083,32270247916,247833
2449,24500246166,32280000083,32280246250,246167
2450,24510246250,32290000083,32290246333,246250
2451,24520245750,32300000083,32300245833,245750
2452,24530248458,32310000083,32310248541,248458
2453,24540247958,32320000083,32320248041,247958
2454,24550248625,32330000083,32330248708,248625
2455,24560251916,32340000083,32340252000,251917
2456,24570249375,32350000083,32350249458,249375
2457,24580249750,32360000083,32360249833,249750
2458,24590249541,32370000083,32370249625,249542
2459,24600490833,32380000083,32380490916,490833
2460,24610289375,32390000083,32390289458,289375
2461,24620248041,32400000083,32400248125,248042
2462,24630247833,32410000083,32410247916,247833
2463,24640245291,32420000083,32420245375,245292
2464,24650242166,32430000083,32430242250,242167
2465,24660246916,32440000083,32440247000,246917
2466,24670247000,32450000083,32450247083,247000
2467,24680245625,32460000083,32460245708,245625
2468,24690249500,32470000083,32470249583,249500
2469,24700246375,32480000083,32480246458,246375
2470,24710245291,32490000083,32490245375,245292
2471,24720246250,32500000083,32500246333,246250
2472,24730248666,32510000083,32510248750,248667
2473,24740246416,32520000083,32520246500,246417
2474,24750245916,32530000083,32530246000,245917
2475,24760249500,32540000083,32540249583,249500
2476,24770245791,32550000083,32550245875,245792
2477,24780245875,32560000083,32560245958,245875
2478,24790246250,32570000083,32570246333,246250
2479,24800256541,32580000083,32580256625,256542
2480,24810249916,32590000083,32590250000,249917
2481,24820250291,32600000083,32600250375,250292
2482,24830253875,32610000083,32610253958,253875
2483,24840249583,32620000083,32620249666,249583
2484,24850259291,32630000083,32630259375,259292
2485,24860481333,32640000083,32640481416,481333
2486,24870301750,32650000083,32650301833,301750
2487,24880246416,32660000083,32660246500,246417
2488,24890249125,32670000083,32670249208,249125
2489,24900246875,32680000083,32680246958,246875
2490,24910246083,32690000083,32690246166,246083
2491,24920245000,32700000083,32700245083,245000
2492,24930248875,32710000083,32710248958,248875
2493,24940245458,32720000083,32720245541,245458
2494,24950247875,32730000083,32730247958,247875
2495,24960245625,32740000083,32740245708,245625
2496,24970253000,32750000083,32750253083,253000
2497,24980246083,32760000083,32760246166,246083
2498,24990247333,32770000083,32770247416,247333
2499,25000245375,32780000083,32780245458,245375
2500,25010248375,32790000083,32790248458,248375
2501,25020246125,32800000083,32800246208,246125
2502,25030252041,32810000083,32810252125,252042
2503,25040246291,32820000083,32820246375,246292
2504,25050246375,32830000083,32830246458,246375
2505,25060248500,32840000083,32840248583,248500
2506,25070247416,32850000083,32850247500,247417
2507,25080251583,32860000083,32860251666,251583
2508,25090252250,32870000083,32870252333,252250
2509,25100253791,32880000083,32880253875,253792
2510,25110246583,32890000083,32890246666,246583
2511,25120244625,32900000083,32900244708,244625
2512,25130244708,32910000083,32910244791,244708
2513,25140250625,32920000083,32920250708,250625
2514,25150249250,32930000083,32930249333,249250
2515,25160250500,32940000083,32940250583,250500
2516,25170251458,32950000083,32950251541,251458
2517,25180250666,32960000083,32960250750,250667
2518,25190250458,32970000083,32970250541,250458
2519,25200482708,32980000083,32980482791,482708
2520,25210323250,32990000083,32990323333,323250
2521,25220251291,33000000083,33000251375,251292
2522,25230246125,33010000083,33010246208,246125
2523,25240246791,33020000083,33020246875,246792
2524,25250245416,33030000083,33030245500,245417
2525,25260247250,33040000083,33040247333,247250
2526,25270248208,33050000083,33050248291,248208
2527,25280252083,33060000083,33060252166,252083
2528,25290242541,33070000083,33070242625,242542
2529,25300251375,33080000083,33080251458,251375
2530,25310250291,33090000083,33090250375,250292
2531,25320243958,33100000083,33100244041,243958
2532,25330244333,33110000083,33110244416,244333
2533,25340251125,33120000083,33120251208,251125
2534,25350246250,33130000083,33130246333,246250
2535,25360253333,33140000083,33140253416,253333
2536,25370255166,33150000083,33150255250,255167
2537,25380255541,33160000083,33160255625,255542
2538,25390247750,33170000083,33170247833,247750
2539,25400251041,33180000083,33180251125,251042
2540,25410253166,33190000083,33190253250,253167
2541,25420620166,33200000083,33200620250,620167
2542,25430244291,33210000083,33210244375,244292
2543,25440245833,33220000083,33220245916,245833
2544,25450247083,33230000083,33230247166,247083
2545,25460246875,33240000083,33240246958,246875
2546,25470248708,33250000083,33250248791,248708
2547,25480247041,33260000083,33260247125,247042
2548,25490245666,33270000083,33270245750,245667
2549,25500243708,33280000083,33280243791,243708
2550,25510243500,33290000083,33290243583,243500
2551,25520245041,33300000083,33300245125,245042
2552,25530243666,33310000083,33310243750,243667
2553,25540248708,33320000083,33320248791,248708
2554,25550249666,33330000083,33330249750,249667
2555,25560245083,33340000083,33340245166,245083
2556,25570244583,33350000083,33350244666,244583
2557,25580249333,33360000083,33360249416,249333
2558,25590244458,33370000083,33370244541,244458
2559,25600246583,33380000083,33380246666,246583
2560,25610247833,33390000083,33390247916,247833
2561,25620252583,33400000083,33400252666,252583
2562,25630248875,33410000083,33410248958,248875
2563,25640251291,33420000083,33420251375,251292
2564,25650251083,33430000083,33430251166,251083
2565,25660468166,33440000083,33440468250,468167
2566,25670317750,33450000083,33450317833,317750
2567,25680244916,33460000083,33460245000,244917
2568,25690246166,33470000083,33470246250,246167
2569,25700246250,33480000083,33480246333,246250
2570,25710245750,33490000083,33490245833,245750
2571,25720248750,33500000083,33500248833,248750
2572,25730250291,33510000083,33510250375,250292
2573,25740244833,33520000083,33520244916,244833
2574,25750246666,33530000083,33530246750,246667
2575,25760245583,33540000083,33540245666,245583
2576,25770252375,33550000083,33550252458,252375
2577,25780248666,33560000083,33560248750,248667
2578,25790249916,33570000083,33570250000,249917
2579,25800250291,33580000083,33580250375,250292
2580,25810255041,33590000083,33590255125,255042
2581,25820249875,33600000083,33600249958,249875
2582,25830257541,33610000083,33610257625,257542
2583,25840342500,33620000083,33620342583,342500
2584,25850245166,33630000083,33630245250,245167
2585,25860245541,33640000083,33640245625,245542
2586,25870245625,33650000083,33650245708,245625
2587,25880246291,33660000083,33660246375,246292
2588,25890246375,33670000083,33670246458,246375
2589,25900242958,33680000083,33680243041,242958
2590,25910245375,33690000083,33690245458,245375
2591,25920246916,33700000083,33700247000,246917
2592,25930245250,33710000083,33710245333,245250
2593,25940245625,33720000083,33720245708,245625
2594,25950245416,33730000083,33730245500,245417
2595,25960247541,33740000083,33740247625,247542
2596,25970245583,33750000083,33750245666,245583
2597,25980245958,33760000083,33760246041,245958
2598,25990245458,33770000083,33770245541,245458
2599,26000245541,33780000083,33780245625,245542
2600,26010247083,33790000083,33790247166,247083
2601,26020248625,33800000083,33800248708,248625
2602,26030247833,33810000083,33810247916,247833
2603,26040249958,33820000083,33820250041,249958
2604,26050250625,33830000083,33830250708,250625
2605,26060250125,33840000083,33840250208,250125
2606,26070248750,33850000083,33850248833,248750
2607,26080476625,33860000083,33860476708,476625
2608,26090319208,33870000083,33870319291,319208
2609,26100243166,33880000083,33880243250,243167
2610,26110246166,33890000083,33890246250,246167
2611,26120245958,33900000083,33900246041,245958
2612,26130246041,33910000083,33910246125,246042
2613,26140246416,33920000083,33920246500,246417
2614,26150245333,33930000083,33930245416,245333
2615,26160247750,33940000083,33940247833,247750
2616,26170245500,33950000083,33950245583,245500
2617,26180245291,33960000083,33960245375,245292
2618,26190246250,33970000083,33970246333,246250
2619,26200631625,33980000083,33980631708,631625
2620,26210245541,33990000083,33990245625,245542
2621,26220244750,34000000083,34000244833,244750
2622,26230246000,34010000083,34010246083,246000
2623,26240245500,34020000083,34020245583,245500
2624,26250247333,34030000083,34030247416,247333
2625,26260247708,34040000083,34040247791,247708
2626,26270250125,34050000083,34050250208,250125
2627,26280250500,34060000083,34060250583,250500
2628,26290250000,34070000083,34070250083,250000
2629,26300248916,34080000083,34080249000,248917
2630,26310255125,34090000083,34090255208,255125
2631,26320610166,34100000083,34100610250,610167
2632,26330244500,34110000083,34110244583,244500
2633,26340246333,34120000083,34120246416,246333
2634,26350246416,34130000083,34130246500,246417
2635,26360243583,34140000083,34140243666,243583
2636,26370243375,34150000083,34150243458,243375
2637,26380248125,34160000083,34160248208,248125
2638,26390249083,34170000083,34170249166,249083
2639,26400249166,34180000083,34180249250,249167
2640,26410250416,34190000083,34190250500,250417
2641,26420249916,34200000083,34200250000,249917
2642,26430248833,34210000083,34210248916,248833
2643,26440560708,34220000083,34220560791,560708
2644,26450475625,34230000083,34230475708,475625
2645,26460246750,34240000083,34240246833,246750
2646,26470245666,34250000083,34250245750,245667
2647,26480248375,34260000083,34260248458,248375
2648,26490245833,34270000083,34270245916,245833
2649,26500246500,34280000083,34280246583,246500
2650,26510247458,34290000083,34290247541,247458
2651,26520251041,34300000083,34300251125,251042
2652,26530249083,34310000083,34310249166,249083
2653,26540242166,34320000083,34320242250,242167
2654,26550251000,34330000083,34330251083,251000
2655,26560246708,34340000083,34340246791,246708
2656,26570243875,34350000083,34350243958,243875
2657,26580243666,34360000083,34360243750,243667
2658,26590244333,34370000083,34370244416,244333
2659,26600248791,34380000083,34380248875,248792
2660,26610252666,34390000083,34390252750,252667
2661,26620248375,34400000083,34400248458,248375
2662,26630251666,34410000083,34410251750,251667
2663,26640244458,34420000083,34420244541,244458
2664,26650251250,34430000083,34430251333,251250
2665,26660249291,34440000083,34440249375,249292
2666,26670247916,34450000083,34450248000,247917
2667,26680400250,34460000083,34460400333,400250
2668,26690246041,34470000083,34470246125,246042
2669,26700245833,34480000083,34480245916,245833
2670,26710246500,34490000083,34490246583,246500
2671,26720245708,34500000083,34500245791,245708
2672,26730250166,34510000083,34510250250,250167
2673,26740245875,34520000083,34520245958,245875
2674,26750241875,34530000083,34530241958,241875
2675,26760246625,34540000083,34540246708,246625
2676,26770245833,34550000083,34550245916,245833
2677,26780244166,34560000083,34560244250,244167
2678,26790247458,34570000083,34570247541,247458
2679,26800246083,34580000083,34580246166,246083
2680,26810244125,34590000083,34590244208,244125
2681,26820243625,34600000083,34600243708,243625
2682,26830243125,34610000083,34610243208,243125
2683,26840243500,34620000083,34620243583,243500
2684,26850245333,34630000083,34630245416,245333
2685,26860246000,34640000083,34640246083,246000
2686,26870246958,34650000083,34650247041,246958
2687,26880248208,34660000083,34660248291,248208
2688,26890248583,34670000083,34670248666,248583
2689,26900248083,34680000083,34680248166,248083
2690,26910251375,34690000083,34690251458,251375
2691,26920249416,34700000083,34700249500,249417
2692,26930251250,34710000083,34710251333,251250
2693,26940249291,34720000083,34720249375,249292
2694,26950652750,34730000083,34730652833,652750
2695,26960244500,34740000083,34740244583,244500
2696,26970246625,34750000083,34750246708,246625
2697,26980244958,34760000083,34760245041,244958
2698,26990251458,34770000083,34770251541,251458
2699,27000241916,34780000083,34780242000,241917
2700,27010245791,34790000083,34790245875,245792
2701,27020245291,34800000083,34800245375,245292
2702,27030244500,34810000083,34810244583,244500
2703,27040244583,34820000083,34820244666,244583
2704,27050246708,34830000083,34830246791,246708
2705,27060244458,34840000083,34840244541,244458
2706,27070244250,34850000083,34850244333,244250
2707,27080244625,34860000083,34860244708,244625
2708,27090244416,34870000083,34870244500,244417
2709,27100245666,34880000083,34880245750,245667
2710,27110248083,34890000083,34890248166,248083
2711,27120245541,34900000083,34900245625,245542
2712,27130247666,34910000083,34910247750,247667
2713,27140249500,34920000083,34920249583,249500
2714,27150247833,34930000083,34930247916,247833
2715,27160250833,34940000083,34940250916,250833
2716,27170250625,34950000083,34950250708,250625
2717,27180249250,34960000083,34960249333,249250
2718,27190295708,34970000083,34970295791,295708
2719,27200342458,34980000083,34980342541,342458
2720,27210245416,34990000083,34990245500,245417
2721,27220248416,35000000083,35000248500,248417
2722,27230246166,35010000083,35010246250,246167
2723,27240243916,35020000083,35020244000,243917
2724,27250246625,35030000083,35030246708,246625
2725,27260245833,35040000083,35040245916,245833
2726,27270245333,35050000083,35050245416,245333
2727,27280246000,35060000083,35060246083,246000
2728,27290248708,35070000083,35070248791,248708
2729,27300639916,35080000083,35080640000,639917
2730,27310248875,35090000083,35090248958,248875
2731,27320250708,35100000083,35100250791,250708
2732,27330249333,35110000083,35110249416,249333
2733,27340250291,35120000083,35120250375,250292
2734,27350247166,35130000083,35130247250,247167
2735,27360401250,35140000083,35140401333,401250
2736,27370246750,35150000083,35150246833,246750
2737,27380245375,35160000083,35160245458,245375
2738,27390250125,35170000083,35170250208,250125
2739,27400246708,35180000083,35180246791,246708
2740,27410245333,35190000083,35190245416,245333
2741,27420246291,35200000083,35200246375,246292
2742,27430245500,35210000083,35210245583,245500
2743,27440247041,35220000083,35220247125,247042
2744,27450245958,35230000083,35230246041,245958
2745,27460246041,35240000083,35240246125,246042
2746,27470246416,35250000083,35250246500,246417
2747,27480246208,35260000083,35260246291,246208
2748,27490248041,35270000083,35270248125,248042
2749,27500246375,35280000083,35280246458,246375
2750,27510246166,35290000083,35290246250,246167
2751,27520246833,35300000083,35300246916,246833
2752,27530245166,35310000083,35310245250,245167
2753,27540245833,35320000083,35320245916,245833
2754,27550247083,35330000083,35330247166,247083
2755,27560244541,35340000083,35340244625,244542
2756,27570249291,35350000083,35350249375,249292
2757,27580252000,35360000083,35360252083,252000
2758,27590248291,35370000083,35370248375,248292
2759,27600248666,35380000083,35380248750,248667
2760,27610251666,35390000083,35390251750,251667
2761,27620622750,35400000083,35400622833,622750
2762,27630245125,35410000083,35410245208,245125
2763,27640246375,35420000083,35420246458,246375
2764,27650246750,35430000083,35430246833,246750
2765,27660245375,35440000083,35440245458,245375
2766,27670245750,35450000083,35450245833,245750
2767,27680249041,35460000083,35460249125,249042
2768,27690305125,35470000083,35470305208,305125
2769,27700245125,35480000083,35480245208,245125
2770,27710246666,35490000083,35490246750,246667
2771,27720244708,35500000083,35500244791,244708
2772,27730245083,35510000083,35510245166,245083
2773,27740245750,35520000083,35520245833,245750
2774,27750246708,35530000083,35530246791,246708
2775,27760245916,35540000083,35540246000,245917
2776,27770246000,35550000083,35550246083,246000
2777,27780245791,35560000083,35560245875,245792
2778,27790513916,35570000083,35570514000,513917
2779,27800252958,35580000083,35580253041,252958
2780,27810248083,35590000083,35590248166,248083
2781,27820250500,35600000083,35600250583,250500
2782,27830249125,35610000083,35610249208,249125
2783,27840250375,35620000083,35620250458,250375
2784,27850249291,35630000083,35630249375,249292
2785,27860571083,35640000083,35640571166,571083
2786,27870244500,35650000083,35650244583,244500
2787,27880244583,35660000083,35660244666,244583
2788,27890246125,35670000083,35670246208,246125
2789,27900247666,35680000083,35680247750,247667
2790,27910245708,35690000083,35690245791,245708
2791,27920247541,35700000083,35700247625,247542
2792,27930245583,35710000083,35710245666,245583
2793,27940245958,35720000083,35720246041,245958
2794,27950245750,35730000083,35730245833,245750
2795,27960245833,35740000083,35740245916,245833
2796,27970248250,35750000083,35750248333,248250
2797,27980246583,35760000083,35760246666,246583
2798,27990242583,35770000083,35770242666,242583
2799,28000246166,35780000083,35780246250,246167
2800,28010247708,35790000083,35790247791,247708
2801,28020245166,35800000083,35800245250,245167
2802,28030245833,35810000083,35810245916,245833
2803,28040246208,35820000083,35820246291,246208
2804,28050246875,35830000083,35830246958,246875
2805,28060246958,35840000083,35840247041,246958
2806,28070249083,35850000083,35850249166,249083
2807,28080249166,35860000083,35860249250,249167
2808,28090252750,35870000083,35870252833,252750
2809,28100249916,35880000083,35880250000,249917
2810,28110249416,35890000083,35890249500,249417
2811,28120439666,35900000083,35900439750,439667
2812,28130476791,35910000083,35910476875,476792
2813,28140248208,35920000083,35920248291,248208
2814,28150245666,35930000083,35930245750,245667
2815,28160247791,35940000083,35940247875,247792
2816,28170245833,35950000083,35950245916,245833
2817,28180245333,35960000083,35960245416,245333
2818,28190241625,35970000083,35970241708,241625
2819,28200246083,35980000083,35980246166,246083
2820,28210246458,35990000083,35990246541,246458
2821,28220245958,36000000083,36000246041,245958
2822,28230244875,36010000083,36010244958,244875
2823,28240245833,36020000083,36020245916,245833
2824,28250245333,36030000083,36030245416,245333
2825,28260245416,36040000083,36040245500,245417
2826,28270246666,36050000083,36050246750,246667
2827,28280245583,36060000083,36060245666,245583
2828,28290250625,36070000083,36070250708,250625
2829,28300253333,36080000083,36080253416,253333
2830,28310251083,36090000083,36090251166,251083
2831,28320249708,36100000083,36100249791,249708
2832,28330486916,36110000083,36110487000,486917
2833,28340324833,36120000083,36120324916,324833
2834,28350248500,36130000083,36130248583,248500
2835,28360247416,36140000083,36140247500,247417
2836,28370245458,36150000083,36150245541,245458
2837,28380245833,36160000083,36160245916,245833
2838,28390242125,36170000083,36170242208,242125
2839,28400246291,36180000083,36180246375,246292
2840,28410247541,36190000083,36190247625,247542
2841,28420247333,36200000083,36200247416,247333
2842,28430245666,36210000083,36210245750,245667
2843,28440246333,36220000083,36220246416,246333
2844,28450245833,36230000083,36230245916,245833
2845,28460245333,36240000083,36240245416,245333
2846,28470247166,36250000083,36250247250,247167
2847,28480245208,36260000083,36260245291,245208
2848,28490246458,36270000083,36270246541,246458
2849,28500247708,36280000083,36280247791,247708
2850,28510247791,36290000083,36290247875,247792
2851,28520252250,36300000083,36300252333,252250
2852,28530250291,36310000083,36310250375,250292
2853,28540250958,36320000083,36320251041,250958
2854,28550249583,36330000083,36330249666,249583
2855,28560490875,36340000083,36340490958,490875
2856,28570292041,36350000083,36350292125,292042
2857,28580247208,36360000083,36360247291,247208
2858,28590256041,36370000083,36370256125,256042
2859,28600246208,36380000083,36380246291,246208
2860,28610246583,36390000083,36390246666,246583
2861,28620247250,36400000083,36400247333,247250
2862,28630245583,36410000083,36410245666,245583
2863,28640249166,36420000083,36420249250,249167
2864,28650246625,36430000083,36430246708,246625
2865,28660245541,36440000083,36440245625,245542
2866,28670246208,36450000083,36450246291,246208
2867,28680245416,36460000083,36460245500,245417
2868,28690245208,36470000083,36470245291,245208
2869,28700249083,36480000083,36480249166,249083
2870,28710246250,36490000083,36490246333,246250
2871,28720246333,36500000083,36500246416,246333
2872,28730245833,36510000083,36510245916,245833
2873,28740246791,36520000083,36520246875,246792
2874,28750248041,36530000083,36530248125,248042
2875,28760251041,36540000083,36540251125,251042
2876,28770248500,36550000083,36550248583,248500
2877,28780251208,36560000083,36560251291,251208
2878,28790251291,36570000083,36570251375,251292
2879,28800249333,36580000083,36580249416,249333
2880,28810573166,36590000083,36590573250,573167
2881,28820246875,36600000083,36600246958,246875
2882,28830246375,36610000083,36610246458,246375
2883,28840247041,36620000083,36620247125,247042
2884,28850245958,36630000083,36630246041,245958
2885,28860245750,36640000083,36640245833,245750
2886,28870246708,36650000083,36650246791,246708
2887,28880245916,36660000083,36660246000,245917
2888,28890251250,36670000083,36670251333,251250
2889,28900736083,36680000083,36680736166,736083
2890,28910246458,36690000083,36690246541,246458
2891,28920246541,36700000083,36700246625,246542
2892,28930245458,36710000083,36710245541,245458
2893,28940245250,36720000083,36720245333,245250
2894,28950251750,36730000083,36730251833,251750
2895,28960246583,36740000083,36740246666,246583
2896,28970245500,36750000083,36750245583,245500
2897,28980246750,36760000083,36760246833,246750
2898,28990245375,36770000083,36770245458,245375
2899,29000245750,36780000083,36780245833,245750
2900,29010247875,36790000083,36790247958,247875
2901,29020249708,36800000083,36800249791,249708
2902,29030250083,36810000083,36810250166,250083
2903,29040249875,36820000083,36820249958,249875
2904,29050249083,36830000083,36830249166,249083
2905,29060249166,36840000083,36840249250,249167
2906,29070589625,36850000083,36850589708,589625
2907,29080244958,36860000083,36860245041,244958
2908,29090247083,36870000083,36870247166,247083
2909,29100247458,36880000083,36880247541,247458
2910,29110253375,36890000083,36890253458,253375
2911,29120245000,36900000083,36900245083,245000
2912,29130245666,36910000083,36910245750,245667
2913,29140246041,36920000083,36920246125,246042
2914,29150245541,36930000083,36930245625,245542
2915,29160246500,36940000083,36940246583,246500
2916,29170252125,36950000083,36950252208,252125
2917,29180245500,36960000083,36960245583,245500
2918,29190245291,36970000083,36970245375,245292
2919,29200247708,36980000083,36980247791,247708
2920,29210245458,36990000083,36990245541,245458
2921,29220248458,37000000083,37000248541,248458
2922,29230245625,37010000083,37010245708,245625
2923,29240247750,37020000083,37020247833,247750
2924,29250249583,37030000083,37030249666,249583
2925,29260243833,37040000083,37040243916,243833
2926,29270244208,37050000083,37050244291,244208
2927,29280250416,37060000083,37060250500,250417
2928,29290248458,37070000083,37070248541,248458
2929,29300249708,37080000083,37080249791,249708
2930,29310251250,37090000083,37090251333,251250
2931,29320249875,37100000083,37100249958,249875
2932,29330249083,37110000083,37110249166,249083
2933,29340415416,37120000083,37120415500,415417
2934,29350320125,37130000083,37130320208,320125
2935,29360246125,37140000083,37140246208,246125
2936,29370245333,37150000083,37150245416,245333
2937,29380247750,37160000083,37160247833,247750
2938,29390245500,37170000083,37170245583,245500
2939,29400248791,37180000083,37180248875,248792
2940,29410245375,37190000083,37190245458,245375
2941,29420246041,37200000083,37200246125,246042
2942,29430242041,37210000083,37210242125,242042
2943,29440246208,37220000083,37220246291,246208
2944,29450245416,37230000083,37230245500,245417
2945,29460244625,37240000083,37240244708,244625
2946,29470244125,37250000083,37250244208,244125
2947,29480245375,37260000083,37260245458,245375
2948,29490245458,37270000083,37270245541,245458
2949,29500247583,37280000083,37280247666,247583
2950,29510245333,37290000083,37290245416,245333
2951,29520249500,37300000083,37300249583,249500
2952,29530247833,37310000083,37310247916,247833
2953,29540249666,37320000083,37320249750,249667
2954,29550250625,37330000083,37330250708,250625
2955,29560249833,37340000083,37340249916,249833
2956,29570249916,37350000083,37350250000,249917
2957,29580249708,37360000083,37360249791,249708
2958,29590574416,37370000083,37370574500,574417
2959,29600245208,37380000083,37380245291,245208
2960,29610246166,37390000083,37390246250,246167
2961,29620245958,37400000083,37400246041,245958
2962,29630241958,37410000083,37410242041,241958
2963,29640247875,37420000083,37420247958,247875
2964,29650246208,37430000083,37430246291,246208
2965,29660248916,37440000083,37440249000,248917
2966,29670245791,37450000083,37450245875,245792
2967,29680245875,37460000083,37460245958,245875
2968,29690245666,37470000083,37470245750,245667
2969,29700246625,37480000083,37480246708,246625
2970,29710245833,37490000083,37490245916,245833
2971,29720246791,37500000083,37500246875,246792
2972,29730245125,37510000083,37510245208,245125
2973,29740246375,37520000083,37520246458,246375
2974,29750245875,37530000083,37530245958,245875
2975,29760246541,37540000083,37540246625,246542
2976,29770249541,37550000083,37550249625,249542
2977,29780246125,37560000083,37560246208,246125
2978,29790248541,37570000083,37570248625,248542
2979,29800248625,37580000083,37580248708,248625
2980,29810251625,37590000083,37590251708,251625
2981,29820250250,37600000083,37600250333,250250
2982,29830250041,37610000083,37610250125,250042
2983,29840536250,37620000083,37620536333,536250
2984,29850244958,37630000083,37630245041,244958
2985,29860246500,37640000083,37640246583,246500
2986,29870246875,37650000083,37650246958,246875
2987,29880245208,37660000083,37660245291,245208
2988,29890249083,37670000083,37670249166,249083
2989,29900245958,37680000083,37680246041,245958
2990,29910246333,37690000083,37690246416,246333
2991,29920246416,37700000083,37700246500,246417
2992,29930245625,37710000083,37710245708,245625
2993,29940246291,37720000083,37720246375,246292
2994,29950247833,37730000083,37730247916,247833
2995,29960245875,37740000083,37740245958,245875
2996,29970246250,37750000083,37750246333,246250
2997,29980247208,37760000083,37760247291,247208
2998,29990247000,37770000083,37770247083,247000
2999,30000245916,37780000083,37780246000,245917
3000,30010246875,37790000083,37790246958,246875
3001,30020246375,37800000083,37800246458,246375
3002,30030243250,37810000083,37810243333,243250
3003,30040250625,37820000083,37820250708,250625
3004,30050253916,37830000083,37830254000,253917
3005,30060252250,37840000083,37840252333,252250
3006,30070248833,37850000083,37850248916,248833
3007,30080394458,37860000083,37860394541,394458
3008,30090397458,37870000083,37870397541,397458
3009,30100246750,37880000083,37880246833,246750
3010,30110245375,37890000083,37890245458,245375
3011,30120248958,37900000083,37900249041,248958
3012,30130245541,37910000083,37910245625,245542
3013,30140246791,37920000083,37920246875,246792
3014,30150246000,37930000083,37930246083,246000
3015,30160245208,37940000083,37940245291,245208
3016,30170247041,37950000083,37950247125,247042
3017,30180245958,37960000083,37960246041,245958
3018,30190248958,37970000083,37970249041,248958
3019,30200246125,37980000083,37980246208,246125
3020,30210245333,37990000083,37990245416,245333
3021,30220245416,38000000083,38000245500,245417
3022,30230242291,38010000083,38010242375,242292
3023,30240247625,38020000083,38020247708,247625
3024,30250246541,38030000083,38030246625,246542
3025,30260248375,38040000083,38040248458,248375
3026,30270245541,38050000083,38050245625,245542
3027,30280248250,38060000083,38060248333,248250
3028,30290248333,38070000083,38070248416,248333
3029,30300248708,38080000083,38080248791,248708
3030,30310250541,38090000083,38090250625,250542
3031,30320249750,38100000083,38100249833,249750
3032,30330626083,38110000083,38110626166,626083
3033,30340284333,38120000083,38120284416,284333
3034,30350680791,38130000083,38130680875,680792
3035,30360245416,38140000083,38140245500,245417
3036,30370245500,38150000083,38150245583,245500
3037,30380245875,38160000083,38160245958,245875
3038,30390245666,38170000083,38170245750,245667
3039,30400250125,38180000083,38180250208,250125
3040,30410247583,38190000083,38190247666,247583
3041,30420245916,38200000083,38200246000,245917
3042,30430245708,38210000083,38210245791,245708
3043,30440253083,38220000083,38220253166,253083
3044,30450244708,38230000083,38230244791,244708
3045,30460245375,38240000083,38240245458,245375
3046,30470246625,38250000083,38250246708,246625
3047,30480244083,38260000083,38260244166,244083
3048,30490243583,38270000083,38270243666,243583
3049,30500245708,38280000083,38280245791,245708
3050,30510249583,38290000083,38290249666,249583
3051,30520244708,38300000083,38300244791,244708
3052,30530244500,38310000083,38310244583,244500
3053,30540246916,38320000083,38320247000,246917
3054,30550244375,38330000083,38330244458,244375
3055,30560244750,38340000083,38340244833,244750
3056,30570245708,38350000083,38350245791,245708
3057,30580248125,38360000083,38360248208,248125
3058,30590249958,38370000083,38370250041,249958
3059,30600248875,38380000083,38380248958,248875
3060,30610250416,38390000083,38390250500,250417
3061,30620251083,38400000083,38400251166,251083
3062,30630249125,38410000083,38410249208,249125
3063,30640280708,38420000083,38420280791,280708
3064,30650344666,38430000083,38430344750,344667
3065,30660245291,38440000083,38440245375,245292
3066,30670241291,38450000083,38450241375,241292
3067,30680246625,38460000083,38460246708,246625
3068,30690245250,38470000083,38470245333,245250
3069,30700248250,38480000083,38480248333,248250
3070,30710244250,38490000083,38490244333,244250
3071,30720245791,38500000083,38500245875,245792
3072,30730242958,38510000083,38510243041,242958
3073,30740243041,38520000083,38520243125,243042
3074,30750243708,38530000083,38530243791,243708
3075,30760244666,38540000083,38540244750,244667
3076,30770247083,38550000083,38550247166,247083
3077,30780246583,38560000083,38560246666,246583
3078,30790245500,38570000083,38570245583,245500
3079,30800247916,38580000083,38580248000,247917
3080,30810252083,38590000083,38590252166,252083
3081,30820248958,38600000083,38600249041,248958
3082,30830247875,38610000083,38610247958,247875
3083,30840251166,38620000083,38620251250,251167
3084,30850249500,38630000083,38630249583,249500
3085,30860249583,38640000083,38640249666,249583
3086,30870467541,38650000083,38650467625,467542
3087,30880318000,38660000083,38660318083,318000
3088,30890248083,38670000083,38670248166,248083
3089,30900248458,38680000083,38680248541,248458
3090,30910245333,38690000083,38690245416,245333
3091,30920241916,38700000083,38700242000,241917
3092,30930247250,38710000083,38710247333,247250
3093,30940246750,38720000083,38720246833,246750
3094,30950244500,38730000083,38730244583,244500
3095,30960243708,38740000083,38740243791,243708
3096,30970244958,38750000083,38750245041,244958
3097,30980245333,38760000083,38760245416,245333
3098,30990245708,38770000083,38770245791,245708
3099,31000246666,38780000083,38780246750,246667
3100,31010248208,38790000083,38790248291,248208
3101,31020253541,38800000083,38800253625,253542
3102,31030250125,38810000083,38810250208,250125
3103,31040250500,38820000083,38820250583,250500
3104,31050249416,38830000083,38830249500,249417
3105,31060470000,38840000083,38840470083,470000
3106,31070317250,38850000083,38850317333,317250
3107,31080247916,38860000083,38860248000,247917
3108,31090246250,38870000083,38870246333,246250
3109,31100246916,38880000083,38880247000,246917
3110,31110247583,38890000083,38890247666,247583
3111,31120243000,38900000083,38900243083,243000
3112,31130247166,38910000083,38910247250,247167
3113,31140247250,38920000083,38920247333,247250
3114,31150247041,38930000083,38930247125,247042
3115,31160244208,38940000083,38940244291,244208
3116,31170244291,38950000083,38950244375,244292
3117,31180244083,38960000083,38960244166,244083
3118,31190243875,38970000083,38970243958,243875
3119,31200292375,38980000083,38980292458,292375
3120,31210244333,38990000083,38990244416,244333
3121,31220245875,39000000083,39000245958,245875
3122,31230246541,39010000083,39010246625,246542
3123,31240245750,39020000083,39020245833,245750
3124,31250246416,39030000083,39030246500,246417
3125,31260247666,39040000083,39040247750,247667
3126,31270248625,39050000083,39050248708,248625
3127,31280247833,39060000083,39060247916,247833
3128,31290250833,39070000083,39070250916,250833
3129,31300364083,39080000083,39080364166,364083
3130,31310251875,39090000083,39090251958,251875
3131,31320494333,39100000083,39100494416,494333
3132,31330322041,39110000083,39110322125,322042
3133,31340247458,39120000083,39120247541,247458
3134,31350246083,39130000083,39130246166,246083
3135,31360244416,39140000083,39140244500,244417
3136,31370245083,39150000083,39150245166,245083
3137,31380245166,39160000083,39160245250,245167
3138,31390245541,39170000083,39170245625,245542
3139,31400247958,39180000083,39180248041,247958
3140,31410248041,39190000083,39190248125,248042
3141,31420248708,39200000083,39200248791,248708
3142,31430250541,39210000083,39210250625,250542
3143,31440250333,39220000083,39220250416,250333
3144,31450249250,39230000083,39230249333,249250
3145,31460248458,39240000083,39240248541,248458
3146,31470588333,39250000083,39250588416,588333
3147,31480245708,39260000083,39260245791,245708
3148,31490245791,39270000083,39270245875,245792
3149,31500245583,39280000083,39280245666,245583
3150,31510245958,39290000083,39290246041,245958
3151,31520242541,39300000083,39300242625,242542
3152,31530246416,39310000083,39310246500,246417
3153,31540246208,39320000083,39320246291,246208
3154,31550248625,39330000083,39330248708,248625
3155,31560246083,39340000083,39340246166,246083
3156,31570245583,39350000083,39350245666,245583
3157,31580245958,39360000083,39360246041,245958
3158,31590245458,39370000083,39370245541,245458
3159,31600246708,39380000083,39380246791,246708
3160,31610247958,39390000083,39390248041,247958
3161,31620245416,39400000083,39400245500,245417
3162,31630246958,39410000083,39410247041,246958
3163,31640245875,39420000083,39420245958,245875
3164,31650245375,39430000083,39430245458,245375
3165,31660245750,39440000083,39440245833,245750
3166,31670383500,39450000083,39450383583,383500
3167,31680248250,39460000083,39460248333,248250
3168,31690250083,39470000083,39470250166,250083
3169,31700251625,39480000083,39480251708,251625
3170,31710250250,39490000083,39490250333,250250
3171,31720257916,39500000083,39500258000,257917
3172,31730517875,39510000083,39510517958,517875
3173,31740289583,39520000083,39520289666,289583
3174,31750245916,39530000083,39530246000,245917
3175,31760249208,39540000083,39540249291,249208
3176,31770245791,39550000083,39550245875,245792
3177,31780245291,39560000083,39560245375,245292
3178,31790245958,39570000083,39570246041,245958
3179,31800248083,39580000083,39580248166,248083
3180,31810245250,39590000083,39590245333,245250
3181,31820247083,39600000083,39600247166,247083
3182,31830245416,39610000083,39610245500,245417
3183,31840251916,39620000083,39620252000,251917
3184,31850245875,39630000083,39630245958,245875
3185,31860246250,39640000083,39640246333,246250
3186,31870245458,39650000083,39650245541,245458
3187,31880248458,39660000083,39660248541,248458
3188,31890245916,39670000083,39670246000,245917
3189,31900253583,39680000083,39680253666,253583
3190,31910246958,39690000083,39690247041,246958
3191,31920247625,39700000083,39700247708,247625
3192,31930247416,39710000083,39710247500,247417
3193,31940247500,39720000083,39720247583,247500
3194,31950251958,39730000083,39730252041,251958
3195,31960250583,39740000083,39740250666,250583
3196,31970250958,39750000083,39750251041,250958
3197,31980243750,39760000083,39760243833,243750
3198,31990244125,39770000083,39770244208,244125
3199,32000245958,39780000083,39780246041,245958
3200,32010249250,39790000083,39790249333,249250
3201,32020247875,39800000083,39800247958,247875
3202,32030249708,39810000083,39810249791,249708
3203,32040251833,39820000083,39820251916,251833
3204,32050249583,39830000083,39830249666,249583
3205,32060249958,39840000083,39840250041,249958
3206,32070467916,39850000083,39850468000,467917
3207,32080318375,39860000083,39860318458,318375
3208,32090245541,39870000083,39870245625,245542
3209,32100245625,39880000083,39880245708,245625
3210,32110246875,39890000083,39890246958,246875
3211,32120246375,39900000083,39900246458,246375
3212,32130246166,39910000083,39910246250,246167
3213,32140243041,39920000083,39920243125,243042
3214,32150243416,39930000083,39930243500,243417
3215,32160242916,39940000083,39940243000,242917
3216,32170249125,39950000083,39950249208,249125
3217,32180245125,39960000083,39960245208,245125
3218,32190243166,39970000083,39970243250,243167
3219,32200244125,39980000083,39980244208,244125
3220,32210244791,39990000083,39990244875,244792
3221,32220246625,40000000083,40000246708,246625
3222,32230245833,40010000083,40010245916,245833
3223,32240245625,40020000083,40020245708,245625
3224,32250248916,40030000083,40030249000,248917
3225,32260249000,40040000083,40040249083,249000
3226,32270249958,40050000083,40050250041,249958
3227,32280250333,40060000083,40060250416,250333
3228,32290249250,40070000083,40070249333,249250
3229,32300249041,40080000083,40080249125,249042
3230,32310660958,40090000083,40090661041,660958
3231,32320245125,40100000083,40100245208,245125
3232,32330246666,40110000083,40110246750,246667
3233,32340245583,40120000083,40120245666,245583
3234,32350245958,40130000083,40130246041,245958
3235,32360242833,40140000083,40140242916,242833
3236,32370246416,40150000083,40150246500,246417
3237,32380245333,40160000083,40160245416,245333
3238,32390244541,40170000083,40170244625,244542
3239,32400242875,40180000083,40180242958,242875
3240,32410246166,40190000083,40190246250,246167
3241,32420243333,40200000083,40200243416,243333
3242,32430243125,40210000083,40210243208,243125
3243,32440245833,40220000083,40220245916,245833
3244,32450243291,40230000083,40230243375,243292
3245,32460245708,40240000083,40240245791,245708
3246,32470245791,40250000083,40250245875,245792
3247,32480246166,40260000083,40260246250,246167
3248,32490245958,40270000083,40270246041,245958
3249,32500249250,40280000083,40280249333,249250
3250,32510249041,40290000083,40290249125,249042
3251,32520248250,40300000083,40300248333,248250
3252,32530250083,40310000083,40310250166,250083
3253,32540249583,40320000083,40320249666,249583
3254,32550249375,40330000083,40330249458,249375
3255,32560283583,40340000083,40340283666,283583
3256,32570342000,40350000083,40350342083,342000
3257,32580245541,40360000083,40360245625,245542
3258,32590246791,40370000083,40370246875,246792
3259,32600247750,40380000083,40380247833,247750
3260,32610241125,40390000083,40390241208,241125
3261,32620248208,40400000083,40400248291,248208
3262,32630247125,40410000083,40410247208,247125
3263,32640246625,40420000083,40420246708,246625
3264,32650247291,40430000083,40430247375,247292
3265,32660246500,40440000083,40440246583,246500
3266,32670246000,40450000083,40450246083,246000
3267,32680246958,40460000083,40460247041,246958
3268,32690245875,40470000083,40470245958,245875
3269,32700245958,40480000083,40480246041,245958
3270,32710245750,40490000083,40490245833,245750
3271,32720245833,40500000083,40500245916,245833
3272,32730248833,40510000083,40510248916,248833
3273,32740246583,40520000083,40520246666,246583
3274,32750245791,40530000083,40530245875,245792
3275,32760249083,40540000083,40540249166,249083
3276,32770249458,40550000083,40550249541,249458
3277,32780250416,40560000083,40560250500,250417
3278,32790251083,40570000083,40570251166,251083
3279,32800250583,40580000083,40580250666,250583
3280,32810250083,40590000083,40590250166,250083
3281,32820893875,40600000083,40600893958,893875
3282,32830245291,40610000083,40610245375,245292
3283,32840245958,40620000083,40620246041,245958
3284,32850249541,40630000083,40630249625,249542
3285,32860245541,40640000083,40640245625,245542
3286,32870245333,40650000083,40650245416,245333
3287,32880245708,40660000083,40660245791,245708
3288,32890247250,40670000083,40670247333,247250
3289,32900245291,40680000083,40680245375,245292
3290,32910246250,40690000083,40690246333,246250
3291,32920247791,40700000083,40700247875,247792
3292,32930245541,40710000083,40710245625,245542
3293,32940245625,40720000083,40720245708,245625
3294,32950246000,40730000083,40730246083,246000
3295,32960246666,40740000083,40740246750,246667
3296,32970245875,40750000083,40750245958,245875
3297,32980245958,40760000083,40760246041,245958
3298,32990246625,40770000083,40770246708,246625
3299,33000245541,40780000083,40780245625,245542
3300,33010242416,40790000083,40790242500,242417
3301,33020249500,40800000083,40800249583,249500
3302,33030249000,40810000083,40810249083,249000
3303,33040252583,40820000083,40820252666,252583
3304,33050249458,40830000083,40830249541,249458
3305,33060249833,40840000083,40840249916,249833
3306,33070584750,40850000083,40850584833,584750
3307,33080245041,40860000083,40860245125,245042
3308,33090246000,40870000083,40870246083,246000
3309,33100244916,40880000083,40880245000,244917
3310,33110626500,40890000083,40890626583,626500
3311,33120251208,40900000083,40900251291,251208
3312,33130246625,40910000083,40910246708,246625
3313,33140245541,40920000083,40920245625,245542
3314,33150245916,40930000083,40930246000,245917
3315,33160246291,40940000083,40940246375,246292
3316,33170245791,40950000083,40950245875,245792
3317,33180245583,40960000083,40960245666,245583
3318,33190246833,40970000083,40970246916,246833
3319,33200246041,40980000083,40980246125,246042
3320,33210245833,40990000083,40990245916,245833
3321,33220245625,41000000083,41000245708,245625
3322,33230255916,41010000083,41010256000,255917
3323,33240245791,41020000083,41020245875,245792
3324,33250245875,41030000083,41030245958,245875
3325,33260248000,41040000083,41040248083,248000
3326,33270242541,41050000083,41050242625,242542
3327,33280243791,41060000083,41060243875,243792
3328,33290245041,41070000083,41070245125,245042
3329,33300247166,41080000083,41080247250,247167
3330,33310248708,41090000083,41090248791,248708
3331,33320250250,41100000083,41100250333,250250
3332,33330250041,41110000083,41110250125,250042
3333,33340249833,41120000083,41120249916,249833
3334,33350249041,41130000083,41130249125,249042
3335,33360468750,41140000083,41140468833,468750
3336,33370318916,41150000083,41150319000,318917
3337,33380244916,41160000083,41160245000,244917
3338,33390246458,41170000083,41170246541,246458
3339,33400246541,41180000083,41180246625,246542
3340,33410245750,41190000083,41190245833,245750
3341,33420246125,41200000083,41200246208,246125
3342,33430248833,41210000083,41210248916,248833
3343,33440245708,41220000083,41220245791,245708
3344,33450243458,41230000083,41230243541,243458
3345,33460247041,41240000083,41240247125,247042
3346,33470247125,41250000083,41250247208,247125
3347,33480243708,41260000083,41260243791,243708
3348,33490244666,41270000083,41270244750,244667
3349,33500243583,41280000083,41280243666,243583
3350,33510243958,41290000083,41290244041,243958
3351,33520243458,41300000083,41300243541,243458
3352,33530242375,41310000083,41310242458,242375
3353,33540246541,41320000083,41320246625,246542
3354,33550244583,41330000083,41330244666,244583
3355,33560246125,41340000083,41340246208,246125
3356,33570245625,41350000083,41350245708,245625
3357,33580248333,41360000083,41360248416,248333
3358,33590247541,41370000083,41370247625,247542
3359,33600248500,41380000083,41380248583,248500
3360,33610251208,41390000083,41390251291,251208
3361,33620251000,41400000083,41400251083,251000
3362,33630248458,41410000083,41410248541,248458
3363,33640270125,41420000083,41420270208,270125
3364,33650342250,41430000083,41430342333,342250
3365,33660248125,41440000083,41440248208,248125
3366,33670246458,41450000083,41450246541,246458
3367,33680248000,41460000083,41460248083,248000
3368,33690243708,41470000083,41470243791,243708
3369,33700243500,41480000083,41480243583,243500
3370,33710245625,41490000083,41490245708,245625
3371,33720243666,41500000083,41500243750,243667
3372,33730242875,41510000083,41510242958,242875
3373,33740243250,41520000083,41520243333,243250
3374,33750250625,41530000083,41530250708,250625
3375,33760246333,41540000083,41540246416,246333
3376,33770248750,41550000083,41550248833,248750
3377,33780248541,41560000083,41560248625,248542
3378,33790248333,41570000083,41570248416,248333
3379,33800250166,41580000083,41580250250,250167
3380,33810251125,41590000083,41590251208,251125
3381,33820249458,41600000083,41600249541,249458
3382,33830250125,41610000083,41610250208,250125
3383,33840601375,41620000083,41620601458,601375
3384,33850242416,41630000083,41630242500,242417
3385,33860247458,41640000083,41640247541,247458
3386,33870246083,41650000083,41650246166,246083
3387,33880245875,41660000083,41660245958,245875
3388,33890244208,41670000083,41670244291,244208
3389,33900243708,41680000083,41680243791,243708
3390,33910244958,41690000083,41690245041,244958
3391,33920244750,41700000083,41700244833,244750
3392,33930242791,41710000083,41710242875,242792
3393,33940243166,41720000083,41720243250,243167
3394,33950245875,41730000083,41730245958,245875
3395,33960249750,41740000083,41740249833,249750
3396,33970249250,41750000083,41750249333,249250
3397,33980251083,41760000083,41760251166,251083
3398,33990476041,41770000083,41770476125,476042
3399,34000318333,41780000083,41780318416,318333
3400,34010247833,41790000083,41790247916,247833
3401,34020245875,41800000083,41800245958,245875
3402,34030245958,41810000083,41810246041,245958
3403,34040247500,41820000083,41820247583,247500
3404,34050256916,41830000083,41830257000,256917
3405,34060245916,41840000083,41840246000,245917
3406,34070246875,41850000083,41850246958,246875
3407,34080246083,41860000083,41860246166,246083
3408,34090245583,41870000083,41870245666,245583
3409,34100245958,41880000083,41880246041,245958
3410,34110248958,41890000083,41890249041,248958
3411,34120245250,41900000083,41900245333,245250
3412,34130246500,41910000083,41910246583,246500
3413,34140248333,41920000083,41920248416,248333
3414,34150247541,41930000083,41930247625,247542
3415,34160249958,41940000083,41940250041,249958
3416,34170250916,41950000083,41950251000,250917
3417,34180249541,41960000083,41960249625,249542
3418,34190249916,41970000083,41970250000,249917
3419,34200282666,41980000083,41980282750,282667
3420,34210342833,41990000083,41990342916,342833
3421,34220244916,42000000083,42000245000,244917
3422,34230245875,42010000083,42010245958,245875
3423,34240246250,42020000083,42020246333,246250
3424,34250243125,42030000083,42030243208,243125
3425,34260247583,42040000083,42040247666,247583
3426,34270245333,42050000083,42050245416,245333
3427,34280248625,42060000083,42060248708,248625
3428,34290245500,42070000083,42070245583,245500
3429,34300245875,42080000083,42080245958,245875
3430,34310248000,42090000083,42090248083,248000
3431,34320245166,42100000083,42100245250,245167
3432,34330245250,42110000083,42110245333,245250
3433,34340247958,42120000083,42120248041,247958
3434,34350245708,42130000083,42130245791,245708
3435,34360246958,42140000083,42140247041,246958
3436,34370245291,42150000083,42150245375,245292
3437,34380246541,42160000083,42160246625,246542
3438,34390246041,42170000083,42170246125,246042
3439,34400255166,42180000083,42180255250,255167
3440,34410247666,42190000083,42190247750,247667
3441,34420248041,42200000083,42200248125,248042
3442,34430250458,42210000083,42210250541,250458
3443,34440249958,42220000083,42220250041,249958
3444,34450259083,42230000083,42230259166,259083
3445,34460262666,42240000083,42240262750,262667
3446,34470363375,42250000083,42250363458,363375
3447,34480245625,42260000083,42260245708,245625
3448,34490248916,42270000083,42270249000,248917
3449,34500246666,42280000083,42280246750,246667
3450,34510247041,42290000083,42290247125,247042
3451,34520246250,42300000083,42300246333,246250
3452,34530246333,42310000083,42310246416,246333
3453,34540246125,42320000083,42320246208,246125
3454,34550248541,42330000083,42330248625,248542
3455,34560247458,42340000083,42340247541,247458
3456,34570245791,42350000083,42350245875,245792
3457,34580245583,42360000083,42360245666,245583
3458,34590246541,42370000083,42370246625,246542
3459,34600245458,42380000083,42380245541,245458
3460,34610402458,42390000083,42390402541,402458
3461,34620254958,42400000083,42400255041,254958
3462,34630246000,42410000083,42410246083,246000
3463,34640245791,42420000083,42420245875,245792
3464,34650247041,42430000083,42430247125,247042
3465,34660247125,42440000083,42440247208,247125
3466,34670258291,42450000083,42450258375,258292
3467,34680259833,42460000083,42460259916,259833
3468,34690250583,42470000083,42470250666,250583
3469,34700250666,42480000083,42480250750,250667
3470,34710244625,42490000083,42490244708,244625
3471,34720244125,42500000083,42500244208,244125
3472,34730245958,42510000083,42510246041,245958
3473,34740244000,42520000083,42520244083,244000
3474,34750243500,42530000083,42530243583,243500
3475,34760243875,42540000083,42540243958,243875
3476,34770244250,42550000083,42550244333,244250
3477,34780244333,42560000083,42560244416,244333
3478,34790247333,42570000083,42570247416,247333
3479,34800251208,42580000083,42580251291,251208
3480,34810249541,42590000083,42590249625,249542
3481,34820250208,42600000083,42600250291,250208
3482,34830249416,42610000083,42610249500,249417
3483,34840755250,42620000083,42620755333,755250
3484,34850246958,42630000083,42630247041,246958
3485,34860245000,42640000083,42640245083,245000
3486,34870245666,42650000083,42650245750,245667
3487,34880245458,42660000083,42660245541,245458
3488,34890242041,42670000083,42670242125,242042
3489,34900246208,42680000083,42680246291,246208
3490,34910249791,42690000083,42690249875,249792
3491,34920244625,42700000083,42700244708,244625
3492,34930243541,42710000083,42710243625,243542
3493,34940243041,42720000083,42720243125,243042
3494,34950242833,42730000083,42730242916,242833
3495,34960242916,42740000083,42740243000,242917
3496,34970243875,42750000083,42750243958,243875
3497,34980244541,42760000083,42760244625,244542
3498,34990244916,42770000083,42770245000,244917
3499,35000245875,42780000083,42780245958,245875
3500,35010246250,42790000083,42790246333,246250
3501,35020248083,42800000083,42800248166,248083
3502,35030248166,42810000083,42810248250,248167
3503,35040247666,42820000083,42820247750,247667
3504,35050252125,42830000083,42830252208,252125
3505,35060251916,42840000083,42840252000,251917
3506,35070249083,42850000083,42850249166,249083
3507,35080249750,42860000083,42860249833,249750
3508,35090694333,42870000083,42870694416,694333
3509,35100244666,42880000083,42880244750,244667
3510,35110247666,42890000083,42890247750,247667
3511,35120248333,42900000083,42900248416,248333
3512,35130242875,42910000083,42910242958,242875
3513,35140246166,42920000083,42920246250,246167
3514,35150243916,42930000083,42930244000,243917
3515,35160244000,42940000083,42940244083,244000
3516,35170244375,42950000083,42950244458,244375
3517,35180243583,42960000083,42960243666,243583
3518,35190246000,42970000083,42970246083,246000
3519,35200243166,42980000083,42980243250,243167
3520,35210243541,42990000083,42990243625,243542
3521,35220243333,43000000083,43000243416,243333
3522,35230244583,43010000083,43010244666,244583
3523,35240244958,43020000083,43020245041,244958
3524,35250246791,43030000083,43030246875,246792
3525,35260246875,43040000083,43040246958,246875
3526,35270248125,43050000083,43050248208,248125
3527,35280249083,43060000083,43060249166,249083
3528,35290248583,43070000083,43070248666,248583
3529,35300250708,43080000083,43080250791,250708
3530,35310250500,43090000083,43090250583,250500
3531,35320251166,43100000083,43100251250,251167
3532,35330276041,43110000083,43110276125,276042
3533,35340341458,43120000083,43120341541,341458
3534,35350248791,43130000083,43130248875,248792
3535,35360247125,43140000083,43140247208,247125
3536,35370246041,43150000083,43150246125,246042
3537,35380246708,43160000083,43160246791,246708
3538,35390245916,43170000083,43170246000,245917
3539,35400248916,43180000083,43180249000,248917
3540,35410245791,43190000083,43190245875,245792
3541,35420245583,43200000083,43200245666,245583
3542,35430244500,43210000083,43210244583,244500
3543,35440247791,43220000083,43220247875,247792
3544,35450246125,43230000083,43230246208,246125
3545,35460247958,43240000083,43240248041,247958
3546,35470245125,43250000083,43250245208,245125
3547,35480246083,43260000083,43260246166,246083
3548,35490246166,43270000083,43270246250,246167
3549,35500245958,43280000083,43280246041,245958
3550,35510244875,43290000083,43290244958,244875
3551,35520248458,43300000083,43300248541,248458
3552,35530247375,43310000083,43310247458,247375
3553,35540243083,43320000083,43320243166,243083
3554,35550248708,43330000083,43330248791,248708
3555,35560251708,43340000083,43340251791,251708
3556,35570251500,43350000083,43350251583,251500
3557,35580250708,43360000083,43360250791,250708
3558,35590447666,43370000083,43370447750,447667
3559,35600318250,43380000083,43380318333,318250
3560,35610245708,43390000083,43390245791,245708
3561,35620246083,43400000083,43400246166,246083
3562,35630245291,43410000083,43410245375,245292
3563,35640245958,43420000083,43420246041,245958
3564,35650247791,43430000083,43430247875,247792
3565,35660246416,43440000083,43440246500,246417
3566,35670246208,43450000083,43450246291,246208
3567,35680246583,43460000083,43460246666,246583
3568,35690246666,43470000083,43470246750,246667
3569,35700245875,43480000083,43480245958,245875
3570,35710246541,43490000083,43490246625,246542
3571,35720246916,43500000083,43500247000,246917
3572,35730245541,43510000083,43510245625,245542
3573,35740255541,43520000083,43520255625,255542
3574,35750246291,43530000083,43530246375,246292
3575,35760246375,43540000083,43540246458,246375
3576,35770246166,43550000083,43550246250,246167
3577,35780249166,43560000083,43560249250,249167
3578,35790248083,43570000083,43570248166,248083
3579,35800248458,43580000083,43580248541,248458
3580,35810247375,43590000083,43590247458,247375
3581,35820250958,43600000083,43600251041,250958
3582,35830250166,43610000083,43610250250,250167
3583,35840253458,43620000083,43620253541,253458
3584,35850250916,43630000083,43630251000,250917
3585,35860593416,43640000083,43640593500,593417
3586,35870244666,43650000083,43650244750,244667
3587,35880246208,43660000083,43660246291,246208
3588,35890247166,43670000083,43670247250,247167
3589,35900245208,43680000083,43680245291,245208
3590,35910246750,43690000083,43690246833,246750
3591,35920250625,43700000083,43700250708,250625
3592,35930246041,43710000083,43710246125,246042
3593,35940246416,43720000083,43720246500,246417
3594,35950246208,43730000083,43730246291,246208
3595,35960246583,43740000083,43740246666,246583
3596,35970245208,43750000083,43750245291,245208
3597,35980247625,43760000083,43760247708,247625
3598,35990243333,43770000083,43770243416,243333
3599,36000242833,43780000083,43780242916,242833
3600,36010242625,43790000083,43790242708,242625
3601,36020248250,43800000083,43800248333,248250
3602,36030248625,43810000083,43810248708,248625
3603,36040251333,43820000083,43820251416,251333
3604,36050249958,43830000083,43830250041,249958
3605,36060385375,43840000083,43840385458,385375
3606,36070249541,43850000083,43850249625,249542
3607,36080566666,43860000083,43860566750,566667
3608,36090476041,43870000083,43870476125,476042
3609,36100247750,43880000083,43880247833,247750
3610,36110245208,43890000083,43890245291,245208
3611,36120246166,43900000083,43900246250,246167
3612,36130246833,43910000083,43910246916,246833
3613,36140246916,43920000083,43920247000,246917
3614,36150245250,43930000083,43930245333,245250
3615,36160247375,43940000083,43940247458,247375
3616,36170246000,43950000083,43950246083,246000
3617,36180242291,43960000083,43960242375,242292
3618,36190246166,43970000083,43970246250,246167
3619,36200245666,43980000083,43980245750,245667
3620,36210246333,43990000083,43990246416,246333
3621,36220244958,44000000083,44000245041,244958
3622,36230245041,44010000083,44010245125,245042
3623,36240243958,44020000083,44020244041,243958
3624,36250244041,44030000083,44030244125,244042
3625,36260242958,44040000083,44040243041,242958
3626,36270245958,44050000083,44050246041,245958
3627,36280246625,44060000083,44060246708,246625
3628,36290246125,44070000083,44070246208,246125
3629,36300246500,44080000083,44080246583,246500
3630,36310245416,44090000083,44090245500,245417
3631,36320248125,44100000083,44100248208,248125
3632,36330247625,44110000083,44110247708,247625
3633,36340252375,44120000083,44120252458,252375
3634,36350251000,44130000083,44130251083,251000
3635,36360249916,44140000083,44140250000,249917
3636,36370249125,44150000083,44150249208,249125
3637,36380374916,44160000083,44160375000,374917
3638,36390367125,44170000083,44170367208,367125
3639,36400245000,44180000083,44180245083,245000
3640,36410250333,44190000083,44190250416,250333
3641,36420246333,44200000083,44200246416,246333
3642,36430241166,44210000083,44210241250,241167
3643,36440246500,44220000083,44220246583,246500
3644,36450246000,44230000083,44230246083,246000
3645,36460243458,44240000083,44240243541,243458
3646,36470243833,44250000083,44250243916,243833
3647,36480246250,44260000083,44260246333,246250
3648,36490245166,44270000083,44270245250,245167
3649,36500245541,44280000083,44280245625,245542
3650,36510250291,44290000083,44290250375,250292
3651,36520244541,44300000083,44300244625,244542
3652,36530248125,44310000083,44310248208,248125
3653,36540249666,44320000083,44320249750,249667
3654,36550250916,44330000083,44330251000,250917
3655,36560249541,44340000083,44340249625,249542
3656,36570250208,44350000083,44350250291,250208
3657,36580420333,44360000083,44360420416,420333
3658,36590316583,44370000083,44370316666,316583
3659,36600248416,44380000083,44380248500,248417
3660,36610245875,44390000083,44390245958,245875
3661,36620246250,44400000083,44400246333,246250
3662,36630241375,44410000083,44410241458,241375
3663,36640246125,44420000083,44420246208,246125
3664,36650251166,44430000083,44430251250,251167
3665,36660245416,44440000083,44440245500,245417
3666,36670243166,44450000083,44450243250,243167
3667,36680243250,44460000083,44460243333,243250
3668,36690243625,44470000083,44470243708,243625
3669,36700243708,44480000083,44480243791,243708
3670,36710245250,44490000083,44490245333,245250
3671,36720243875,44500000083,44500243958,243875
3672,36730248041,44510000083,44510248125,248042
3673,36740246083,44520000083,44520246166,246083
3674,36750245583,44530000083,44530245666,245583
3675,36760246541,44540000083,44540246625,246542
3676,36770247791,44550000083,44550247875,247792
3677,36780247583,44560000083,44560247666,247583
3678,36790248541,44570000083,44570248625,248542
3679,36800251541,44580000083,44580251625,251542
3680,36810249583,44590000083,44590249666,249583
3681,36820251416,44600000083,44600251500,251417
3682,36830256750,44610000083,44610256833,256750
3683,36840692583,44620000083,44620692666,692583
3684,36850244666,44630000083,44630244750,244667
3685,36860247958,44640000083,44640248041,247958
3686,36870243375,44650000083,44650243458,243375
3687,36880245208,44660000083,44660245291,245208
3688,36890246750,44670000083,44670246833,246750
3689,36900245375,44680000083,44680245458,245375
3690,36910248375,44690000083,44690248458,248375
3691,36920249333,44700000083,44700249416,249333
3692,36930248250,44710000083,44710248333,248250
3693,36940254166,44720000083,44720254250,254167
3694,36950250166,44730000083,44730250250,250167
3695,36960249083,44740000083,44740249166,249083
3696,36970250333,44750000083,44750250416,250333
3697,36980591083,44760000083,44760591166,591083
3698,36990244083,44770000083,44770244166,244083
3699,37000245916,44780000083,44780246000,245917
3700,37010248916,44790000083,44790249000,248917
3701,37020245791,44800000083,44800245875,245792
3702,37030241500,44810000083,44810241583,241500
3703,37040245958,44820000083,44820246041,245958
3704,37050246625,44830000083,44830246708,246625
3705,37060245833,44840000083,44840245916,245833
3706,37070246500,44850000083,44850246583,246500
3707,37080246583,44860000083,44860246666,246583
3708,37090245791,44870000083,44870245875,245792
3709,37100245291,44880000083,44880245375,245292
3710,37110246250,44890000083,44890246333,246250
3711,37120247500,44900000083,44900247583,247500
3712,37130241750,44910000083,44910241833,241750
3713,37140245916,44920000083,44920246000,245917
3714,37150247750,44930000083,44930247833,247750
3715,37160244916,44940000083,44940245000,244917
3716,37170245583,44950000083,44950245666,245583
3717,37180350083,44960000083,44960350166,350083
3718,37190250125,44970000083,44970250208,250125
3719,37200249625,44980000083,44980249708,249625
3720,37210252333,44990000083,44990252416,252333
3721,37220250083,45000000083,45000250166,250083
3722,37230258916,45010000083,45010259000,258917
3723,37240529666,45020000083,45020529750,529667
3724,37250245375,45030000083,45030245458,245375
3725,37260247500,45040000083,45040247583,247500
3726,37270246708,45050000083,45050246791,246708
3727,37280252041,45060000083,45060252125,252042
3728,37290246291,45070000083,45070246375,246292
3729,37300245208,45080000083,45080245291,245208
3730,37310245583,45090000083,45090245666,245583
3731,37320246833,45100000083,45100246916,246833
3732,37330248666,45110000083,45110248750,248667
3733,37340245833,45120000083,45120245916,245833
3734,37350252916,45130000083,45130253000,252917
3735,37360246000,45140000083,45140246083,246000
3736,37370246083,45150000083,45150246166,246083
3737,37380249958,45160000083,45160250041,249958
3738,37390245958,45170000083,45170246041,245958
3739,37400247208,45180000083,45180247291,247208
3740,37410253125,45190000083,45190253208,253125
3741,37420246500,45200000083,45200246583,246500
3742,37430246291,45210000083,45210246375,246292
3743,37440248125,45220000083,45220248208,248125
3744,37450248500,45230000083,45230248583,248500
3745,37460251500,45240000083,45240251583,251500
3746,37470251291,45250000083,45250251375,251292
3747,37480252833,45260000083,45260252916,252833
3748,37490244750,45270000083,45270244833,244750
3749,37500243666,45280000083,45280243750,243667
3750,37510243458,45290000083,45290243541,243458
3751,37520248500,45300000083,45300248583,248500
3752,37530248875,45310000083,45310248958,248875
3753,37540249833,45320000083,45320249916,249833
3754,37550250500,45330000083,45330250583,250500
3755,37560249708,45340000083,45340249791,249708
3756,37570249500,45350000083,45350249583,249500
3757,37580451708,45360000083,45360451791,451708
3758,37590316750,45370000083,45370316833,316750
3759,37600245666,45380000083,45380245750,245667
3760,37610246333,45390000083,45390246416,246333
3761,37620248750,45400000083,45400248833,248750
3762,37630245333,45410000083,45410245416,245333
3763,37640248916,45420000083,45420249000,248917
3764,37650244041,45430000083,45430244125,244042
3765,37660243833,45440000083,45440243916,243833
3766,37670241583,45450000083,45450241666,241583
3767,37680249541,45460000083,45460249625,249542
3768,37690244083,45470000083,45470244166,244083
3769,37700245041,45480000083,45480245125,245042
3770,37710244250,45490000083,45490244333,244250
3771,37720247541,45500000083,45500247625,247542
3772,37730244708,45510000083,45510244791,244708
3773,37740245666,45520000083,45520245750,245667
3774,37750247208,45530000083,45530247291,247208
3775,37760248166,45540000083,45540248250,248167
3776,37770248541,45550000083,45550248625,248542
3777,37780251833,45560000083,45560251916,251833
3778,37790250458,45570000083,45570250541,250458
3779,37800249958,45580000083,45580250041,249958
3780,37810249458,45590000083,45590249541,249458
3781,37820727291,45600000083,45600727375,727292
3782,37830244083,45610000083,45610244166,244083
3783,37840248833,45620000083,45620248916,248833
3784,37850246875,45630000083,45630246958,246875
3785,37860246083,45640000083,45640246166,246083
3786,37870242958,45650000083,45650243041,242958
3787,37880249166,45660000083,45660249250,249167
3788,37890245166,45670000083,45670245250,245167
3789,37900245541,45680000083,45680245625,245542
3790,37910243291,45690000083,45690243375,243292
3791,37920247458,45700000083,45700247541,247458
3792,37930243166,45710000083,45710243250,243167
3793,37940243541,45720000083,45720243625,243542
3794,37950243916,45730000083,45730244000,243917
3795,37960244291,45740000083,45740244375,244292
3796,37970245250,45750000083,45750245333,245250
3797,37980245916,45760000083,45760246000,245917
3798,37990245708,45770000083,45770245791,245708
3799,38000246083,45780000083,45780246166,246083
3800,38010252291,45790000083,45790252375,252292
3801,38020247708,45800000083,45800247791,247708
3802,38030247500,45810000083,45810247583,247500
3803,38040250500,45820000083,45820250583,250500
3804,38050250583,45830000083,45830250666,250583
3805,38060248625,45840000083,45840248708,248625
3806,38070277291,45850000083,45850277375,277292
3807,38080347958,45860000083,45860348041,347958
3808,38090244500,45870000083,45870244583,244500
3809,38100245750,45880000083,45880245833,245750
3810,38110247000,45890000083,45890247083,247000
3811,38120495291,45900000083,45900495375,495292
3812,38130248333,45910000083,45910248416,248333
3813,38140246083,45920000083,45920246166,246083
3814,38150245875,45930000083,45930245958,245875
3815,38160245958,45940000083,45940246041,245958
3816,38170246333,45950000083,45950246416,246333
3817,38180244958,45960000083,45960245041,244958
3818,38190248833,45970000083,45970248916,248833
3819,38200245416,45980000083,45980245500,245417
3820,38210245500,45990000083,45990245583,245500
3821,38220245291,46000000083,46000245375,245292
3822,38230247416,46010000083,46010247500,247417
3823,38240246041,46020000083,46020246125,246042
3824,38250246416,46030000083,46030246500,246417
3825,38260245625,46040000083,46040245708,245625
3826,38270249208,46050000083,46050249291,249208
3827,38280247833,46060000083,46060247916,247833
3828,38290250833,46070000083,46070250916,250833
3829,38300252083,46080000083,46080252166,252083
3830,38310250416,46090000083,46090250500,250417
3831,38320249916,46100000083,46100250000,249917
3832,38330876500,46110000083,46110876583,876500
3833,38340246000,46120000083,46120246083,246000
3834,38350246375,46130000083,46130246458,246375
3835,38360245000,46140000083,46140245083,245000
3836,38370245666,46150000083,46150245750,245667
3837,38380246333,46160000083,46160246416,246333
3838,38390244958,46170000083,46170245041,244958
3839,38400245041,46180000083,46180245125,245042
3840,38410245708,46190000083,46190245791,245708
3841,38420245791,46200000083,46200245875,245792
3842,38430246458,46210000083,46210246541,246458
3843,38440248583,46220000083,46220248666,248583
3844,38450245750,46230000083,46230245833,245750
3845,38460246125,46240000083,46240246208,246125
3846,38470246500,46250000083,46250246583,246500
3847,38480245708,46260000083,46260245791,245708
3848,38490244916,46270000083,46270245000,244917
3849,38500245291,46280000083,46280245375,245292
3850,38510248000,46290000083,46290248083,248000
3851,38520255375,46300000083,46300255458,255375
3852,38530249333,46310000083,46310249416,249333
3853,38540248833,46320000083,46320248916,248833
3854,38550254458,46330000083,46330254541,254458
3855,38560249875,46340000083,46340249958,249875
3856,38570252291,46350000083,46350252375,252292
3857,38580469375,46360000083,46360469458,469375
3858,38590317791,46370000083,46370317875,317792
3859,38600245541,46380000083,46380245625,245542
3860,38610246500,46390000083,46390246583,246500
3861,38620246291,46400000083,46400246375,246292
3862,38630244916,46410000083,46410245000,244917
3863,38640245000,46420000083,46420245083,245000
3864,38650247708,46430000083,46430247791,247708
3865,38660246041,46440000083,46440246125,246042
3866,38670246125,46450000083,46450246208,246125
3867,38680245041,46460000083,46460245125,245042
3868,38690245708,46470000083,46470245791,245708
3869,38700246375,46480000083,46480246458,246375
3870,38710246750,46490000083,46490246833,246750
3871,38720245958,46500000083,46500246041,245958
3872,38730245750,46510000083,46510245833,245750
3873,38740257208,46520000083,46520257291,257208
3874,38750245625,46530000083,46530245708,245625
3875,38760246000,46540000083,46540246083,246000
3876,38770251333,46550000083,46550251416,251333
3877,38780243250,46560000083,46560243333,243250
3878,38790243625,46570000083,46570243708,243625
3879,38800244875,46580000083,46580244958,244875
3880,38810247000,46590000083,46590247083,247000
3881,38820247666,46600000083,46600247750,247667
3882,38830251833,46610000083,46610251916,251833
3883,38840250166,46620000083,46620250250,250167
3884,38850249666,46630000083,46630249750,249667
3885,38860249166,46640000083,46640249250,249167
3886,38870480250,46650000083,46650480333,480250
3887,38880337708,46660000083,46660337791,337708
3888,38890248250,46670000083,46670248333,248250
3889,38900245416,46680000083,46680245500,245417
3890,38910247250,46690000083,46690247333,247250
3891,38920246166,46700000083,46700246250,246167
3892,38930245958,46710000083,46710246041,245958
3893,38940248375,46720000083,46720248458,248375
3894,38950245833,46730000083,46730245916,245833
3895,38960242416,46740000083,46740242500,242417
3896,38970246000,46750000083,46750246083,246000
3897,38980245791,46760000083,46760245875,245792
3898,38990243541,46770000083,46770243625,243542
3899,39000245083,46780000083,46780245166,245083
3900,39010243708,46790000083,46790243791,243708
3901,39020243500,46800000083,46800243583,243500
3902,39030243875,46810000083,46810243958,243875
3903,39040243375,46820000083,46820243458,243375
3904,39050243166,46830000083,46830243250,243167
3905,39060244708,46840000083,46840244791,244708
3906,39070249458,46850000083,46850249541,249458
3907,39080246333,46860000083,46860246416,246333
3908,39090248750,46870000083,46870248833,248750
3909,39100247375,46880000083,46880247458,247375
3910,39110248625,46890000083,46890248708,248625
3911,39120250458,46900000083,46900250541,250458
3912,39130249083,46910000083,46910249166,249083
3913,39140251208,46920000083,46920251291,251208
3914,39150260625,46930000083,46930260708,260625
3915,39160345875,46940000083,46940345958,345875
3916,39170245625,46950000083,46950245708,245625
3917,39180246000,46960000083,46960246083,246000
3918,39190246666,46970000083,46970246750,246667
3919,39200245291,46980000083,46980245375,245292
3920,39210243916,46990000083,46990244000,243917
3921,39220243125,47000000083,47000243208,243125
3922,39230243208,47010000083,47010243291,243208
3923,39240245916,47020000083,47020246000,245917
3924,39250243958,47030000083,47030244041,243958
3925,39260244916,47040000083,47040245000,244917
3926,39270247916,47050000083,47050248000,247917
3927,39280248291,47060000083,47060248375,248292
3928,39290248666,47070000083,47070248750,248667
3929,39300248750,47080000083,47080248833,248750
3930,39310250291,47090000083,47090250375,250292
3931,39320252125,47100000083,47100252208,252125
3932,39330249583,47110000083,47110249666,249583
3933,39340248791,47120000083,47120248875,248792
3934,39350593625,47130000083,47130593708,593625
3935,39360242250,47140000083,47140242333,242250
3936,39370245541,47150000083,47150245625,245542
3937,39380250875,47160000083,47160250958,250875
3938,39390246583,47170000083,47170246666,246583
3939,39400243750,47180000083,47180243833,243750
3940,39410242958,47190000083,47190243041,242958
3941,39420243916,47200000083,47200244000,243917
3942,39430244291,47210000083,47210244375,244292
3943,39440244958,47220000083,47220245041,244958
3944,39450243291,47230000083,47230243375,243292
3945,39460246583,47240000083,47240246666,246583
3946,39470250166,47250000083,47250250250,250167
3947,39480249083,47260000083,47260249166,249083
3948,39490456541,47270000083,47270456625,456542
3949,39500318666,47280000083,47280318750,318667
3950,39510246125,47290000083,47290246208,246125
3951,39520245916,47300000083,47300246000,245917
3952,39530248041,47310000083,47310248125,248042
3953,39540245500,47320000083,47320245583,245500
3954,39550248208,47330000083,47330248291,248208
3955,39560256750,47340000083,47340256833,256750
3956,39570245750,47350000083,47350245833,245750
3957,39580244958,47360000083,47360245041,244958
3958,39590247958,47370000083,47370248041,247958
3959,39600243083,47380000083,47380243166,243083
3960,39610249000,47390000083,47390249083,249000
3961,39620246458,47400000083,47400246541,246458
3962,39630245375,47410000083,47410245458,245375
3963,39640247791,47420000083,47420247875,247792
3964,39650248166,47430000083,47430248250,248167
3965,39660249125,47440000083,47440249208,249125
3966,39670252416,47450000083,47450252500,252417
3967,39680250166,47460000083,47460250250,250167
3968,39690249958,47470000083,47470250041,249958
3969,39700249458,47480000083,47480249541,249458
3970,39710400041,47490000083,47490400125,400042
3971,39720246416,47500000083,47500246500,246417
3972,39730246208,47510000083,47510246291,246208
3973,39740250666,47520000083,47520250750,250667
3974,39750245791,47530000083,47530245875,245792
3975,39760242083,47540000083,47540242166,242083
3976,39770245958,47550000083,47550246041,245958
3977,39780246333,47560000083,47560246416,246333
3978,39790246416,47570000083,47570246500,246417
3979,39800247375,47580000083,47580247458,247375
3980,39810246291,47590000083,47590246375,246292
3981,39820246083,47600000083,47600246166,246083
3982,39830245583,47610000083,47610245666,245583
3983,39840246541,47620000083,47620246625,246542
3984,39850245458,47630000083,47630245541,245458
3985,39860246125,47640000083,47640246208,246125
3986,39870245916,47650000083,47650246000,245917
3987,39880246583,47660000083,47660246666,246583
3988,39890246083,47670000083,47670246166,246083
3989,39900247916,47680000083,47680248000,247917
3990,39910255583,47690000083,47690255666,255583
3991,39920248958,47700000083,47700249041,248958
3992,39930249625,47710000083,47710249708,249625
3993,39940252625,47720000083,47720252708,252625
3994,39950249791,47730000083,47730249875,249792
3995,39960293625,47740000083,47740293708,293625
3996,39970369833,47750000083,47750369916,369833
3997,39980247125,47760000083,47760247208,247125
3998,39990246333,47770000083,47770246416,246333
3999,40000248458,47780000083,47780248541,248458
4000,40010246500,47790000083,47790246583,246500
4001,40020246291,47800000083,47800246375,246292
4002,40030246375,47810000083,47810246458,246375
4003,40040246458,47820000083,47820246541,246458
4004,40050245958,47830000083,47830246041,245958
4005,40060247500,47840000083,47840247583,247500
4006,40070245833,47850000083,47850245916,245833
4007,40080246208,47860000083,47860246291,246208
4008,40090246875,47870000083,47870246958,246875
4009,40100246083,47880000083,47880246166,246083
4010,40110245875,47890000083,47890245958,245875
4011,40120248291,47900000083,47900248375,248292
4012,40130255375,47910000083,47910255458,255375
4013,40140246708,47920000083,47920246791,246708
4014,40150247666,47930000083,47930247750,247667
4015,40160248041,47940000083,47940248125,248042
4016,40170247541,47950000083,47950247625,247542
4017,40180262791,47960000083,47960262875,262792
4018,40190257916,47970000083,47970258000,257917
4019,40200250125,47980000083,47980250208,250125
4020,40210664083,47990000083,47990664166,664083
4021,40220244458,48000000083,48000244541,244458
4022,40230245125,48010000083,48010245208,245125
4023,40240243750,48020000083,48020243833,243750
4024,40250245583,48030000083,48030245666,245583
4025,40260243625,48040000083,48040243708,243625
4026,40270243125,48050000083,48050243208,243125
4027,40280244083,48060000083,48060244166,244083
4028,40290245041,48070000083,48070245125,245042
4029,40300248333,48080000083,48080248416,248333
4030,40310251916,48090000083,48090252000,251917
4031,40320250541,48100000083,48100250625,250542
4032,40330249458,48110000083,48110249541,249458
4033,40340250125,48120000083,48120250208,250125
4034,40350683333,48130000083,48130683416,683333
4035,40360244750,48140000083,48140244833,244750
4036,40370248625,48150000083,48150248708,248625
4037,40380246083,48160000083,48160246166,246083
4038,40390246458,48170000083,48170246541,246458
4039,40400243333,48180000083,48180243416,243333
4040,40410246041,48190000083,48190246125,246042
4041,40420245833,48200000083,48200245916,245833
4042,40430245625,48210000083,48210245708,245625
4043,40440244541,48220000083,48220244625,244542
4044,40450244333,48230000083,48230244416,244333
4045,40460244125,48240000083,48240244208,244125
4046,40470243041,48250000083,48250243125,243042
4047,40480244291,48260000083,48260244375,244292
4048,40490244083,48270000083,48270244166,244083
4049,40500245333,48280000083,48280245416,245333
4050,40510246875,48290000083,48290246958,246875
4051,40520245791,48300000083,48300245875,245792
4052,40530248208,48310000083,48310248291,248208
4053,40540248291,48320000083,48320248375,248292
4054,40550249250,48330000083,48330249333,249250
4055,40560249916,48340000083,48340250000,249917
4056,40570252333,48350000083,48350252416,252333
4057,40580249500,48360000083,48360249583,249500
4058,40590249291,48370000083,48370249375,249292
4059,40600690666,48380000083,48380690750,690667
4060,40610244500,48390000083,48390244583,244500
4061,40620246625,48400000083,48400246708,246625
4062,40630250791,48410000083,48410250875,250792
4063,40640244750,48420000083,48420244833,244750
4064,40650245125,48430000083,48430245208,245125
4065,40660244333,48440000083,48440244416,244333
4066,40670243541,48450000083,48450243625,243542
4067,40680243916,48460000083,48460244000,243917
4068,40690243416,48470000083,48470243500,243417
4069,40700244666,48480000083,48480244750,244667
4070,40710244166,48490000083,48490244250,244167
4071,40720244833,48500000083,48500244916,244833
4072,40730244625,48510000083,48510244708,244625
4073,40740246166,48520000083,48520246250,246167
4074,40750246250,48530000083,48530246333,246250
4075,40760245750,48540000083,48540245833,245750
4076,40770246125,48550000083,48550246208,246125
4077,40780248250,48560000083,48560248333,248250
4078,40790247750,48570000083,48570247833,247750
4079,40800251916,48580000083,48580252000,251917
4080,40810250250,48590000083,48590250333,250250
4081,40820250625,48600000083,48600250708,250625
4082,40830249250,48610000083,48610249333,249250
4083,40840595250,48620000083,48620595333,595250
4084,40850241833,48630000083,48630241916,241833
4085,40860249208,48640000083,48640249291,249208
4086,40870245791,48650000083,48650245875,245792
4087,40880246750,48660000083,48660246833,246750
4088,40890247125,48670000083,48670247208,247125
4089,40900245750,48680000083,48680245833,245750
4090,40910245541,48690000083,48690245625,245542
4091,40920248833,48700000083,48700248916,248833
4092,40930246875,48710000083,48710246958,246875
4093,40940245500,48720000083,48720245583,245500
4094,40950245583,48730000083,48730245666,245583
4095,40960246833,48740000083,48740246916,246833
4096,40970245458,48750000083,48750245541,245458
4097,40980245541,48760000083,48760245625,245542
4098,40990245625,48770000083,48770245708,245625
4099,41000246583,48780000083,48780246666,246583
4100,41010246666,48790000083,48790246750,246667
4101,41020248791,48800000083,48800248875,248792
4102,41030763083,48810000083,48810763166,763083
4103,41040244583,48820000083,48820244666,244583
4104,41050244958,48830000083,48830245041,244958
4105,41060246208,48840000083,48840246291,246208
4106,41070243666,48850000083,48850243750,243667
4107,41080244041,48860000083,48860244125,244042
4108,41090243541,48870000083,48870243625,243542
4109,41100246541,48880000083,48880246625,246542
4110,41110246041,48890000083,48890246125,246042
4111,41120243500,48900000083,48900243583,243500
4112,41130246791,48910000083,48910246875,246792
4113,41140243958,48920000083,48920244041,243958
4114,41150243458,48930000083,48930243541,243458
4115,41160244125,48940000083,48940244208,244125
4116,41170245083,48950000083,48950245166,245083
4117,41180243416,48960000083,48960243500,243417
4118,41190244375,48970000083,48970244458,244375
4119,41200247958,48980000083,48980248041,247958
4120,41210249208,48990000083,48990249291,249208
4121,41220250458,49000000083,49000250541,250458
4122,41230249958,49010000083,49010250041,249958
4123,41240252083,49020000083,49020252166,252083
4124,41250438541,49030000083,49030438625,438542
4125,41260474791,49040000083,49040474875,474792
4126,41270245916,49050000083,49050246000,245917
4127,41280246291,49060000083,49060246375,246292
4128,41290247250,49070000083,49070247333,247250
4129,41300244708,49080000083,49080244791,244708
4130,41310248875,49090000083,49090248958,248875
4131,41320246333,49100000083,49100246416,246333
4132,41330246125,49110000083,49110246208,246125
4133,41340244750,49120000083,49120244833,244750
4134,41350243375,49130000083,49130243458,243375
4135,41360243750,49140000083,49140243833,243750
4136,41370248791,49150000083,49150248875,248792
4137,41380243625,49160000083,49160243708,243625
4138,41390244000,49170000083,49170244083,244000
4139,41400243791,49180000083,49180243875,243792
4140,41410243000,49190000083,49190243083,243000
4141,41420248041,49200000083,49200248125,248042
4142,41430246666,49210000083,49210246750,246667
4143,41440245291,49220000083,49220245375,245292
4144,41450243625,49230000083,49230243708,243625
4145,41460243708,49240000083,49240243791,243708
4146,41478795166,49250000083,49258795250,8795167
4147,41480867458,49260000083,49260867541,867458
4148,41490245125,49270000083,49270245208,245125
4149,41500243458,49280000083,49280243541,243458
4150,41510244125,49290000083,49290244208,244125
4151,41520248875,49300000083,49300248958,248875
4152,41530556375,49310000083,49310556458,556375
4153,41540244958,49320000083,49320245041,244958
4154,41550244166,49330000083,49330244250,244167
4155,41560242791,49340000083,49340242875,242792
4156,41570244333,49350000083,49350244416,244333
4157,41580243833,49360000083,49360243916,243833
4158,41590243625,49370000083,49370243708,243625
4159,41600245166,49380000083,49380245250,245167
4160,41610244083,49390000083,49390244166,244083
4161,41620244458,49400000083,49400244541,244458
4162,41630246291,49410000083,49410246375,246292
4163,41640249583,49420000083,49420249666,249583
4164,41650247625,49430000083,49430247708,247625
4165,41660249458,49440000083,49440249541,249458
4166,41670251000,49450000083,49450251083,251000
4167,41680250208,49460000083,49460250291,250208
4168,41690250291,49470000083,49470250375,250292
4169,41700295291,49480000083,49480295375,295292
4170,41710343791,49490000083,49490343875,343792
4171,41720241500,49500000083,49500241583,241500
4172,41730246250,49510000083,49510246333,246250
4173,41740245750,49520000083,49520245833,245750
4174,41750244083,49530000083,49530244166,244083
4175,41760243875,49540000083,49540243958,243875
4176,41770245416,49550000083,49550245500,245417
4177,41780243750,49560000083,49560243833,243750
4178,41790244125,49570000083,49570244208,244125
4179,41800244208,49580000083,49580244291,244208
4180,41810244583,49590000083,49590244666,244583
4181,41820245250,49600000083,49600245333,245250
4182,41830246791,49610000083,49610246875,246792
4183,41840246000,49620000083,49620246083,246000
4184,41850251625,49630000083,49630251708,251625
4185,41860248208,49640000083,49640248291,248208
4186,41870248583,49650000083,49650248666,248583
4187,41880250416,49660000083,49660250500,250417
4188,41890249333,49670000083,49670249416,249333
4189,41900249416,49680000083,49680249500,249417
4190,41910249791,49690000083,49690249875,249792
4191,41920680958,49700000083,49700681041,680958
4192,41930244125,49710000083,49710244208,244125
4193,41940246833,49720000083,49720246916,246833
4194,41950246333,49730000083,49730246416,246333
4195,41960244666,49740000083,49740244750,244667
4196,41970245916,49750000083,49750246000,245917
4197,41980244833,49760000083,49760244916,244833
4198,41990243750,49770000083,49770243833,243750
4199,42000243250,49780000083,49780243333,243250
4200,42010244208,49790000083,49790244291,244208
4201,42020245458,49800000083,49800245541,245458
4202,42030245833,49810000083,49810245916,245833
4203,42040251750,49820000083,49820251833,251750
4204,42050248625,49830000083,49830248708,248625
4205,42060247833,49840000083,49840247916,247833
4206,42070252291,49850000083,49850252375,252292
4207,42080249750,49860000083,49860249833,249750
4208,42090251583,49870000083,49870251666,251583
4209,42100249625,49880000083,49880249708,249625
4210,42110554208,49890000083,49890554291,554208
4211,42120242791,49900000083,49900242875,242792
4212,42130248416,49910000083,49910248500,248417
4213,42140246166,49920000083,49920246250,246167
4214,42150245666,49930000083,49930245750,245667
4215,42160243708,49940000083,49940243791,243708
4216,42170245833,49950000083,49950245916,245833
4217,42180246500,49960000083,49960246583,246500
4218,42190244250,49970000083,49970244333,244250
4219,42200244041,49980000083,49980244125,244042
4220,42210245291,49990000083,49990245375,245292
4221,42220619583,50000000083,50000619666,619583
4222,42230244291,50010000083,50010244375,244292
4223,42240246125,50020000083,50020246208,246125
4224,42250243291,50030000083,50030243375,243292
4225,42260244250,50040000083,50040244333,244250
4226,42270248708,50050000083,50050248791,248708
4227,42280250541,50060000083,50060250625,250542
4228,42290250625,50070000083,50070250708,250625
4229,42300251000,50080000083,50080251083,251000
4230,42310249041,50090000083,50090249125,249042
4231,42320678166,50100000083,50100678250,678167
4232,42330245416,50110000083,50110245500,245417
4233,42340245791,50120000083,50120245875,245792
4234,42350245291,50130000083,50130245375,245292
4235,42360247125,50140000083,50140247208,247125
4236,42370242250,50150000083,50150242333,242250
4237,42380248458,50160000083,50160248541,248458
4238,42390246208,50170000083,50170246291,246208
4239,42400244833,50180000083,50180244916,244833
4240,42410244333,50190000083,50190244416,244333
4241,42420244125,50200000083,50200244208,244125
4242,42430244500,50210000083,50210244583,244500
4243,42440245458,50220000083,50220245541,245458
4244,42450244666,50230000083,50230244750,244667
4245,42460243875,50240000083,50240243958,243875
4246,42470246291,50250000083,50250246375,246292
4247,42480245791,50260000083,50260245875,245792
4248,42497816666,50270000083,50277816750,7816667
4249,42500252958,50280000083,50280253041,252958
4250,42510248375,50290000083,50290248458,248375
4251,42520249041,50300000083,50300249125,249042
4252,42530248541,50310000083,50310248625,248542
4253,42540243958,50320000083,50320244041,243958
4254,42550243458,50330000083,50330243541,243458
4255,42560243541,50340000083,50340243625,243542
4256,42570248583,50350000083,50350248666,248583
4257,42580245458,50360000083,50360245541,245458
4258,42590247875,50370000083,50370247958,247875
4259,42600246208,50380000083,50380246291,246208
4260,42610244541,50390000083,50390244625,244542
4261,42620245208,50400000083,50400245291,245208
4262,42630253458,50410000083,50410253541,253458
4263,42640245375,50420000083,50420245458,245375
4264,42650245166,50430000083,50430245250,245167
4265,42660242916,50440000083,50440243000,242917
4266,42670621875,50450000083,50450621958,621875
4267,42680243958,50460000083,50460244041,243958
4268,42690251333,50470000083,50470251416,251333
4269,42700247041,50480000083,50480247125,247042
4270,42710244208,50490000083,50490244291,244208
4271,42720243416,50500000083,50500243500,243417
4272,42730243791,50510000083,50510243875,243792
4273,42740247958,50520000083,50520248041,247958
4274,42750248625,50530000083,50530248708,248625
4275,42760243750,50540000083,50540243833,243750
4276,42770244125,50550000083,50550244208,244125
4277,42780244500,50560000083,50560244583,244500
4278,42790245458,50570000083,50570245541,245458
4279,42800249916,50580000083,50580250000,249917
4280,42810248250,50590000083,50590248333,248250
4281,42820248333,50600000083,50600248416,248333
4282,42830248708,50610000083,50610248791,248708
4283,42840251125,50620000083,50620251208,251125
4284,42850249750,50630000083,50630249833,249750
4285,42860251583,50640000083,50640251666,251583
4286,42870274416,50650000083,50650274500,274417
4287,42880348291,50660000083,50660348375,348292
4288,42890246000,50670000083,50670246083,246000
4289,42900247833,50680000083,50680247916,247833
4290,42910245875,50690000083,50690245958,245875
4291,42920244208,50700000083,50700244291,244208
4292,42930242833,50710000083,50710242916,242833
4293,42940247000,50720000083,50720247083,247000
4294,42950243583,50730000083,50730243666,243583
4295,42960244250,50740000083,50740244333,244250
4296,42970242875,50750000083,50750242958,242875
4297,42980242958,50760000083,50760243041,242958
4298,42990246250,50770000083,50770246333,246250
4299,43000248375,50780000083,50780248458,248375
4300,43010248166,50790000083,50790248250,248167
4301,43020248250,50800000083,50800248333,248250
4302,43030253291,50810000083,50810253375,253292
4303,43040250458,50820000083,50820250541,250458
4304,43050249083,50830000083,50830249166,249083
4305,43060251500,50840000083,50840251583,251500
4306,43070442916,50850000083,50850443000,442917
4307,43080317583,50860000083,50860317666,317583
4308,43090242125,50870000083,50870242208,242125
4309,43100246583,50880000083,50880246666,246583
4310,43110247250,50890000083,50890247333,247250
4311,43120248500,50900000083,50900248583,248500
4312,43130243625,50910000083,50910243708,243625
4313,43140243708,50920000083,50920243791,243708
4314,43150244083,50930000083,50930244166,244083
4315,43160244166,50940000083,50940244250,244167
4316,43170243958,50950000083,50950244041,243958
4317,43180243458,50960000083,50960243541,243458
4318,43190246166,50970000083,50970246250,246167
4319,43200393833,50980000083,50980393916,393833
4320,43210247500,50990000083,50990247583,247500
4321,43220248458,51000000083,51000248541,248458
4322,43230247958,51010000083,51010248041,247958
4323,43240249208,51020000083,51020249291,249208
4324,43250249291,51030000083,51030249375,249292
4325,43260252000,51040000083,51040252083,252000
4326,43270248875,51050000083,51050248958,248875
4327,43280239041,51060000083,51060239125,239042
4328,43290713666,51070000083,51070713750,713667
4329,43300319416,51080000083,51080319500,319417
4330,43310246875,51090000083,51090246958,246875
4331,43320250458,51100000083,51100250541,250458
4332,43330243541,51110000083,51110243625,243542
4333,43340244208,51120000083,51120244291,244208
4334,43350243416,51130000083,51130243500,243417
4335,43360244375,51140000083,51140244458,244375
4336,43370243291,51150000083,51150243375,243292
4337,43380243958,51160000083,51160244041,243958
4338,43390244625,51170000083,51170244708,244625
4339,43400245291,51180000083,51180245375,245292
4340,43410250625,51190000083,51190250708,250625
4341,43420248083,51200000083,51200248166,248083
4342,43430251375,51210000083,51210251458,251375
4343,43440250583,51220000083,51220250666,250583
4344,43450250083,51230000083,51230250166,250083
4345,43460249875,51240000083,51240249958,249875
4346,43470250833,51250000083,51250250916,250833
4347,43480483375,51260000083,51260483458,483375
4348,43490318083,51270000083,51270318166,318083
4349,43500249333,51280000083,51280249416,249333
4350,43510247083,51290000083,51290247166,247083
4351,43520246291,51300000083,51300246375,246292
4352,43530243750,51310000083,51310243833,243750
4353,43540245291,51320000083,51320245375,245292
4354,43550249166,51330000083,51330249250,249167
4355,43560245458,51340000083,51340245541,245458
4356,43570248458,51350000083,51350248541,248458
4357,43580250291,51360000083,51360250375,250292
4358,43590640041,51370000083,51370640125,640042
4359,43600250750,51380000083,51380250833,250750
4360,43610253166,51390000083,51390253250,253167
4361,43620249166,51400000083,51400249250,249167
4362,43630248958,51410000083,51410249041,248958
4363,43640642500,51420000083,51420642583,642500
4364,43650244458,51430000083,51430244541,244458
4365,43660246000,51440000083,51440246083,246000
4366,43670247833,51450000083,51450247916,247833
4367,43680245875,51460000083,51460245958,245875
4368,43690245958,51470000083,51470246041,245958
4369,43700244583,51480000083,51480244666,244583
4370,43710245833,51490000083,51490245916,245833
4371,43720249125,51500000083,51500249208,249125
4372,43730246583,51510000083,51510246666,246583
4373,43740245791,51520000083,51520245875,245792
4374,43750245291,51530000083,51530245375,245292
4375,43760246250,51540000083,51540246333,246250
4376,43770246333,51550000083,51550246416,246333
4377,43780245541,51560000083,51560245625,245542
4378,43790247375,51570000083,51570247458,247375
4379,43800246583,51580000083,51580246666,246583
4380,43810246666,51590000083,51590246750,246667
4381,43820245875,51600000083,51600245958,245875
4382,43830247708,51610000083,51610247791,247708
4383,43840248083,51620000083,51620248166,248083
4384,43850247583,51630000083,51630247666,247583
4385,43860250875,51640000083,51640250958,250875
4386,43870249791,51650000083,51650249875,249792
4387,43880251625,51660000083,51660251708,251625
4388,43890282625,51670000083,51670282708,282625
4389,43900350958,51680000083,51680351041,350958
4390,43910244291,51690000083,51690244375,244292
4391,43920245833,51700000083,51700245916,245833
4392,43930246208,51710000083,51710246291,246208
4393,43940246000,51720000083,51720246083,246000
4394,43950244041,51730000083,51730244125,244042
4395,43960243250,51740000083,51740243333,243250
4396,43970248291,51750000083,51750248375,248292
4397,43980248375,51760000083,51760248458,248375
4398,43990251083,51770000083,51770251166,251083
4399,44000250875,51780000083,51780250958,250875
4400,44010252416,51790000083,51790252500,252417
4401,44020249291,51800000083,51800249375,249292
4402,44030564375,51810000083,51810564458,564375
4403,44040476375,51820000083,51820476458,476375
4404,44050246041,51830000083,51830246125,246042
4405,44060245541,51840000083,51840245625,245542
4406,44070248833,51850000083,51850248916,248833
4407,44080246875,51860000083,51860246958,246875
4408,44090245791,51870000083,51870245875,245792
4409,44100245291,51880000083,51880245375,245292
4410,44110247708,51890000083,51890247791,247708
4411,44120246333,51900000083,51900246416,246333
4412,44130243791,51910000083,51910243875,243792
4413,44140245625,51920000083,51920245708,245625
4414,44150246000,51930000083,51930246083,246000
4415,44160245500,51940000083,51940245583,245500
4416,44170244708,51950000083,51950244791,244708
4417,44180245958,51960000083,51960246041,245958
4418,44190245750,51970000083,51970245833,245750
4419,44200245833,51980000083,51980245916,245833
4420,44210249416,51990000083,51990249500,249417
4421,44220249791,52000000083,52000249875,249792
4422,44230250750,52010000083,52010250833,250750
4423,44240250250,52020000083,52020250333,250250
4424,44250251208,52030000083,52030251291,251208
4425,44260417250,52040000083,52040417333,417250
4426,44270318458,52050000083,52050318541,318458
4427,44280247666,52060000083,52060247750,247667
4428,44290245708,52070000083,52070245791,245708
4429,44300249875,52080000083,52080249958,249875
4430,44310246458,52090000083,52090246541,246458
4431,44320245958,52100000083,52100246041,245958
4432,44330242250,52110000083,52110242333,242250
4433,44340247875,52120000083,52120247958,247875
4434,44350245333,52130000083,52130245416,245333
4435,44360248625,52140000083,52140248708,248625
4436,44370243458,52150000083,52150243541,243458
4437,44380245583,52160000083,52160245666,245583
4438,44390245958,52170000083,52170246041,245958
4439,44400246041,52180000083,52180246125,246042
4440,44410248166,52190000083,52190248250,248167
4441,44420244458,52200000083,52200244541,244458
4442,44430248041,52210000083,52210248125,248042
4443,44440247250,52220000083,52220247333,247250
4444,44450250541,52230000083,52230250625,250542
4445,44460250333,52240000083,52240250416,250333
4446,44470249541,52250000083,52250249625,249542
4447,44480249625,52260000083,52260249708,249625
4448,44490395541,52270000083,52270395625,395542
4449,44500245708,52280000083,52280245791,245708
4450,44510246666,52290000083,52290246750,246667
4451,44520245875,52300000083,52300245958,245875
4452,44530241875,52310000083,52310241958,241875
4453,44540246916,52320000083,52320247000,246917
4454,44550246416,52330000083,52330246500,246417
4455,44560244458,52340000083,52340244541,244458
4456,44570243375,52350000083,52350243458,243375
4457,44580245791,52360000083,52360245875,245792
4458,44590246166,52370000083,52370246250,246167
4459,44600245958,52380000083,52380246041,245958
4460,44610246916,52390000083,52390247000,246917
4461,44620250500,52400000083,52400250583,250500
4462,44630248833,52410000083,52410248916,248833
4463,44640248041,52420000083,52420248125,248042
4464,44650249875,52430000083,52430249958,249875
4465,44660250250,52440000083,52440250333,250250
4466,44670249458,52450000083,52450249541,249458
4467,44680649708,52460000083,52460649791,649708
4468,44690245541,52470000083,52470245625,245542
4469,44700245625,52480000083,52480245708,245625
4470,44710246875,52490000083,52490246958,246875
4471,44720246083,52500000083,52500246166,246083
4472,44730241208,52510000083,52510241291,241208
4473,44740248583,52520000083,52520248666,248583
4474,44750246041,52530000083,52530246125,246042
4475,44760246125,52540000083,52540246208,246125
4476,44770247666,52550000083,52550247750,247667
4477,44780244833,52560000083,52560244916,244833
4478,44790247833,52570000083,52570247916,247833
4479,44800245583,52580000083,52580245666,245583
4480,44810246541,52590000083,52590246625,246542
4481,44820246041,52600000083,52600246125,246042
4482,44830245833,52610000083,52610245916,245833
4483,44840245916,52620000083,52620246000,245917
4484,44850249500,52630000083,52630249583,249500
4485,44860245791,52640000083,52640245875,245792
4486,44870245875,52650000083,52650245958,245875
4487,44880248583,52660000083,52660248666,248583
4488,44890244000,52670000083,52670244083,244000
4489,44900247291,52680000083,52680247375,247292
4490,44910251750,52690000083,52690251833,251750
4491,44920250083,52700000083,52700250166,250083
4492,44930244916,52710000083,52710245000,244917
4493,44940249958,52720000083,52720250041,249958
4494,44950819666,52730000083,52730819750,819667
4495,44960244291,52740000083,52740244375,244292
4496,44970249041,52750000083,52750249125,249042
4497,44980245333,52760000083,52760245416,245333
4498,44990245708,52770000083,52770245791,245708
4499,45000246083,52780000083,52780246166,246083
4500,45010249958,52790000083,52790250041,249958
4501,45020248875,52800000083,52800248958,248875
4502,45030247500,52810000083,52810247583,247500
4503,45040245541,52820000083,52820245625,245542
4504,45050245625,52830000083,52830245708,245625
4505,45060247458,52840000083,52840247541,247458
4506,45070245500,52850000083,52850245583,245500
4507,45080247333,52860000083,52860247416,247333
4508,45090247416,52870000083,52870247500,247417
4509,45100245458,52880000083,52880245541,245458
4510,45110249625,52890000083,52890249708,249625
4511,45120245625,52900000083,52900245708,245625
4512,45130248625,52910000083,52910248708,248625
4513,45140245500,52920000083,52920245583,245500
4514,45150249375,52930000083,52930249458,249375
4515,45160252083,52940000083,52940252166,252083
4516,45170251291,52950000083,52950251375,251292
4517,45180250208,52960000083,52960250291,250208
4518,45190255833,52970000083,52970255916,255833
4519,45200445500,52980000083,52980445583,445500
4520,45210484375,52990000083,52990484458,484375
4521,45220245583,53000000083,53000245666,245583
4522,45230623958,53010000083,53010624041,623958
4523,45240246916,53020000083,53020247000,246917
4524,45250245833,53030000083,53030245916,245833
4525,45260246208,53040000083,53040246291,246208
4526,45270245416,53050000083,53050245500,245417
4527,45280246958,53060000083,53060247041,246958
4528,45290244708,53070000083,53070244791,244708
4529,45300251791,53080000083,53080251875,251792
4530,45310248958,53090000083,53090249041,248958
4531,45320243500,53100000083,53100243583,243500
4532,45330243291,53110000083,53110243375,243292
4533,45340243958,53120000083,53120244041,243958
4534,45350259500,53130000083,53130259583,259500
4535,45360253458,53140000083,53140253541,253458
4536,45370247125,53150000083,53150247208,247125
4537,45380250708,53160000083,53160250791,250708
4538,45390250791,53170000083,53170250875,250792
4539,45400243875,53180000083,53180243958,243875
4540,45410244833,53190000083,53190244916,244833
4541,45420248708,53200000083,53200248791,248708
4542,45430244708,53210000083,53210244791,244708
4543,45440243333,53220000083,53220243416,243333
4544,45450244291,53230000083,53230244375,244292
4545,45460244083,53240000083,53240244166,244083
4546,45470245041,53250000083,53250245125,245042
4547,45480243375,53260000083,53260243458,243375
4548,45490244625,53270000083,53270244708,244625
4549,45500244416,53280000083,53280244500,244417
4550,45510244500,53290000083,53290244583,244500
4551,45520244291,53300000083,53300244375,244292
4552,45530247000,53310000083,53310247083,247000
4553,45540244750,53320000083,53320244833,244750
4554,45550244833,53330000083,53330244916,244833
4555,45560243166,53340000083,53340243250,243167
4556,45570246458,53350000083,53350246541,246458
4557,45580247708,53360000083,53360247791,247708
4558,45590248958,53370000083,53370249041,248958
4559,45600248750,53380000083,53380248833,248750
4560,45610252916,53390000083,53390253000,252917
4561,45620250958,53400000083,53400251041,250958
4562,45630256875,53410000083,53410256958,256875
4563,45640244708,53420000083,53420244791,244708
4564,45650243041,53430000083,53430243125,243042
4565,45660245750,53440000083,53440245833,245750
4566,45670245541,53450000083,53450245625,245542
4567,45680243875,53460000083,53460243958,243875
4568,45690243666,53470000083,53470243750,243667
4569,45700244333,53480000083,53480244416,244333
4570,45710244416,53490000083,53490244500,244417
4571,45720246250,53500000083,53500246333,246250
4572,45730248666,53510000083,53510248750,248667
4573,45740247291,53520000083,53520247375,247292
4574,45750251458,53530000083,53530251541,251458
4575,45760250666,53540000083,53540250750,250667
4576,45770249291,53550000083,53550249375,249292
4577,45780251125,53560000083,53560251208,251125
4578,45790490958,53570000083,53570491041,490958
4579,45800283375,53580000083,53580283458,283375
4580,45810246708,53590000083,53590246791,246708
4581,45820242125,53600000083,53600242208,242125
4582,45830246875,53610000083,53610246958,246875
4583,45840245208,53620000083,53620245291,245208
4584,45850247625,53630000083,53630247708,247625
4585,45860244500,53640000083,53640244583,244500
4586,45870246041,53650000083,53650246125,246042
4587,45880244083,53660000083,53660244166,244083
4588,45890244458,53670000083,53670244541,244458
4589,45900243375,53680000083,53680243458,243375
4590,45910244916,53690000083,53690245000,244917
4591,45920252291,53700000083,53700252375,252292
4592,45930251208,53710000083,53710251291,251208
4593,45940249541,53720000083,53720249625,249542
4594,45950249041,53730000083,53730249125,249042
4595,45960482750,53740000083,53740482833,482750
4596,45970460666,53750000083,53750460750,460667
4597,45980245500,53760000083,53760245583,245500
4598,45990249666,53770000083,53770249750,249667
4599,46000246250,53780000083,53780246333,246250
4600,46010248666,53790000083,53790248750,248667
4601,46020246708,53800000083,53800246791,246708
4602,46030246208,53810000083,53810246291,246208
4603,46040244250,53820000083,53820244333,244250
4604,46050246083,53830000083,53830246166,246083
4605,46060245291,53840000083,53840245375,245292
4606,46070241875,53850000083,53850241958,241875
4607,46080246333,53860000083,53860246416,246333
4608,46090247291,53870000083,53870247375,247292
4609,46100245625,53880000083,53880245708,245625
4610,46110247166,53890000083,53890247250,247167
4611,46120244916,53900000083,53900245000,244917
4612,46130245583,53910000083,53910245666,245583
4613,46140247416,53920000083,53920247500,247417
4614,46150247500,53930000083,53930247583,247500
4615,46160249916,53940000083,53940250000,249917
4616,46170249125,53950000083,53950249208,249125
4617,46180250083,53960000083,53960250166,250083
4618,46190250166,53970000083,53970250250,250167
4619,46200249083,53980000083,53980249166,249083
4620,46210249166,53990000083,53990249250,249167
4621,46220565416,54000000083,54000565500,565417
4622,46230244375,54010000083,54010244458,244375
4623,46240244750,54020000083,54020244833,244750
4624,46250245708,54030000083,54030245791,245708
4625,46260246375,54040000083,54040246458,246375
4626,46270241791,54050000083,54050241875,241792
4627,46280248875,54060000083,54060248958,248875
4628,46290245750,54070000083,54070245833,245750
4629,46300246416,54080000083,54080246500,246417
4630,46310248833,54090000083,54090248916,248833
4631,46320245708,54100000083,54100245791,245708
4632,46330246375,54110000083,54110246458,246375
4633,46340245583,54120000083,54120245666,245583
4634,46350245958,54130000083,54130246041,245958
4635,46360245750,54140000083,54140245833,245750
4636,46370245541,54150000083,54150245625,245542
4637,46380245625,54160000083,54160245708,245625
4638,46390250083,54170000083,54170250166,250083
4639,46400246083,54180000083,54180246166,246083
4640,46410247041,54190000083,54190247125,247042
4641,46420250041,54200000083,54200250125,250042
4642,46430250416,54210000083,54210250500,250417
4643,46440246416,54220000083,54220246500,246417
4644,46450250583,54230000083,54230250666,250583
4645,46460250375,54240000083,54240250458,250375
4646,46470249875,54250000083,54250249958,249875
4647,46480591500,54260000083,54260591583,591500
4648,46490244208,54270000083,54270244291,244208
4649,46500248083,54280000083,54280248166,248083
4650,46510293958,54290000083,54290294041,293958
4651,46520245333,54300000083,54300245416,245333
4652,46530248333,54310000083,54310248416,248333
4653,46540247833,54320000083,54320247916,247833
4654,46550250833,54330000083,54330250916,250833
4655,46560250625,54340000083,54340250708,250625
4656,46570626666,54350000083,54350626750,626667
4657,46580248750,54360000083,54360248833,248750
4658,46590566750,54370000083,54370566833,566750
4659,46600316583,54380000083,54380316666,316583
4660,46610364791,54390000083,54390364875,364792
4661,46620245875,54400000083,54400245958,245875
4662,46630245666,54410000083,54410245750,245667
4663,46640245166,54420000083,54420245250,245167
4664,46650245833,54430000083,54430245916,245833
4665,46660245625,54440000083,54440245708,245625
4666,46670246291,54450000083,54450246375,246292
4667,46680246375,54460000083,54460246458,246375
4668,46690255208,54470000083,54470255291,255208
4669,46700246541,54480000083,54480246625,246542
4670,46710246916,54490000083,54490247000,246917
4671,46720247000,54500000083,54500247083,247000
4672,46730243875,54510000083,54510243958,243875
4673,46740243666,54520000083,54520243750,243667
4674,46750243750,54530000083,54530243833,243750
4675,46760249375,54540000083,54540249458,249375
4676,46770244791,54550000083,54550244875,244792
4677,46780244875,54560000083,54560244958,244875
4678,46790243500,54570000083,54570243583,243500
4679,46800245041,54580000083,54580245125,245042
4680,46810249500,54590000083,54590249583,249500
4681,46820249000,54600000083,54600249083,249000
4682,46830250250,54610000083,54610250333,250250
4683,46840246541,54620000083,54620246625,246542
4684,46850252458,54630000083,54630252541,252458
4685,46860251958,54640000083,54640252041,251958
4686,46870588916,54650000083,54650589000,588917
4687,46880244833,54660000083,54660244916,244833
4688,46890247541,54670000083,54670247625,247542
4689,46900245875,54680000083,54680245958,245875
4690,46910245958,54690000083,54690246041,245958
4691,46920249541,54700000083,54700249625,249542
4692,46930245833,54710000083,54710245916,245833
4693,46940245333,54720000083,54720245416,245333
4694,46950248041,54730000083,54730248125,248042
4695,46960240833,54740000083,54740240916,240833
4696,46970248791,54750000083,54750248875,248792
4697,46980246833,54760000083,54760246916,246833
4698,46990244583,54770000083,54770244666,244583
4699,47000243500,54780000083,54780243583,243500
4700,47010244750,54790000083,54790244833,244750
4701,47020246000,54800000083,54800246083,246000
4702,47030246958,54810000083,54810247041,246958
4703,47040247041,54820000083,54820247125,247042
4704,47050248000,54830000083,54830248083,248000
4705,47060250125,54840000083,54840250208,250125
4706,47070250208,54850000083,54850250291,250208
4707,47080249416,54860000083,54860249500,249417
4708,47090251250,54870000083,54870251333,251250
4709,47100275541,54880000083,54880275625,275542
4710,47110345041,54890000083,54890345125,345042
4711,47120246541,54900000083,54900246625,246542
4712,47130245750,54910000083,54910245833,245750
4713,47140245541,54920000083,54920245625,245542
4714,47150246500,54930000083,54930246583,246500
4715,47160242791,54940000083,54940242875,242792
4716,47170245500,54950000083,54950245583,245500
4717,47180246458,54960000083,54960246541,246458
4718,47190246833,54970000083,54970246916,246833
4719,47200242833,54980000083,54980242916,242833
4720,47210243208,54990000083,54990243291,243208
4721,47220246500,55000000083,55000246583,246500
4722,47230244250,55010000083,55010244333,244250
4723,47240242291,55020000083,55020242375,242292
4724,47250243250,55030000083,55030243333,243250
4725,47260245083,55040000083,55040245166,245083
4726,47270245750,55050000083,55050245833,245750
4727,47280247875,55060000083,55060247958,247875
4728,47290245625,55070000083,55070245708,245625
4729,47300248625,55080000083,55080248708,248625
4730,47310248416,55090000083,55090248500,248417
4731,47320247916,55100000083,55100248000,247917
4732,47330251208,55110000083,55110251291,251208
4733,47340246625,55120000083,55120246708,246625
4734,47350251375,55130000083,55130251458,251375
4735,47360295208,55140000083,55140295291,295208
4736,47370348375,55150000083,55150348458,348375
4737,47380245791,55160000083,55160245875,245792
4738,47390247333,55170000083,55170247416,247333
4739,47400243625,55180000083,55180243708,243625
4740,47410244583,55190000083,55190244666,244583
4741,47420244958,55200000083,55200245041,244958
4742,47430243583,55210000083,55210243666,243583
4743,47440244250,55220000083,55220244333,244250
4744,47450243166,55230000083,55230243250,243167
4745,47460245875,55240000083,55240245958,245875
4746,47470246833,55250000083,55250246916,246833
4747,47480246041,55260000083,55260246125,246042
4748,47490248458,55270000083,55270248541,248458
4749,47500249125,55280000083,55280249208,249125
4750,47510249500,55290000083,55290249583,249500
4751,47520250166,55300000083,55300250250,250167
4752,47530251416,55310000083,55310251500,251417
4753,47540249750,55320000083,55320249833,249750
4754,47550476166,55330000083,55330476250,476167
4755,47560318750,55340000083,55340318833,318750
4756,47570245916,55350000083,55350246000,245917
4757,47580247750,55360000083,55360247833,247750
4758,47590246666,55370000083,55370246750,246667
4759,47600244125,55380000083,55380244208,244125
4760,47610245666,55390000083,55390245750,245667
4761,47620247208,55400000083,55400247291,247208
4762,47630245541,55410000083,55410245625,245542
4763,47640246500,55420000083,55420246583,246500
4764,47650248041,55430000083,55430248125,248042
4765,47660248125,55440000083,55440248208,248125
4766,47670247916,55450000083,55450248000,247917
4767,47680250625,55460000083,55460250708,250625
4768,47690250708,55470000083,55470250791,250708
4769,47700250791,55480000083,55480250875,250792
4770,47710249125,55490000083,55490249208,249125
4771,47720597166,55500000083,55500597250,597167
4772,47730244625,55510000083,55510244708,244625
4773,47740245583,55520000083,55520245666,245583
4774,47750249750,55530000083,55530249833,249750
4775,47760241666,55540000083,55540241750,241667
4776,47770246416,55550000083,55550246500,246417
4777,47780246500,55560000083,55560246583,246500
4778,47790247166,55570000083,55570247250,247167
4779,47800245500,55580000083,55580245583,245500
4780,47810246166,55590000083,55590246250,246167
4781,47820247125,55600000083,55600247208,247125
4782,47830246041,55610000083,55610246125,246042
4783,47840244375,55620000083,55620244458,244375
4784,47850246208,55630000083,55630246291,246208
4785,47860249791,55640000083,55640249875,249792
4786,47870245791,55650000083,55650245875,245792
4787,47880246166,55660000083,55660246250,246167
4788,47890246250,55670000083,55670246333,246250
4789,47900245458,55680000083,55680245541,245458
4790,47910245250,55690000083,55690245333,245250
4791,47920259041,55700000083,55700259125,259042
4792,47930249500,55710000083,55710249583,249500
4793,47940246666,55720000083,55720246750,246667
4794,47950249958,55730000083,55730250041,249958
4795,47960253541,55740000083,55740253625,253542
4796,47970249833,55750000083,55750249916,249833
4797,47980758000,55760000083,55760758083,758000
4798,47990244750,55770000083,55770244833,244750
4799,48000246875,55780000083,55780246958,246875
4800,48010245791,55790000083,55790245875,245792
4801,48020246458,55800000083,55800246541,246458
4802,48030245958,55810000083,55810246041,245958
4803,48040246333,55820000083,55820246416,246333
4804,48050245833,55830000083,55830245916,245833
4805,48060245916,55840000083,55840246000,245917
4806,48070245416,55850000083,55850245500,245417
4807,48080255125,55860000083,55860255208,255125
4808,48090246458,55870000083,55870246541,246458
4809,48100249458,55880000083,55880249541,249458
4810,48110245750,55890000083,55890245833,245750
4811,48120245541,55900000083,55900245625,245542
4812,48130247958,55910000083,55910248041,247958
4813,48140251541,55920000083,55920251625,251542
4814,48150246083,55930000083,55930246166,246083
4815,48160248791,55940000083,55940248875,248792
4816,48170245666,55950000083,55950245750,245667
4817,48180248083,55960000083,55960248166,248083
4818,48190248458,55970000083,55970248541,248458
4819,48200250583,55980000083,55980250666,250583
4820,48210251541,55990000083,55990251625,251542
4821,48220246958,56000000083,56000247041,246958
4822,48230243250,56010000083,56010243333,243250
4823,48240242750,56020000083,56020242833,242750
4824,48250247791,56030000083,56030247875,247792
4825,48260247875,56040000083,56040247958,247875
4826,48270250000,56050000083,56050250083,250000
4827,48280252708,56060000083,56060252791,252708
4828,48290250166,56070000083,56070250250,250167
4829,48300249958,56080000083,56080250041,249958
4830,48310410458,56090000083,56090410541,410458
4831,48320322166,56100000083,56100322250,322167
4832,48330246125,56110000083,56110246208,246125
4833,48340245625,56120000083,56120245708,245625
4834,48350246291,56130000083,56130246375,246292
4835,48360246083,56140000083,56140246166,246083
4836,48370246166,56150000083,56150246250,246167
4837,48380245083,56160000083,56160245166,245083
4838,48390247208,56170000083,56170247291,247208
4839,48400242916,56180000083,56180243000,242917
4840,48410245625,56190000083,56190245708,245625
4841,48420246875,56200000083,56200246958,246875
4842,48430244333,56210000083,56210244416,244333
4843,48440242666,56220000083,56220242750,242667
4844,48450249750,56230000083,56230249833,249750
4845,48460246333,56240000083,56240246416,246333
4846,48470245250,56250000083,56250245333,245250
4847,48480246791,56260000083,56260246875,246792
4848,48490248916,56270000083,56270249000,248917
4849,48500248708,56280000083,56280248791,248708
4850,48510250250,56290000083,56290250333,250250
4851,48520251500,56300000083,56300251583,251500
4852,48530249833,56310000083,56310249916,249833
4853,48540247000,56320000083,56320247083,247000
4854,48550250000,56330000083,56330250083,250000
4855,48560398541,56340000083,56340398625,398542
4856,48570245500,56350000083,56350245583,245500
4857,48580247333,56360000083,56360247416,247333
4858,48590245666,56370000083,56370245750,245667
4859,48600241375,56380000083,56380241458,241375
4860,48610246125,56390000083,56390246208,246125
4861,48620245625,56400000083,56400245708,245625
4862,48630243375,56410000083,56410243458,243375
4863,48640245208,56420000083,56420245291,245208
4864,48650245583,56430000083,56430245666,245583
4865,48660245666,56440000083,56440245750,245667
4866,48670245750,56450000083,56450245833,245750
4867,48680245541,56460000083,56460245625,245542
4868,48690248541,56470000083,56470248625,248542
4869,48700248625,56480000083,56480248708,248625
4870,48710251041,56490000083,56490251125,251042
4871,48720250541,56500000083,56500250625,250542
4872,48730249750,56510000083,56510249833,249750
4873,48740246041,56520000083,56520246125,246042
4874,48750471583,56530000083,56530471666,471583
4875,48760316791,56540000083,56540316875,316792
4876,48770249791,56550000083,56550249875,249792
4877,48780245791,56560000083,56560245875,245792
4878,48790245875,56570000083,56570245958,245875
4879,48800241583,56580000083,56580241666,241583
4880,48810249833,56590000083,56590249916,249833
4881,48820246708,56600000083,56600246791,246708
4882,48830250291,56610000083,56610250375,250292
4883,48840243083,56620000083,56620243166,243083
4884,48850246083,56630000083,56630246166,246083
4885,48860245583,56640000083,56640245666,245583
4886,48870245958,56650000083,56650246041,245958
4887,48880248083,56660000083,56660248166,248083
4888,48890247875,56670000083,56670247958,247875
4889,48900249125,56680000083,56680249208,249125
4890,48910250375,56690000083,56690250458,250375
4891,48920252500,56700000083,56700252583,252500
4892,48930249375,56710000083,56710249458,249375
4893,48940248291,56720000083,56720248375,248292
4894,48950470333,56730000083,56730470416,470333
4895,48960316708,56740000083,56740316791,316708
4896,48970246208,56750000083,56750246291,246208
4897,48980247750,56760000083,56760247833,247750
4898,48990246375,56770000083,56770246458,246375
4899,49000244416,56780000083,56780244500,244417
4900,49010246541,56790000083,56790246625,246542
4901,49020247791,56800000083,56800247875,247792
4902,49030246125,56810000083,56810246208,246125
4903,49040244166,56820000083,56820244250,244167
4904,49050245708,56830000083,56830245791,245708
4905,49060247833,56840000083,56840247916,247833
4906,49070246166,56850000083,56850246250,246167
4907,49080245958,56860000083,56860246041,245958
4908,49090248083,56870000083,56870248166,248083
4909,49100245833,56880000083,56880245916,245833
4910,49110246208,56890000083,56890246291,246208
4911,49120247458,56900000083,56900247541,247458
4912,49130246083,56910000083,56910246166,246083
4913,49140249666,56920000083,56920249750,249667
4914,49150247708,56930000083,56930247791,247708
4915,49160244583,56940000083,56940244666,244583
4916,49170251666,56950000083,56950251750,251667
4917,49180248541,56960000083,56960248625,248542
4918,49190250958,56970000083,56970251041,250958
4919,49200251333,56980000083,56980251416,251333
4920,49210252000,56990000083,56990252083,252000
4921,49220532666,57000000083,57000532750,532667
4922,49230244291,57010000083,57010244375,244292
4923,49240280833,57020000083,57020280916,280833
4924,49250245916,57030000083,57030246000,245917
4925,49260245708,57040000083,57040245791,245708
4926,49270245500,57050000083,57050245583,245500
4927,49280245583,57060000083,57060245666,245583
4928,49290245375,57070000083,57070245458,245375
4929,49300245166,57080000083,57080245250,245167
4930,49310245541,57090000083,57090245625,245542
4931,49320245916,57100000083,57100246000,245917
4932,49330246875,57110000083,57110246958,246875
4933,49340352541,57120000083,57120352625,352542
4934,49350245583,57130000083,57130245666,245583
4935,49360245375,57140000083,57140245458,245375
4936,49370246916,57150000083,57150247000,246917
4937,49380246708,57160000083,57160246791,246708
4938,49390247958,57170000083,57170248041,247958
4939,49400246000,57180000083,57180246083,246000
4940,49410245791,57190000083,57190245875,245792
4941,49420247625,57200000083,57200247708,247625
4942,49430249458,57210000083,57210249541,249458
4943,49440358333,57220000083,57220358416,358333
4944,49450250791,57230000083,57230250875,250792
4945,49460249416,57240000083,57240249500,249417
4946,49470561875,57250000083,57250561958,561875
4947,49480245500,57260000083,57260245583,245500
4948,49490245875,57270000083,57270245958,245875
4949,49500247125,57280000083,57280247208,247125
4950,49510245166,57290000083,57290245250,245167
4951,49520249916,57300000083,57300250000,249917
4952,49530246208,57310000083,57310246291,246208
4953,49540244833,57320000083,57320244916,244833
4954,49550246083,57330000083,57330246166,246083
4955,49560246166,57340000083,57340246250,246167
4956,49570246250,57350000083,57350246333,246250
4957,49580246041,57360000083,57360246125,246042
4958,49590246416,57370000083,57370246500,246417
4959,49600244750,57380000083,57380244833,244750
4960,49610245416,57390000083,57390245500,245417
4961,49620248416,57400000083,57400248500,248417
4962,49630245583,57410000083,57410245666,245583
4963,49640242166,57420000083,57420242250,242167
4964,49650246333,57430000083,57430246416,246333
4965,49660247875,57440000083,57440247958,247875
4966,49670251458,57450000083,57450251541,251458
4967,49680248041,57460000083,57460248125,248042
4968,49690250750,57470000083,57470250833,250750
4969,49700249958,57480000083,57480250041,249958
4970,49710250625,57490000083,57490250708,250625
4971,49720249541,57500000083,57500249625,249542
4972,49730569583,57510000083,57510569666,569583
4973,49740245916,57520000083,57520246000,245917
4974,49750247166,57530000083,57530247250,247167
4975,49760246083,57540000083,57540246166,246083
4976,49770245875,57550000083,57550245958,245875
4977,49780245958,57560000083,57560246041,245958
4978,49790247208,57570000083,57570247291,247208
4979,49800245250,57580000083,57580245333,245250
4980,49810247375,57590000083,57590247458,247375
4981,49820247750,57600000083,57600247833,247750
4982,49830245500,57610000083,57610245583,245500
4983,49840242083,57620000083,57620242166,242083
4984,49850246833,57630000083,57630246916,246833
4985,49860245750,57640000083,57640245833,245750
4986,49870247291,57650000083,57650247375,247292
4987,49880243875,57660000083,57660243958,243875
4988,49890245125,57670000083,57670245208,245125
4989,49900244625,57680000083,57680244708,244625
4990,49910245875,57690000083,57690245958,245875
4991,49920247416,57700000083,57700247500,247417
4992,49930252166,57710000083,57710252250,252167
4993,49940248458,57720000083,57720248541,248458
4994,49950250583,57730000083,57730250666,250583
4995,49960249791,57740000083,57740249875,249792
4996,49970249291,57750000083,57750249375,249292
4997,49980249083,57760000083,57760249166,249083
4998,49990579333,57770000083,57770579416,579333
4999,50000245166,57780000083,57780245250,245167
5000,50010248166,57790000083,57790248250,248167
5001,50020408666,57800000083,57800408750,408667
5002,50030246291,57810000083,57810246375,246292
5003,50040240833,57820000083,57820240916,240833
5004,50050246458,57830000083,57830246541,246458
5005,50060245666,57840000083,57840245750,245667
5006,50070249250,57850000083,57850249333,249250
5007,50080246416,57860000083,57860246500,246417
5008,50090245333,57870000083,57870245416,245333
5009,50100246291,57880000083,57880246375,246292
5010,50110246083,57890000083,57890246166,246083
5011,50120245000,57900000083,57900245083,245000
5012,50130250041,57910000083,57910250125,250042
5013,50140252458,57920000083,57920252541,252458
5014,50150252250,57930000083,57930252333,252250
5015,50160251750,57940000083,57940251833,251750
5016,50170709166,57950000083,57950709250,709167
5017,50180246958,57960000083,57960247041,246958
5018,50190491166,57970000083,57970491250,491167
5019,50200248291,57980000083,57980248375,248292
5020,50210251291,57990000083,57990251375,251292
5021,50220251958,58000000083,58000252041,251958
5022,50230249125,58010000083,58010249208,249125
5023,50240249500,58020000083,58020249583,249500
5024,50250246083,58030000083,58030246166,246083
5025,50260244416,58040000083,58040244500,244417
5026,50270484250,58050000083,58050484333,484250
5027,50280244583,58060000083,58060244666,244583
5028,50290254000,58070000083,58070254083,254000
5029,50300248250,58080000083,58080248333,248250
5030,50310244250,58090000083,58090244333,244250
5031,50320244041,58100000083,58100244125,244042
5032,50330244416,58110000083,58110244500,244417
5033,50340458291,58120000083,58120458375,458292
5034,50350243416,58130000083,58130243500,243417
5035,50360244958,58140000083,58140245041,244958
5036,50370243583,58150000083,58150243666,243583
5037,50380244250,58160000083,58160244333,244250
5038,50390249583,58170000083,58170249666,249583
5039,50400248500,58180000083,58180248583,248500
5040,50410250333,58190000083,58190250416,250333
5041,50420252166,58200000083,58200252250,252167
5042,50430249333,58210000083,58210249416,249333
5043,50440288791,58220000083,58220288875,288792
5044,50450345750,58230000083,58230345833,345750
5045,50460245500,58240000083,58240245583,245500
5046,50470249375,58250000083,58250249458,249375
5047,50480247125,58260000083,58260247208,247125
5048,50490244875,58270000083,58270244958,244875
5049,50500245250,58280000083,58280245333,245250
5050,50510248833,58290000083,58290248916,248833
5051,50520246000,58300000083,58300246083,246000
5052,50530247833,58310000083,58310247916,247833
5053,50540247041,58320000083,58320247125,247042
5054,50550247125,58330000083,58330247208,247125
5055,50560245750,58340000083,58340245833,245750
5056,50570245541,58350000083,58350245625,245542
5057,50580245625,58360000083,58360245708,245625
5058,50590243083,58370000083,58370243166,243083
5059,50600247541,58380000083,58380247625,247542
5060,50610246458,58390000083,58390246541,246458
5061,50620247125,58400000083,58400247208,247125
5062,50630246333,58410000083,58410246416,246333
5063,50640257500,58420000083,58420257583,257500
5064,50650248541,58430000083,58430248625,248542
5065,50660249791,58440000083,58440249875,249792
5066,50670249875,58450000083,58450249958,249875
5067,50680250833,58460000083,58460250916,250833
5068,50690430583,58470000083,58470430666,430583
5069,50700505041,58480000083,58480505125,505042
5070,50710244666,58490000083,58490244750,244667
5071,50720247958,58500000083,58500248041,247958
5072,50730247458,58510000083,58510247541,247458
5073,50740246083,58520000083,58520246166,246083
5074,50750249083,58530000083,58530249166,249083
5075,50760246833,58540000083,58540246916,246833
5076,50770246625,58550000083,58550246708,246625
5077,50780245833,58560000083,58560245916,245833
5078,50790246500,58570000083,58570246583,246500
5079,50800245708,58580000083,58580245791,245708
5080,50810249875,58590000083,58590249958,249875
5081,50820255500,58600000083,58600255583,255500
5082,50830247125,58610000083,58610247208,247125
5083,50840246333,58620000083,58620246416,246333
5084,50850247291,58630000083,58630247375,247292
5085,50860245625,58640000083,58640245708,245625
5086,50870252416,58650000083,58650252500,252417
5087,50880248125,58660000083,58660248208,248125
5088,50890249083,58670000083,58670249166,249083
5089,50900248291,58680000083,58680248375,248292
5090,50910250125,58690000083,58690250208,250125
5091,50920253125,58700000083,58700253208,253125
5092,50930249416,58710000083,58710249500,249417
5093,50940452500,58720000083,58720452583,452500
5094,50950317541,58730000083,58730317625,317542
5095,50960245583,58740000083,58740245666,245583
5096,50970247125,58750000083,58750247208,247125
5097,50980247791,58760000083,58760247875,247792
5098,50990244958,58770000083,58770245041,244958
5099,51000246791,58780000083,58780246875,246792
5100,51010245708,58790000083,58790245791,245708
5101,51020246958,58800000083,58800247041,246958
5102,51030242666,58810000083,58810242750,242667
5103,51040247416,58820000083,58820247500,247417
5104,51050245750,58830000083,58830245833,245750
5105,51060247000,58840000083,58840247083,247000
5106,51070246208,58850000083,58850246291,246208
5107,51080245416,58860000083,58860245500,245417
5108,51090246375,58870000083,58870246458,246375
5109,51100246166,58880000083,58880246250,246167
5110,51110245083,58890000083,58890245166,245083
5111,51120246041,58900000083,58900246125,246042
5112,51130247875,58910000083,58910247958,247875
5113,51140249416,58920000083,58920249500,249417
5114,51150249208,58930000083,58930249291,249208
5115,51160486125,58940000083,58940486208,486125
5116,51170291375,58950000083,58950291458,291375
5117,51180247125,58960000083,58960247208,247125
5118,51190246333,58970000083,58970246416,246333
5119,51200245250,58980000083,58980245333,245250
5120,51210247666,58990000083,58990247750,247667
5121,51220245125,59000000083,59000245208,245125
5122,51230256000,59010000083,59010256083,256000
5123,51240247333,59020000083,59020247416,247333
5124,51250246250,59030000083,59030246333,246250
5125,51260246333,59040000083,59040246416,246333
5126,51270243500,59050000083,59050243583,243500
5127,51280247666,59060000083,59060247750,247667
5128,51290246000,59070000083,59070246083,246000
5129,51300247250,59080000083,59080247333,247250
5130,51310248791,59090000083,59090248875,248792
5131,51320249166,59100000083,59100249250,249167
5132,51330248666,59110000083,59110248750,248667
5133,51340250791,59120000083,59120250875,250792
5134,51350250291,59130000083,59130250375,250292
5135,51360248625,59140000083,59140248708,248625
5136,51370250750,59150000083,59150250833,250750
5137,51380558250,59160000083,59160558333,558250
5138,51390244500,59170000083,59170244583,244500
5139,51400246041,59180000083,59180246125,246042
5140,51410245250,59190000083,59190245333,245250
5141,51420246208,59200000083,59200246291,246208
5142,51430243083,59210000083,59210243166,243083
5143,51440248416,59220000083,59220248500,248417
5144,51450246458,59230000083,59230246541,246458
5145,51460245666,59240000083,59240245750,245667
5146,51470248375,59250000083,59250248458,248375
5147,51480246125,59260000083,59260246208,246125
5148,51490245916,59270000083,59270246000,245917
5149,51500246875,59280000083,59280246958,246875
5150,51510245791,59290000083,59290245875,245792
5151,51520246166,59300000083,59300246250,246167
5152,51530245958,59310000083,59310246041,245958
5153,51540246041,59320000083,59320246125,246042
5154,51550246125,59330000083,59330246208,246125
5155,51560246500,59340000083,59340246583,246500
5156,51570246000,59350000083,59350246083,246000
5157,51580247541,59360000083,59360247625,247542
5158,51590245583,59370000083,59370245666,245583
5159,51600248000,59380000083,59380248083,248000
5160,51610249833,59390000083,59390249916,249833
5161,51620250791,59400000083,59400250875,250792
5162,51630250583,59410000083,59410250666,250583
5163,51640250958,59420000083,59420251041,250958
5164,51650545333,59430000083,59430545416,545333
5165,51660243833,59440000083,59440243916,243833
5166,51670250333,59450000083,59450250416,250333
5167,51680247208,59460000083,59460247291,247208
5168,51690244958,59470000083,59470245041,244958
5169,51700246208,59480000083,59480246291,246208
5170,51710247458,59490000083,59490247541,247458
5171,51720245500,59500000083,59500245583,245500
5172,51730247041,59510000083,59510247125,247042
5173,51740245083,59520000083,59520245166,245083
5174,51750245166,59530000083,59530245250,245167
5175,51760246125,59540000083,59540246208,246125
5176,51770245625,59550000083,59550245708,245625
5177,51780245125,59560000083,59560245208,245125
5178,51790246958,59570000083,59570247041,246958
5179,51800246166,59580000083,59580246250,246167
5180,51810245958,59590000083,59590246041,245958
5181,51820246333,59600000083,59600246416,246333
5182,51830255166,59610000083,59610255250,255167
5183,51840247666,59620000083,59620247750,247667
5184,51850250083,59630000083,59630250166,250083
5185,51860247833,59640000083,59640247916,247833
5186,51870251416,59650000083,59650251500,251417
5187,51880251791,59660000083,59660251875,251792
5188,51890249541,59670000083,59670249625,249542
5189,51900251083,59680000083,59680251166,251083
5190,51910445416,59690000083,59690445500,445417
5191,51920318041,59700000083,59700318125,318042
5192,51930246666,59710000083,59710246750,246667
5193,51940247333,59720000083,59720247416,247333
5194,51950245958,59730000083,59730246041,245958
5195,51960245458,59740000083,59740245541,245458
5196,51970248458,59750000083,59750248541,248458
5197,51980246791,59760000083,59760246875,246792
5198,51990246583,59770000083,59770246666,246583
5199,52000246375,59780000083,59780246458,246375
5200,52010245000,59790000083,59790245083,245000
5201,52020247125,59800000083,59800247208,247125
5202,52030242541,59810000083,59810242625,242542
5203,52040245541,59820000083,59820245625,245542
5204,52050249416,59830000083,59830249500,249417
5205,52060246291,59840000083,59840246375,246292
5206,52070245500,59850000083,59850245583,245500
5207,52080246166,59860000083,59860246250,246167
5208,52090245666,59870000083,59870245750,245667
5209,52100245458,59880000083,59880245541,245458
5210,52110249041,59890000083,59890249125,249042
5211,52120251166,59900000083,59900251250,251167
5212,52130249208,59910000083,59910249291,249208
5213,52140250458,59920000083,59920250541,250458
5214,52150249666,59930000083,59930249750,249667
5215,52160249458,59940000083,59940249541,249458
5216,52170433583,59950000083,59950433666,433583
5217,52180475666,59960000083,59960475750,475667
5218,52190247375,59970000083,59970247458,247375
5219,52200256208,59980000083,59980256291,256208
5220,52210245791,59990000083,59990245875,245792
5221,52220247916,60000000083,60000248000,247917
5222,52230247125,60010000083,60010247208,247125
5223,52240244875,60020000083,60020244958,244875
5224,52250247583,60030000083,60030247666,247583
5225,52260246208,60040000083,60040246291,246208
5226,52270247166,60050000083,60050247250,247167
5227,52280245791,60060000083,60060245875,245792
5228,52290246750,60070000083,60070246833,246750
5229,52300245083,60080000083,60080245166,245083
5230,52310246041,60090000083,60090246125,246042
5231,52320245833,60100000083,60100245916,245833
5232,52330246208,60110000083,60110246291,246208
5233,52340246000,60120000083,60120246083,246000
5234,52350246083,60130000083,60130246166,246083
5235,52360245875,60140000083,60140245958,245875
5236,52370249458,60150000083,60150249541,249458
5237,52380248375,60160000083,60160248458,248375
5238,52390250208,60170000083,60170250291,250208
5239,52400252041,60180000083,60180252125,252042
5240,52410250083,60190000083,60190250166,250083
5241,52420250166,60200000083,60200250250,250167
5242,52430652750,60210000083,60210652833,652750
5243,52440245083,60220000083,60220245166,245083
5244,52450246916,60230000083,60230247000,246917
5245,52460246708,60240000083,60240246791,246708
5246,52470245041,60250000083,60250245125,245042
5247,52480249500,60260000083,60260249583,249500
5248,52490246375,60270000083,60270246458,246375
5249,52500245291,60280000083,60280245375,245292
5250,52510246250,60290000083,60290246333,246250
5251,52520247208,60300000083,60300247291,247208
5252,52530246416,60310000083,60310246500,246417
5253,52540247958,60320000083,60320248041,247958
5254,52550246291,60330000083,60330246375,246292
5255,52560244916,60340000083,60340245000,244917
5256,52570246458,60350000083,60350246541,246458
5257,52580247125,60360000083,60360247208,247125
5258,52590245458,60370000083,60370245541,245458
5259,52600247000,60380000083,60380247083,247000
5260,52610245041,60390000083,60390245125,245042
5261,52620241625,60400000083,60400241708,241625
5262,52630249000,60410000083,60410249083,249000
5263,52640249958,60420000083,60420250041,249958
5264,52650250916,60430000083,60430251000,250917
5265,52660251000,60440000083,60440251083,251000
5266,52670249333,60450000083,60450249416,249333
5267,52680565583,60460000083,60460565666,565583
5268,52690244250,60470000083,60470244333,244250
5269,52700246083,60480000083,60480246166,246083
5270,52710247041,60490000083,60490247125,247042
5271,52720245666,60500000083,60500245750,245667
5272,52730247208,60510000083,60510247291,247208
5273,52740247583,60520000083,60520247666,247583
5274,52750245916,60530000083,60530246000,245917
5275,52760245708,60540000083,60540245791,245708
5276,52770246375,60550000083,60550246458,246375
5277,52780246458,60560000083,60560246541,246458
5278,52790244791,60570000083,60570244875,244792
5279,52800249250,60580000083,60580249333,249250
5280,52810246125,60590000083,60590246208,246125
5281,52820244166,60600000083,60600244250,244167
5282,52830249208,60610000083,60610249291,249208
5283,52840246083,60620000083,60620246166,246083
5284,52850245875,60630000083,60630245958,245875
5285,52860247708,60640000083,60640247791,247708
5286,52870248375,60650000083,60650248458,248375
5287,52880248166,60660000083,60660248250,248167
5288,52890247958,60670000083,60670248041,247958
5289,52900250666,60680000083,60680250750,250667
5290,52910252208,60690000083,60690252291,252208
5291,52920251416,60700000083,60700251500,251417
5292,52930249750,60710000083,60710249833,249750
5293,52940542375,60720000083,60720542458,542375
5294,52950243791,60730000083,60730243875,243792
5295,52960248250,60740000083,60740248333,248250
5296,52970247166,60750000083,60750247250,247167
5297,52980249875,60760000083,60760249958,249875
5298,52990245875,60770000083,60770245958,245875
5299,53000246541,60780000083,60780246625,246542
5300,53010247208,60790000083,60790247291,247208
5301,53020242625,60800000083,60800242708,242625
5302,53030247958,60810000083,60810248041,247958
5303,53040246583,60820000083,60820246666,246583
5304,53050245791,60830000083,60830245875,245792
5305,53060245875,60840000083,60840245958,245875
5306,53070247416,60850000083,60850247500,247417
5307,53080244875,60860000083,60860244958,244875
5308,53090248750,60870000083,60870248833,248750
5309,53100246208,60880000083,60880246291,246208
5310,53110245708,60890000083,60890245791,245708
5311,53120248708,60900000083,60900248791,248708
5312,53130247916,60910000083,60910248000,247917
5313,53140250333,60920000083,60920250416,250333
5314,53150251291,60930000083,60930251375,251292
5315,53160250500,60940000083,60940250583,250500
5316,53170248833,60950000083,60950248916,248833
5317,53180486916,60960000083,60960487000,486917
5318,53190292750,60970000083,60970292833,292750
5319,53200245875,60980000083,60980245958,245875
5320,53210247708,60990000083,60990247791,247708
5321,53220241666,61000000083,61000241750,241667
5322,53230387000,61010000083,61010387083,387000
5323,53240246500,61020000083,61020246583,246500
5324,53250245416,61030000083,61030245500,245417
5325,53260249000,61040000083,61040249083,249000
5326,53270245583,61050000083,61050245666,245583
5327,53280245375,61060000083,61060245458,245375
5328,53290245750,61070000083,61070245833,245750
5329,53300245541,61080000083,61080245625,245542
5330,53310246208,61090000083,61090246291,246208
5331,53320246583,61100000083,61100246666,246583
5332,53330401541,61110000083,61110401625,401542
5333,53340248500,61120000083,61120248583,248500
5334,53350246541,61130000083,61130246625,246542
5335,53360245458,61140000083,61140245541,245458
5336,53370251666,61150000083,61150251750,251667
5337,53380247958,61160000083,61160248041,247958
5338,53390248333,61170000083,61170248416,248333
5339,53400247833,61180000083,61180247916,247833
5340,53410252583,61190000083,61190252666,252583
5341,53420260833,61200000083,61200260916,260833
5342,53430258875,61210000083,61210258958,258875
5343,53440586208,61220000083,61220586291,586208
5344,53450318250,61230000083,61230318333,318250
5345,53460246875,61240000083,61240246958,246875
5346,53470246375,61250000083,61250246458,246375
5347,53480250541,61260000083,61260250625,250542
5348,53490245958,61270000083,61270246041,245958
5349,53500245750,61280000083,61280245833,245750
5350,53510246125,61290000083,61290246208,246125
5351,53520247375,61300000083,61300247458,247375
5352,53530246000,61310000083,61310246083,246000
5353,53540252500,61320000083,61320252583,252500
5354,53550250541,61330000083,61330250625,250542
5355,53560246250,61340000083,61340246333,246250
5356,53570246333,61350000083,61350246416,246333
5357,53580246708,61360000083,61360246791,246708
5358,53590245333,61370000083,61370245416,245333
5359,53600252708,61380000083,61380252791,252708
5360,53610245791,61390000083,61390245875,245792
5361,53620247041,61400000083,61400247125,247042
5362,53630246250,61410000083,61410246333,246250
5363,53640248958,61420000083,61420249041,248958
5364,53650248458,61430000083,61430248541,248458
5365,53660252333,61440000083,61440252416,252333
5366,53670251833,61450000083,61450251916,251833
5367,53680248708,61460000083,61460248791,248708
5368,53690300416,61470000083,61470300500,300417
5369,53700357083,61480000083,61480357166,357083
5370,53710247208,61490000083,61490247291,247208
5371,53720245541,61500000083,61500245625,245542
5372,53730246208,61510000083,61510246291,246208
5373,53740245708,61520000083,61520245791,245708
5374,53750243750,61530000083,61530243833,243750
5375,53760244708,61540000083,61540244791,244708
5376,53770246541,61550000083,61550246625,246542
5377,53780246041,61560000083,61560246125,246042
5378,53790249333,61570000083,61570249416,249333
5379,53800245916,61580000083,61580246000,245917
5380,53810246583,61590000083,61590246666,246583
5381,53820246375,61600000083,61600246458,246375
5382,53830246458,61610000083,61610246541,246458
5383,53840245666,61620000083,61620245750,245667
5384,53850246041,61630000083,61630246125,246042
5385,53860241166,61640000083,61640241250,241167
5386,53870245625,61650000083,61650245708,245625
5387,53880244541,61660000083,61660244625,244542
5388,53890243458,61670000083,61670243541,243458
5389,53900245291,61680000083,61680245375,245292
5390,53910245666,61690000083,61690245750,245667
5391,53920245458,61700000083,61700245541,245458
5392,53930245833,61710000083,61710245916,245833
5393,53940246208,61720000083,61720246291,246208
5394,53950248041,61730000083,61730248125,248042
5395,53960247250,61740000083,61740247333,247250
5396,53970250250,61750000083,61750250333,250250
5397,53980250041,61760000083,61760250125,250042
5398,53990249541,61770000083,61770249625,249542
5399,54000249041,61780000083,61780249125,249042
5400,54010668250,61790000083,61790668333,668250
5401,54020245125,61800000083,61800245208,245125
5402,54030247833,61810000083,61810247916,247833
5403,54040247041,61820000083,61820247125,247042
5404,54050245958,61830000083,61830246041,245958
5405,54060243125,61840000083,61840243208,243125
5406,54070245541,61850000083,61850245625,245542
5407,54080247083,61860000083,61860247166,247083
5408,54090245416,61870000083,61870245500,245417
5409,54100244916,61880000083,61880245000,244917
5410,54110243250,61890000083,61890243333,243250
5411,54120243041,61900000083,61900243125,243042
5412,54130244291,61910000083,61910244375,244292
5413,54140243791,61920000083,61920243875,243792
5414,54150243875,61930000083,61930243958,243875
5415,54160247166,61940000083,61940247250,247167
5416,54170251625,61950000083,61950251708,251625
5417,54180249958,61960000083,61960250041,249958
5418,54190490958,61970000083,61970491041,490958
5419,54200290666,61980000083,61980290750,290667
5420,54210245541,61990000083,61990245625,245542
5421,54220245916,62000000083,62000246000,245917
5422,54230248916,62010000083,62010249000,248917
5423,54240246375,62020000083,62020246458,246375
5424,54250246166,62030000083,62030246250,246167
5425,54260257916,62040000083,62040258000,257917
5426,54270246041,62050000083,62050246125,246042
5427,54280245833,62060000083,62060245916,245833
5428,54290247083,62070000083,62070247166,247083
5429,54300243958,62080000083,62080244041,243958
5430,54310243750,62090000083,62090243833,243750
5431,54320244125,62100000083,62100244208,244125
5432,54330242458,62110000083,62110242541,242458
5433,54340245750,62120000083,62120245833,245750
5434,54350243791,62130000083,62130243875,243792
5435,54360244750,62140000083,62140244833,244750
5436,54370246000,62150000083,62150246083,246000
5437,54380245500,62160000083,62160245583,245500
5438,54390248500,62170000083,62170248583,248500
5439,54400250041,62180000083,62180250125,250042
5440,54410248666,62190000083,62190248750,248667
5441,54420250500,62200000083,62200250583,250500
5442,54430250875,62210000083,62210250958,250875
5443,54440249500,62220000083,62220249583,249500
5444,54450283416,62230000083,62230283500,283417
5445,54460348250,62240000083,62240348333,348250
5446,54470246250,62250000083,62250246333,246250
5447,54480246333,62260000083,62260246416,246333
5448,54490247291,62270000083,62270247375,247292
5449,54500245333,62280000083,62280245416,245333
5450,54510245125,62290000083,62290245208,245125
5451,54520248708,62300000083,62300248791,248708
5452,54530245583,62310000083,62310245666,245583
5453,54540245958,62320000083,62320246041,245958
5454,54550246041,62330000083,62330246125,246042
5455,54560245833,62340000083,62340245916,245833
5456,54570246791,62350000083,62350246875,246792
5457,54580246000,62360000083,62360246083,246000
5458,54590245208,62370000083,62370245291,245208
5459,54600246166,62380000083,62380246250,246167
5460,54610249166,62390000083,62390249250,249167
5461,54620249833,62400000083,62400249916,249833
5462,54630405375,62410000083,62410405458,405375
5463,54640250583,62420000083,62420250666,250583
5464,54650248625,62430000083,62430248708,248625
5465,54660693791,62440000083,62440693875,693792
5466,54670244416,62450000083,62450244500,244417
5467,54680245083,62460000083,62460245166,245083
5468,54690243416,62470000083,62470243500,243417
5469,54700243791,62480000083,62480243875,243792
5470,54710245333,62490000083,62490245416,245333
5471,54720247166,62500000083,62500247250,247167
5472,54730247833,62510000083,62510247916,247833
5473,54740245291,62520000083,62520245375,245292
5474,54750244500,62530000083,62530244583,244500
5475,54760244000,62540000083,62540244083,244000
5476,54770244083,62550000083,62550244166,244083
5477,54780245625,62560000083,62560245708,245625
5478,54790245416,62570000083,62570245500,245417
5479,54800243458,62580000083,62580243541,243458
5480,54810243250,62590000083,62590243333,243250
5481,54820244500,62600000083,62600244583,244500
5482,54830247500,62610000083,62610247583,247500
5483,54840259833,62620000083,62620259916,259833
5484,54850252916,62630000083,62630253000,252917
5485,54860244250,62640000083,62640244333,244250
5486,54870244041,62650000083,62650244125,244042
5487,54880248500,62660000083,62660248583,248500
5488,54890245083,62670000083,62670245166,245083
5489,54900243416,62680000083,62680243500,243417
5490,54910243791,62690000083,62690243875,243792
5491,54920243875,62700000083,62700243958,243875
5492,54930250375,62710000083,62710250458,250375
5493,54940248416,62720000083,62720248500,248417
5494,54950250833,62730000083,62730250916,250833
5495,54960250333,62740000083,62740250416,250333
5496,54970251000,62750000083,62750251083,251000
5497,54980250208,62760000083,62760250291,250208
5498,54990473416,62770000083,62770473500,473417
5499,55000317458,62780000083,62780317541,317458
5500,55010246083,62790000083,62790246166,246083
5501,55020247625,62800000083,62800247708,247625
5502,55030245958,62810000083,62810246041,245958
5503,55040246625,62820000083,62820246708,246625
5504,55050245833,62830000083,62830245916,245833
5505,55060246791,62840000083,62840246875,246792
5506,55070246000,62850000083,62850246083,246000
5507,55080249000,62860000083,62860249083,249000
5508,55090249375,62870000083,62870249458,249375
5509,55100245958,62880000083,62880246041,245958
5510,55110244875,62890000083,62890244958,244875
5511,55120244958,62900000083,62900245041,244958
5512,55130243291,62910000083,62910243375,243292
5513,55140252125,62920000083,62920252208,252125
5514,55150248708,62930000083,62930248791,248708
5515,55160249375,62940000083,62940249458,249375
5516,55170250916,62950000083,62950251000,250917
5517,55180251000,62960000083,62960251083,251000
5518,55190250208,62970000083,62970250291,250208
5519,55200249125,62980000083,62980249208,249125
5520,55210478458,62990000083,62990478541,478458
5521,55220317541,63000000083,63000317625,317542
5522,55230246750,63010000083,63010246833,246750
5523,55240246541,63020000083,63020246625,246542
5524,55250249250,63030000083,63030249333,249250
5525,55260245250,63040000083,63040245333,245250
5526,55270247666,63050000083,63050247750,247667
5527,55280246000,63060000083,63060246083,246000
5528,55290246083,63070000083,63070246166,246083
5529,55300243250,63080000083,63080243333,243250
5530,55310247708,63090000083,63090247791,247708
5531,55320245750,63100000083,63100245833,245750
5532,55330248750,63110000083,63110248833,248750
5533,55340244166,63120000083,63120244250,244167
5534,55350245416,63130000083,63130245500,245417
5535,55360243458,63140000083,63140243541,243458
5536,55370243541,63150000083,63150243625,243542
5537,55380244208,63160000083,63160244291,244208
5538,55390245458,63170000083,63170245541,245458
5539,55400245541,63180000083,63180245625,245542
5540,55410246791,63190000083,63190246875,246792
5541,55420246583,63200000083,63200246666,246583
5542,55430251041,63210000083,63210251125,251042
5543,55440248500,63220000083,63220248583,248500
5544,55450248000,63230000083,63230248083,248000
5545,55460250125,63240000083,63240250208,250125
5546,55470249916,63250000083,63250250000,249917
5547,55480249416,63260000083,63260249500,249417
5548,55490249500,63270000083,63270249583,249500
5549,55500697000,63280000083,63280697083,697000
5550,55510245875,63290000083,63290245958,245875
5551,55520245958,63300000083,63300246041,245958
5552,55530251583,63310000083,63310251666,251583
5553,55540246708,63320000083,63320246791,246708
5554,55550240958,63330000083,63330241041,240958
5555,55560245708,63340000083,63340245791,245708
5556,55570248125,63350000083,63350248208,248125
5557,55580243541,63360000083,63360243625,243542
5558,55590244208,63370000083,63370244291,244208
5559,55600245750,63380000083,63380245833,245750
5560,55610247000,63390000083,63390247083,247000
5561,55620246791,63400000083,63400246875,246792
5562,55630250958,63410000083,63410251041,250958
5563,55640249875,63420000083,63420249958,249875
5564,55650251125,63430000083,63430251208,251125
5565,55660250041,63440000083,63440250125,250042
5566,55670249250,63450000083,63450249333,249250
5567,55680249333,63460000083,63460249416,249333
5568,55690438416,63470000083,63470438500,438417
5569,55700476708,63480000083,63480476791,476708
5570,55710250166,63490000083,63490250250,250167
5571,55720245583,63500000083,63500245666,245583
5572,55730245958,63510000083,63510246041,245958
5573,55740246333,63520000083,63520246416,246333
5574,55750241750,63530000083,63530241833,241750
5575,55760247375,63540000083,63540247458,247375
5576,55770246583,63550000083,63550246666,246583
5577,55780246083,63560000083,63560246166,246083
5578,55790243833,63570000083,63570243916,243833
5579,55800244208,63580000083,63580244291,244208
5580,55810243708,63590000083,63590243791,243708
5581,55820244375,63600000083,63600244458,244375
5582,55830243291,63610000083,63610243375,243292
5583,55840243666,63620000083,63620243750,243667
5584,55850246375,63630000083,63630246458,246375
5585,55860245875,63640000083,63640245958,245875
5586,55870245666,63650000083,63650245750,245667
5587,55880250125,63660000083,63660250208,250125
5588,55890248458,63670000083,63670248541,248458
5589,55900248833,63680000083,63680248916,248833
5590,55910251833,63690000083,63690251916,251833
5591,55920250750,63700000083,63700250833,250750
5592,55930249666,63710000083,63710249750,249667
5593,55940249458,63720000083,63720249541,249458
5594,55950400333,63730000083,63730400416,400333
5595,55960246125,63740000083,63740246208,246125
5596,55970247958,63750000083,63750248041,247958
5597,55980245416,63760000083,63760245500,245417
5598,55990244916,63770000083,63770245000,244917
5599,56000244125,63780000083,63780244208,244125
5600,56010244208,63790000083,63790244291,244208
5601,56020244000,63800000083,63800244083,244000
5602,56030243791,63810000083,63810243875,243792
5603,56040245625,63820000083,63820245708,245625
5604,56050245125,63830000083,63830245208,245125
5605,56060249583,63840000083,63840249666,249583
5606,56070245875,63850000083,63850245958,245875
5607,56080248875,63860000083,63860248958,248875
5608,56090248083,63870000083,63870248166,248083
5609,56100249041,63880000083,63880249125,249042
5610,56110252041,63890000083,63890252125,252042
5611,56120251250,63900000083,63900251333,251250
5612,56130249875,63910000083,63910249958,249875
5613,56140248791,63920000083,63920248875,248792
5614,56150404041,63930000083,63930404125,404042
5615,56160246333,63940000083,63940246416,246333
5616,56170246416,63950000083,63950246500,246417
5617,56180246791,63960000083,63960246875,246792
5618,56190243958,63970000083,63970244041,243958
5619,56200250750,63980000083,63980250833,250750
5620,56210244416,63990000083,63990244500,244417
5621,56220243916,64000000083,64000244000,243917
5622,56230243416,64010000083,64010243500,243417
5623,56240245833,64020000083,64020245916,245833
5624,56250245625,64030000083,64030245708,245625
5625,56260246291,64040000083,64040246375,246292
5626,56270248416,64050000083,64050248500,248417
5627,56280245583,64060000083,64060245666,245583
5628,56290248291,64070000083,64070248375,248292
5629,56300248666,64080000083,64080248750,248667
5630,56310248458,64090000083,64090248541,248458
5631,56320250875,64100000083,64100250958,250875
5632,56330246000,64110000083,64110246083,246000
5633,56340246083,64120000083,64120246166,246083
5634,56350241500,64130000083,64130241583,241500
5635,56360243916,64140000083,64140244000,243917
5636,56370248083,64150000083,64150248166,248083
5637,56380249041,64160000083,64160249125,249042
5638,56390253208,64170000083,64170253291,253208
5639,56400244250,64180000083,64180244333,244250
5640,56410244916,64190000083,64190245000,244917
5641,56420249375,64200000083,64200249458,249375
5642,56430243916,64210000083,64210244000,243917
5643,56440246625,64220000083,64220246708,246625
5644,56450621791,64230000083,64230621875,621792
5645,56460243583,64240000083,64240243666,243583
5646,56470248916,64250000083,64250249000,248917
5647,56480248416,64260000083,64260248500,248417
5648,56490249958,64270000083,64270250041,249958
5649,56500252083,64280000083,64280252166,252083
5650,56510251583,64290000083,64290251666,251583
5651,56520250208,64300000083,64300250291,250208
5652,56530244166,64310000083,64310244250,244167
5653,56540246000,64320000083,64320246083,246000
5654,56550243458,64330000083,64330243541,243458
5655,56560244416,64340000083,64340244500,244417
5656,56570243916,64350000083,64350244000,243917
5657,56580243125,64360000083,64360243208,243125
5658,56590243791,64370000083,64370243875,243792
5659,56600245625,64380000083,64380245708,245625
5660,56610243666,64390000083,64390243750,243667
5661,56620249000,64400000083,64400249083,249000
5662,56630250541,64410000083,64410250625,250542
5663,56640246541,64420000083,64420246625,246542
5664,56650244583,64430000083,64430244666,244583
5665,56660243791,64440000083,64440243875,243792
5666,56670243583,64450000083,64450243666,243583
5667,56680251250,64460000083,64460251333,251250
5668,56690253375,64470000083,64470253458,253375
5669,56700243250,64480000083,64480243333,243250
5670,56710244500,64490000083,64490244583,244500
5671,56720244291,64500000083,64500244375,244292
5672,56730244375,64510000083,64510244458,244375
5673,56740245333,64520000083,64520245416,245333
5674,56750244250,64530000083,64530244333,244250
5675,56760244333,64540000083,64540244416,244333
5676,56770242958,64550000083,64550243041,242958
5677,56780243916,64560000083,64560244000,243917
5678,56790245458,64570000083,64570245541,245458
5679,56800248458,64580000083,64580248541,248458
5680,56810244166,64590000083,64590244250,244167
5681,56820243375,64600000083,64600243458,243375
5682,56830242875,64610000083,64610242958,242875
5683,56840259291,64620000083,64620259375,259292
5684,56850246250,64630000083,64630246333,246250
5685,56860248375,64640000083,64640248458,248375
5686,56870250500,64650000083,64650250583,250500
5687,56880247375,64660000083,64660247458,247375
5688,56890251541,64670000083,64670251625,251542
5689,56900252500,64680000083,64680252583,252500
5690,56910245000,64690000083,64690245083,245000
5691,56920242750,64700000083,64700242833,242750
5692,56930244000,64710000083,64710244083,244000
5693,56940585333,64720000083,64720585416,585333
5694,56950246500,64730000083,64730246583,246500
5695,56960244833,64740000083,64740244916,244833
5696,56970243458,64750000083,64750243541,243458
5697,56980242666,64760000083,64760242750,242667
5698,56990247708,64770000083,64770247791,247708
5699,57000245458,64780000083,64780245541,245458
5700,57010247875,64790000083,64790247958,247875
5701,57020247666,64800000083,64800247750,247667
5702,57030247166,64810000083,64810247250,247167
5703,57040248125,64820000083,64820248208,248125
5704,57050250541,64830000083,64830250625,250542
5705,57060249750,64840000083,64840249833,249750
5706,57070251291,64850000083,64850251375,251292
5707,57080264500,64860000083,64860264583,264500
5708,57090347125,64870000083,64870347208,347125
5709,57100245708,64880000083,64880245791,245708
5710,57110248708,64890000083,64890248791,248708
5711,57120247916,64900000083,64900248000,247917
5712,57130243916,64910000083,64910244000,243917
5713,57140243416,64920000083,64920243500,243417
5714,57150244958,64930000083,64930245041,244958
5715,57160244458,64940000083,64940244541,244458
5716,57170243083,64950000083,64950243166,243083
5717,57180245208,64960000083,64960245291,245208
5718,57190245583,64970000083,64970245666,245583
5719,57200246250,64980000083,64980246333,246250
5720,57210247208,64990000083,64990247291,247208
5721,57220247583,65000000083,65000247666,247583
5722,57230248541,65010000083,65010248625,248542
5723,57240249500,65020000083,65020249583,249500
5724,57250252500,65030000083,65030252583,252500
5725,57260250250,65040000083,65040250333,250250
5726,57270250333,65050000083,65050250416,250333
5727,57280247791,65060000083,65060247875,247792
5728,57290406541,65070000083,65070406625,406542
5729,57300249708,65080000083,65080249791,249708
5730,57310247458,65090000083,65090247541,247458
5731,57320246083,65100000083,65100246166,246083
5732,57330244708,65110000083,65110244791,244708
5733,57340245375,65120000083,65120245458,245375
5734,57350245458,65130000083,65130245541,245458
5735,57360244958,65140000083,65140245041,244958
5736,57370243875,65150000083,65150243958,243875
5737,57380243666,65160000083,65160243750,243667
5738,57390245208,65170000083,65170245291,245208
5739,57400246750,65180000083,65180246833,246750
5740,57410248583,65190000083,65190248666,248583
5741,57420250416,65200000083,65200250500,250417
5742,57430250208,65210000083,65210250291,250208
5743,57440250583,65220000083,65220250666,250583
5744,57450250958,65230000083,65230251041,250958
5745,57460248708,65240000083,65240248791,248708
5746,57470478333,65250000083,65250478416,478333
5747,57480318000,65260000083,65260318083,318000
5748,57490242250,65270000083,65270242333,242250
5749,57500246416,65280000083,65280246500,246417
5750,57510248541,65290000083,65290248625,248542
5751,57520245125,65300000083,65300245208,245125
5752,57530243166,65310000083,65310243250,243167
5753,57540246166,65320000083,65320246250,246167
5754,57550245958,65330000083,65330246041,245958
5755,57560246916,65340000083,65340247000,246917
5756,57570246125,65350000083,65350246208,246125
5757,57580248250,65360000083,65360248333,248250
5758,57590643250,65370000083,65370643333,643250
5759,57600249291,65380000083,65380249375,249292
5760,57610252000,65390000083,65390252083,252000
5761,57620252666,65400000083,65400252750,252667
5762,57630249250,65410000083,65410249333,249250
5763,57640436583,65420000083,65420436666,436583
5764,57650477208,65430000083,65430477291,477208
5765,57660245708,65440000083,65440245791,245708
5766,57670248416,65450000083,65450248500,248417
5767,57680246750,65460000083,65460246833,246750
5768,57690245958,65470000083,65470246041,245958
5769,57700244291,65480000083,65480244375,244292
5770,57710248750,65490000083,65490248833,248750
5771,57720245333,65500000083,65500245416,245333
5772,57730248333,65510000083,65510248416,248333
5773,57740245500,65520000083,65520245583,245500
5774,57750246458,65530000083,65530246541,246458
5775,57760245958,65540000083,65540246041,245958
5776,57770246333,65550000083,65550246416,246333
5777,57780246125,65560000083,65560246208,246125
5778,57790246500,65570000083,65570246583,246500
5779,57800249791,65580000083,65580249875,249792
5780,57810245208,65590000083,65590245291,245208
5781,57820246166,65600000083,65600246250,246167
5782,57830250041,65610000083,65610250125,250042
5783,57840247791,65620000083,65620247875,247792
5784,57850248458,65630000083,65630248541,248458
5785,57860255250,65640000083,65640255333,255250
5786,57870252125,65650000083,65650252208,252125
5787,57880243750,65660000083,65660243833,243750
5788,57890242083,65670000083,65670242166,242083
5789,57900243625,65680000083,65680243708,243625
5790,57910248375,65690000083,65690248458,248375
5791,57920251666,65700000083,65700251750,251667
5792,57930250291,65710000083,65710250375,250292
5793,57940249791,65720000083,65720249875,249792
5794,57950249583,65730000083,65730249666,249583
5795,57960249958,65740000083,65740250041,249958
5796,57970604708,65750000083,65750604791,604708
5797,57980318666,65760000083,65760318750,318667
5798,57990247583,65770000083,65770247666,247583
5799,58000245041,65780000083,65780245125,245042
5800,58010246291,65790000083,65790246375,246292
5801,58020246666,65800000083,65800246750,246667
5802,58030248208,65810000083,65810248291,248208
5803,58040245666,65820000083,65820245750,245667
5804,58050248083,65830000083,65830248166,248083
5805,58060245541,65840000083,65840245625,245542
5806,58070245041,65850000083,65850245125,245042
5807,58080246875,65860000083,65860246958,246875
5808,58090246083,65870000083,65870246166,246083
5809,58100246166,65880000083,65880246250,246167
5810,58110244500,65890000083,65890244583,244500
5811,58120245750,65900000083,65900245833,245750
5812,58130248750,65910000083,65910248833,248750
5813,58140248250,65920000083,65920248333,248250
5814,58150250083,65930000083,65930250166,250083
5815,58160249875,65940000083,65940249958,249875
5816,58170250250,65950000083,65950250333,250250
5817,58180249750,65960000083,65960249833,249750
5818,58190454583,65970000083,65970454666,454583
5819,58200316125,65980000083,65980316208,316125
5820,58210246500,65990000083,65990246583,246500
5821,58220246583,66000000083,66000246666,246583
5822,58230246375,66010000083,66010246458,246375
5823,58240246750,66020000083,66020246833,246750
5824,58250245666,66030000083,66030245750,245667
5825,58260247208,66040000083,66040247291,247208
5826,58270245541,66050000083,66050245625,245542
5827,58280242125,66060000083,66060242208,242125
5828,58290248625,66070000083,66070248708,248625
5829,58300245208,66080000083,66080245291,245208
5830,58310251125,66090000083,66090251208,251125
5831,58320244791,66100000083,66100244875,244792
5832,58330246333,66110000083,66110246416,246333
5833,58340245250,66120000083,66120245333,245250
5834,58350247083,66130000083,66130247166,247083
5835,58360245416,66140000083,66140245500,245417
5836,58370249291,66150000083,66150249375,249292
5837,58380248500,66160000083,66160248583,248500
5838,58390250625,66170000083,66170250708,250625
5839,58400249833,66180000083,66180249916,249833
5840,58410249041,66190000083,66190249125,249042
5841,58420250291,66200000083,66200250375,250292
5842,58430736000,66210000083,66210736083,736000
5843,58440244916,66220000083,66220245000,244917
5844,58450246458,66230000083,66230246541,246458
5845,58460246250,66240000083,66240246333,246250
5846,58470246333,66250000083,66250246416,246333
5847,58480242041,66260000083,66260242125,242042
5848,58490247375,66270000083,66270247458,247375
5849,58500246291,66280000083,66280246375,246292
5850,58510244625,66290000083,66290244708,244625
5851,58520245000,66300000083,66300245083,245000
5852,58530245666,66310000083,66310245750,245667
5853,58540246916,66320000083,66320247000,246917
5854,58550249041,66330000083,66330249125,249042
5855,58560248541,66340000083,66340248625,248542
5856,58570249500,66350000083,66350249583,249500
5857,58580252208,66360000083,66360252291,252208
5858,58590249083,66370000083,66370249166,249083
5859,58600251791,66380000083,66380251875,251792
5860,58610249541,66390000083,66390249625,249542
5861,58620399250,66400000083,66400399333,399250
5862,58630246208,66410000083,66410246291,246208
5863,58640247458,66420000083,66420247541,247458
5864,58650245791,66430000083,66430245875,245792
5865,58660248791,66440000083,66440248875,248792
5866,58670245666,66450000083,66450245750,245667
5867,58680242250,66460000083,66460242333,242250
5868,58690244958,66470000083,66470245041,244958
5869,58700246791,66480000083,66480246875,246792
5870,58710246291,66490000083,66490246375,246292
5871,58720246958,66500000083,66500247041,246958
5872,58730245875,66510000083,66510245958,245875
5873,58740244791,66520000083,66520244875,244792
5874,58750246041,66530000083,66530246125,246042
5875,58760246125,66540000083,66540246208,246125
5876,58770246208,66550000083,66550246291,246208
5877,58780244541,66560000083,66560244625,244542
5878,58790246375,66570000083,66570246458,246375
5879,58800248208,66580000083,66580248291,248208
5880,58810249166,66590000083,66590249250,249167
5881,58820250416,66600000083,66600250500,250417
5882,58830250791,66610000083,66610250875,250792
5883,58840250000,66620000083,66620250083,250000
5884,58850252708,66630000083,66630252791,252708
5885,58860445000,66640000083,66640445083,445000
5886,58870317333,66650000083,66650317416,317333
5887,58880242750,66660000083,66660242833,242750
5888,58890246625,66670000083,66670246708,246625
5889,58900246708,66680000083,66680246791,246708
5890,58910245625,66690000083,66690245708,245625
5891,58920250666,66700000083,66700250750,250667
5892,58930245500,66710000083,66710245583,245500
5893,58940245291,66720000083,66720245375,245292
5894,58950246250,66730000083,66730246333,246250
5895,58960246916,66740000083,66740247000,246917
5896,58970245541,66750000083,66750245625,245542
5897,58980246208,66760000083,66760246291,246208
5898,58990245708,66770000083,66770245791,245708
5899,59000246083,66780000083,66780246166,246083
5900,59010245875,66790000083,66790245958,245875
5901,59020246833,66800000083,66800246916,246833
5902,59030247208,66810000083,66810247291,247208
5903,59040246416,66820000083,66820246500,246417
5904,59050245916,66830000083,66830246000,245917
5905,59060248625,66840000083,66840248708,248625
5906,59070249875,66850000083,66850249958,249875
5907,59080250833,66860000083,66860250916,250833
5908,59090253250,66870000083,66870253333,253250
5909,59100250416,66880000083,66880250500,250417
5910,59110545083,66890000083,66890545166,545083
5911,59120245041,66900000083,66900245125,245042
5912,59130246000,66910000083,66910246083,246000
5913,59140246083,66920000083,66920246166,246083
5914,59150248791,66930000083,66930248875,248792
5915,59160245666,66940000083,66940245750,245667
5916,59170245166,66950000083,66950245250,245167
5917,59180251958,66960000083,66960252041,251958
5918,59190245916,66970000083,66970246000,245917
5919,59200246000,66980000083,66980246083,246000
5920,59210246083,66990000083,66990246166,246083
5921,59220246750,67000000083,67000246833,246750
5922,59230245666,67010000083,67010245750,245667
5923,59240253041,67020000083,67020253125,253042
5924,59250246125,67030000083,67030246208,246125
5925,59260247375,67040000083,67040247458,247375
5926,59270245125,67050000083,67050245208,245125
5927,59280248708,67060000083,67060248791,248708
5928,59290245291,67070000083,67070245375,245292
5929,59300249458,67080000083,67080249541,249458
5930,59310253041,67090000083,67090253125,253042
5931,59320251083,67100000083,67100251166,251083
5932,59330249708,67110000083,67110249791,249708
5933,59340249791,67120000083,67120249875,249792
5934,59350641583,67130000083,67130641666,641583
5935,59360244416,67140000083,67140244500,244417
5936,59370245666,67150000083,67150245750,245667
5937,59380247500,67160000083,67160247583,247500
5938,59390243208,67170000083,67170243291,243208
5939,59400249416,67180000083,67180249500,249417
5940,59410254166,67190000083,67190254250,254167
5941,59420245500,67200000083,67200245583,245500
5942,59430245875,67210000083,67210245958,245875
5943,59440245958,67220000083,67220246041,245958
5944,59450247500,67230000083,67230247583,247500
5945,59460245541,67240000083,67240245625,245542
5946,59470246500,67250000083,67250246583,246500
5947,59480248916,67260000083,67260249000,248917
5948,59490246083,67270000083,67270246166,246083
5949,59500245875,67280000083,67280245958,245875
5950,59510245958,67290000083,67290246041,245958
5951,59520245458,67300000083,67300245541,245458
5952,59530246416,67310000083,67310246500,246417
5953,59540247666,67320000083,67320247750,247667
5954,59550249500,67330000083,67330249583,249500
5955,59560247833,67340000083,67340247916,247833
5956,59570249958,67350000083,67350250041,249958
5957,59580249750,67360000083,67360249833,249750
5958,59590249833,67370000083,67370249916,249833
5959,59600248166,67380000083,67380248250,248167
5960,59610400208,67390000083,67390400291,400208
5961,59620248916,67400000083,67400249000,248917
5962,59630247250,67410000083,67410247333,247250
5963,59640245875,67420000083,67420245958,245875
5964,59650246250,67430000083,67430246333,246250
5965,59660246041,67440000083,67440246125,246042
5966,59670246125,67450000083,67450246208,246125
5967,59680248833,67460000083,67460248916,248833
5968,59690245416,67470000083,67470245500,245417
5969,59700245791,67480000083,67480245875,245792
5970,59710247333,67490000083,67490247416,247333
5971,59720243333,67500000083,67500243416,243333
5972,59730247208,67510000083,67510247291,247208
5973,59740245541,67520000083,67520245625,245542
5974,59750247958,67530000083,67530248041,247958
5975,59760243666,67540000083,67540243750,243667
5976,59770246958,67550000083,67550247041,246958
5977,59780245291,67560000083,67560245375,245292
5978,59790246541,67570000083,67570246625,246542
5979,59800248083,67580000083,67580248166,248083
5980,59810248750,67590000083,67590248833,248750
5981,59820248250,67600000083,67600248333,248250
5982,59830249791,67610000083,67610249875,249792
5983,59840249000,67620000083,67620249083,249000
5984,59850477458,67630000083,67630477541,477458
5985,59860317708,67640000083,67640317791,317708
5986,59870245458,67650000083,67650245541,245458
5987,59880245250,67660000083,67660245333,245250
5988,59890246208,67670000083,67670246291,246208
5989,59900246583,67680000083,67680246666,246583
5990,59910246958,67690000083,67690247041,246958
5991,59920256666,67700000083,67700256750,256667
5992,59930245666,67710000083,67710245750,245667
5993,59940248666,67720000083,67720248750,248667
5994,59950247291,67730000083,67730247375,247292
5995,59960245041,67740000083,67740245125,245042
5996,59970243375,67750000083,67750243458,243375
5997,59980242875,67760000083,67760242958,242875
5998,59990242958,67770000083,67770243041,242958
5999,60000243625,67780000083,67780243708,243625
